phylum,class,order,family,genus,species,jrk_template,Phylum,Class,Order,Family,COMMENT.on.genus,primary_lifestyle,Secondary_lifestyle,Comment_on_lifestyle_template,Endophytic_interaction_capability_template,Plant_pathogenic_capacity_template,Decay_substrate_template,Decay_type_template,Aquatic_habitat_template,Animal_biotrophic_capacity_template,Specific_hosts,Growth_form_template,Fruitbody_type_template,Hymenium_type_template,Ectomycorrhiza_exploration_type_template,Ectomycorrhiza_lineage_template,primary_photobiont,secondary_photobiont
Ascomycota,Leotiomycetes,Helotiales,Helotiales_fam_Incertae_sedis,Helotiales_gen_Incertae_sedis,Helotiales_sp;sh__SH0008540.10FU,NA,NA,NA,NA,NA,NA,NA,NA,NA,NA,NA,NA,NA,NA,NA,NA,NA,NA,NA,NA,NA,NA,NA
Basidiomycota,Agaricomycetes,Cantharellales,Hydnaceae,Sistotrema,Sistotrema_eximum;sh__SH0068094.10FU,jrk08105,Basidiomycota,Agaricomycetes,Cantharellales,Cantharellales family incertae sedis,,litter_saprotroph,,ectomycorrhizal_many_species,,,leaf/fruit/seed,,non-aquatic,,,filamentous_mycelium,corticioid,smooth,medium-distance_fringe,/cantharellus,,
Ascomycota,Dothideomycetes,Pleosporales,NA,NA,NA,NA,NA,NA,NA,NA,NA,NA,NA,NA,NA,NA,NA,NA,NA,NA,NA,NA,NA,NA,NA,NA,NA,NA
Basidiomycota,Agaricomycetes,Cantharellales,Cantharellales_fam_Incertae_sedis,Cantharellales_gen_Incertae_sedis,Cantharellales_sp;sh__SH0134626.10FU,NA,NA,NA,NA,NA,NA,NA,NA,NA,NA,NA,NA,NA,NA,NA,NA,NA,NA,NA,NA,NA,NA,NA
Ascomycota,Leotiomycetes,Helotiales,Helotiales_fam_Incertae_sedis,Helotiales_gen_Incertae_sedis,Helotiales_sp;sh__SH0008363.10FU,NA,NA,NA,NA,NA,NA,NA,NA,NA,NA,NA,NA,NA,NA,NA,NA,NA,NA,NA,NA,NA,NA,NA
Basidiomycota,Agaricomycetes,Sebacinales,Serendipitaceae,Serendipita,Serendipita_sp;sh__SH0003292.10FU,jrk08004,Basidiomycota,Agaricomycetes,Sebacinales,Serendipitaceae,,root_endophyte,soil_saprotroph,ectomycorrhizal_1%_species/ericoid_mycorrhizal_many_species/orchid_mycorrhizal,root_endophyte,,soil,,non-aquatic,,,filamentous_mycelium,none,none,,,,
Basidiomycota,Agaricomycetes,Agaricales,Entolomataceae,Entoloma,Entoloma_simulans;sh__SH0098289.10FU,jrk02963,Basidiomycota,Agaricomycetes,Agaricales,Entolomataceae,,soil_saprotroph,unspecified_symbiotroph,"CHEGD_symbiotrophs,ectomycorrhizal_ca_10%_of_species",root-associated,root-associated,"roots,soil",,non-aquatic,,,filamentous_mycelium,agaricoid,gills,medium-distance_smooth,/entoloma,,
Basidiomycota,Agaricomycetes,Trechisporales,Hydnodontaceae,Luellia,Luellia_recondita;sh__SH0175542.10FU,jrk04814,Basidiomycota,Agaricomycetes,Trechisporales,Hydnodontaceae,,wood_saprotroph,,,,,wood,white_rot,non-aquatic,,,filamentous_mycelium,corticioid,smooth,,,,
Ascomycota,Eurotiomycetes,Phaeomoniellales,Celotheliaceae,Aequabiliella,Aequabiliella_effusa;sh__SH0044636.10FU,jrk00142,Ascomycota,Eurotiomycetes,Phaeomoniellales,Celotheliaceae,,plant_pathogen,,,,leaf/fruit/seed_pathogen,,,non-aquatic,,,filamentous_mycelium,"perithecium_(hymenium_hidden,_narrow_opening)",,,,,
Ascomycota,Leotiomycetes,Helotiales,Helotiales_fam_Incertae_sedis,Helotiales_gen_Incertae_sedis,Helotiales_sp,NA,NA,NA,NA,NA,NA,NA,NA,NA,NA,NA,NA,NA,NA,NA,NA,NA,NA,NA,NA,NA,NA,NA
Basidiomycota,Agaricomycetes,Agaricales,Inocybaceae,Inocybe,Inocybe_castanea;sh__SH0063172.10FU,jrk04145,Basidiomycota,Agaricomycetes,Agaricales,Inocybaceae,,ectomycorrhizal,,,,,,,non-aquatic,,,filamentous_mycelium,agaricoid,gills,short-distance_delicate,/inocybe,,
Basidiomycota,Agaricomycetes,Agaricomycetes_ord_Incertae_sedis,Agaricomycetes_fam_Incertae_sedis,Agaricomycetes_gen_Incertae_sedis,Agaricomycetes_sp;sh__SH0031717.10FU,NA,NA,NA,NA,NA,NA,NA,NA,NA,NA,NA,NA,NA,NA,NA,NA,NA,NA,NA,NA,NA,NA,NA
Basidiomycota,Agaricomycetes,Thelephorales,Thelephoraceae,NA,NA,NA,NA,NA,NA,NA,NA,NA,NA,NA,NA,NA,NA,NA,NA,NA,NA,NA,NA,NA,NA,NA,NA,NA
Basidiomycota,Agaricomycetes,Russulales,Russulaceae,Russula,Russula_sp,jrk07726,Basidiomycota,Agaricomycetes,Russulales,Russulaceae,,ectomycorrhizal,,,,,,,non-aquatic,,,filamentous_mycelium,agaricoid,gills,contact,/russula-lactarius,,
Ascomycota,Dothideomycetes,Pleosporales,Amorosiaceae,Alfoldia,Alfoldia_vorosii;sh__SH0110020.10FU,jrk11031,Ascomycota,Dothideomycetes,Pleosporales,Amorosiaceae,,root_endophyte,,,root_endophyte,,,,non-aquatic,,Juniperus,filamentous_mycelium,"perithecium_(hymenium_hidden,_narrow_opening)",,,,,
Basidiomycota,Agaricomycetes,Agaricales,Clavariaceae,Clavulinopsis,Clavulinopsis_sp;sh__SH0142311.10FU,jrk01853,Basidiomycota,Agaricomycetes,Agaricales,Clavariaceae,,soil_saprotroph,unspecified_symbiotroph,CHEGD_symbiotrophs,root-associated,root-associated,"roots,soil",,non-aquatic,,,filamentous_mycelium,clavarioid,smooth,,,,
Ascomycota,Saccharomycetes,Saccharomycetales,Phaffomycetaceae,Wickerhamomyces,Wickerhamomyces_anomalus;sh__SH0123087.10FU,jrk09951,Ascomycota,Saccharomycetes,Saccharomycetales,Phaffomycetaceae,,litter_saprotroph,nectar/tap_saprotroph,,,,"leaf/fruit/seed,sugar-rich_substrates",,partly_marine_(partly_non-aquatic),opportunistic_human_parasite,,yeast,none,none,,,,
NA,NA,NA,NA,NA,NA,NA,NA,NA,NA,NA,NA,NA,NA,NA,NA,NA,NA,NA,NA,NA,NA,NA,NA,NA,NA,NA,NA,NA
Ascomycota,Lecanoromycetes,Lecanoromycetes_ord_Incertae_sedis,Micropeltidaceae,Micropeltidaceae_gen_Incertae_sedis,Micropeltidaceae_sp;sh__SH0055531.10FU,NA,NA,NA,NA,NA,NA,NA,NA,NA,NA,NA,NA,NA,NA,NA,NA,NA,NA,NA,NA,NA,NA,NA
Ascomycota,Leotiomycetes,NA,NA,NA,NA,NA,NA,NA,NA,NA,NA,NA,NA,NA,NA,NA,NA,NA,NA,NA,NA,NA,NA,NA,NA,NA,NA,NA
Basidiomycota,Tremellomycetes,Tremellales,Trimorphomycetaceae,Saitozyma,Saitozyma_sp;sh__SH0193239.10FU,jrk07761,Basidiomycota,Tremellomycetes,Tremellales,Trimorphomycetaceae,,soil_saprotroph,,,,,soil,,partly_aquatic,,,yeast,none,none,,,,
Ascomycota,Lecanoromycetes,Lecanoromycetes_ord_Incertae_sedis,Micropeltidaceae,Micropeltidaceae_gen_Incertae_sedis,Micropeltidaceae_sp;sh__SH0004432.10FU,NA,NA,NA,NA,NA,NA,NA,NA,NA,NA,NA,NA,NA,NA,NA,NA,NA,NA,NA,NA,NA,NA,NA
Mortierellomycota,Mortierellomycetes,Mortierellales,Mortierellaceae,Podila,Podila_humilis;sh__SH0097986.10FU,NA,NA,NA,NA,NA,NA,NA,NA,NA,NA,NA,NA,NA,NA,NA,NA,NA,NA,NA,NA,NA,NA,NA
Ascomycota,Leotiomycetes,Helotiales,NA,NA,NA,NA,NA,NA,NA,NA,NA,NA,NA,NA,NA,NA,NA,NA,NA,NA,NA,NA,NA,NA,NA,NA,NA,NA
Ascomycota,Leotiomycetes,Helotiales,Helotiales_fam_Incertae_sedis,Helotiales_gen_Incertae_sedis,Helotiales_sp,NA,NA,NA,NA,NA,NA,NA,NA,NA,NA,NA,NA,NA,NA,NA,NA,NA,NA,NA,NA,NA,NA,NA
Basidiomycota,Agaricomycetes,Boletales,Rhizopogonaceae,Rhizopogon,Rhizopogon_luteolus;sh__SH0154658.10FU,jrk09605,Basidiomycota,Agaricomycetes,Boletales,Rhizopogonaceae,,ectomycorrhizal,,,,,,,non-aquatic,,Pinaceae,filamentous_mycelium,gasteroid,closed,long-distance,/suillus-rhizopogon,,
Ascomycota,Leotiomycetes,Helotiales,Helotiales_fam_Incertae_sedis,Helotiales_gen_Incertae_sedis,Helotiales_sp;sh__SH0008381.10FU,NA,NA,NA,NA,NA,NA,NA,NA,NA,NA,NA,NA,NA,NA,NA,NA,NA,NA,NA,NA,NA,NA,NA
Ascomycota,Leotiomycetes,NA,NA,NA,NA,NA,NA,NA,NA,NA,NA,NA,NA,NA,NA,NA,NA,NA,NA,NA,NA,NA,NA,NA,NA,NA,NA,NA
Ascomycota,Leotiomycetes,Helotiales,Helotiales_fam_Incertae_sedis,Helotiales_gen_Incertae_sedis,Helotiales_sp;sh__SH0013028.10FU,NA,NA,NA,NA,NA,NA,NA,NA,NA,NA,NA,NA,NA,NA,NA,NA,NA,NA,NA,NA,NA,NA,NA
Ascomycota,Eurotiomycetes,Eurotiales,Elaphomycetaceae,Elaphomyces,Elaphomyces_sp;sh__SH0167694.10FU,jrk02855,Ascomycota,Eurotiomycetes,Eurotiales,Elaphomycetaceae,,ectomycorrhizal,,,,,,,non-aquatic,,,filamentous_mycelium,gasteroid-hypogeous,closed,short-distance_delicate,/elaphomyces,,
Ascomycota,Geoglossomycetes,Geoglossales,Geoglossaceae,Geoglossum,Geoglossum_fallax;sh__SH0105393.10FU,jrk03376,Ascomycota,Geoglossomycetes,Geoglossales,Geoglossaceae,,soil_saprotroph,unspecified_symbiotroph,CHEGD_symbiotrophs,root-associated,root-associated,"roots,soil",,non-aquatic,,,filamentous_mycelium,clavarioid,smooth,,,,
Ascomycota,Dothideomycetes,Venturiales,Sympoventuriaceae,Sympoventuriaceae_gen_Incertae_sedis,Sympoventuriaceae_sp;sh__SH0014334.10FU,NA,NA,NA,NA,NA,NA,NA,NA,NA,NA,NA,NA,NA,NA,NA,NA,NA,NA,NA,NA,NA,NA,NA
Ascomycota,Archaeorhizomycetes,Archaeorhizomycetales,Archaeorhizomycetaceae,Archaeorhizomyces,Archaeorhizomyces_sp;sh__SH0093813.10FU,jrk00567,Ascomycota,Archaeorhizomycetes,Archaeorhizomycetales,Archaeorhizomycetaceae,,soil_saprotroph,root-associated,,root-associated,root-associated,"roots,soil",,non-aquatic,,,filamentous_mycelium,none,none,,,,
Basidiomycota,Agaricomycetes,Sebacinales,Sebacinales_fam_Incertae_sedis,Sebacinales_gen_Incertae_sedis,Sebacinales_sp,NA,NA,NA,NA,NA,NA,NA,NA,NA,NA,NA,NA,NA,NA,NA,NA,NA,NA,NA,NA,NA,NA,NA
Basidiomycota,Microbotryomycetes,Sporidiobolales,Sporidiobolales_fam_Incertae_sedis,Sporidiobolales_gen_Incertae_sedis,Sporidiobolales_sp;sh__SH0182745.10FU,NA,NA,NA,NA,NA,NA,NA,NA,NA,NA,NA,NA,NA,NA,NA,NA,NA,NA,NA,NA,NA,NA,NA
Basidiomycota,Agaricomycetes,Agaricales,Clavariaceae,Camarophyllopsis,Camarophyllopsis_deceptiva;sh__SH0162554.10FU,jrk01362,Basidiomycota,Agaricomycetes,Agaricales,Clavariaceae,,soil_saprotroph,unspecified_symbiotroph,CHEGD_symbiotrophs,root-associated,root-associated,"roots,soil",,non-aquatic,,,filamentous_mycelium,agaricoid,gills,,,,
Ascomycota,Leotiomycetes,Helotiales,Helotiales_fam_Incertae_sedis,Helotiales_gen_Incertae_sedis,Helotiales_sp;sh__SH0110652.10FU,NA,NA,NA,NA,NA,NA,NA,NA,NA,NA,NA,NA,NA,NA,NA,NA,NA,NA,NA,NA,NA,NA,NA
Ascomycota,Leotiomycetes,Helotiales,Hyaloscyphaceae,Hyaloscyphaceae_gen_Incertae_sedis,Hyaloscyphaceae_sp;sh__SH0110625.10FU,NA,NA,NA,NA,NA,NA,NA,NA,NA,NA,NA,NA,NA,NA,NA,NA,NA,NA,NA,NA,NA,NA,NA
Ascomycota,Pezizomycotina_cls_Incertae_sedis,Pezizomycotina_ord_Incertae_sedis,Pezizomycotina_fam_Incertae_sedis,Pezizomycotina_gen_Incertae_sedis,Pezizomycotina_sp,NA,NA,NA,NA,NA,NA,NA,NA,NA,NA,NA,NA,NA,NA,NA,NA,NA,NA,NA,NA,NA,NA,NA
Ascomycota,Sordariomycetes,Hypocreales,Clavicipitaceae,NA,NA,NA,NA,NA,NA,NA,NA,NA,NA,NA,NA,NA,NA,NA,NA,NA,NA,NA,NA,NA,NA,NA,NA,NA
Ascomycota,Leotiomycetes,Helotiales,Arachnopezizaceae,Arachnopeziza,Arachnopeziza_sp;sh__SH0195362.10FU,jrk00556,Ascomycota,Leotiomycetes,Helotiales,Arachnopezizaceae,,wood_saprotroph,,,,,wood,,non-aquatic,,,filamentous_mycelium,apothecium_(hymenium_on_surface),smooth,,,,
Ascomycota,Orbiliomycetes,Orbiliales,Orbiliales_fam_Incertae_sedis,Orbiliales_gen_Incertae_sedis,Orbiliales_sp,NA,NA,NA,NA,NA,NA,NA,NA,NA,NA,NA,NA,NA,NA,NA,NA,NA,NA,NA,NA,NA,NA,NA
Basidiomycota,Agaricomycetes,Agaricales,Agaricales_fam_Incertae_sedis,Agaricales_gen_Incertae_sedis,Agaricales_sp;sh__SH0020998.10FU,NA,NA,NA,NA,NA,NA,NA,NA,NA,NA,NA,NA,NA,NA,NA,NA,NA,NA,NA,NA,NA,NA,NA
Basidiomycota,Agaricomycetes,Thelephorales,Thelephoraceae,Tomentella,Tomentella_sp;sh__SH0127217.10FU,jrk08875,Basidiomycota,Agaricomycetes,Thelephorales,Thelephoraceae,,ectomycorrhizal,,,,,,,non-aquatic,,,filamentous_mycelium,corticioid,smooth,medium-distance_smooth,/tomentella-thelephora,,
Ascomycota,Dothideomycetes,Mycosphaerellales,Teratosphaeriaceae,Devriesia,Devriesia_acadiensis;sh__SH0072075.10FU,jrk02515,Ascomycota,Dothideomycetes,Capnodiales,Teratosphaeriaceae,,plant_pathogen,litter_saprotroph,,,leaf/fruit/seed_pathogen,leaf/fruit/seed,,non-aquatic,,,filamentous_mycelium,"perithecium_(hymenium_hidden,_narrow_opening)",closed,,,,
Ascomycota,Leotiomycetes,Helotiales,Hyaloscyphaceae,Hyaloscyphaceae_gen_Incertae_sedis,Hyaloscyphaceae_sp;sh__SH0110643.10FU,NA,NA,NA,NA,NA,NA,NA,NA,NA,NA,NA,NA,NA,NA,NA,NA,NA,NA,NA,NA,NA,NA,NA
Basidiomycota,Agaricomycetes,Thelephorales,Thelephoraceae,Tomentella,Tomentella_sp;sh__SH0126073.10FU,jrk08875,Basidiomycota,Agaricomycetes,Thelephorales,Thelephoraceae,,ectomycorrhizal,,,,,,,non-aquatic,,,filamentous_mycelium,corticioid,smooth,medium-distance_smooth,/tomentella-thelephora,,
Chytridiomycota,Rhizophydiomycetes,Rhizophydiales,Rhizophydiales_fam_Incertae_sedis,Rhizophydiales_gen_Incertae_sedis,Rhizophydiales_sp;sh__SH0082493.10FU,NA,NA,NA,NA,NA,NA,NA,NA,NA,NA,NA,NA,NA,NA,NA,NA,NA,NA,NA,NA,NA,NA,NA
Fungi_phy_Incertae_sedis,Fungi_cls_Incertae_sedis,Fungi_ord_Incertae_sedis,Fungi_fam_Incertae_sedis,Fungi_gen_Incertae_sedis,Fungi_sp;sh__SH0183870.10FU,NA,NA,NA,NA,NA,NA,NA,NA,NA,NA,NA,NA,NA,NA,NA,NA,NA,NA,NA,NA,NA,NA,NA
Ascomycota,Saccharomycetes,Saccharomycetales,Saccharomycetales_fam_Incertae_sedis,Saccharomycetales_gen_Incertae_sedis,Saccharomycetales_sp;sh__SH0159921.10FU,NA,NA,NA,NA,NA,NA,NA,NA,NA,NA,NA,NA,NA,NA,NA,NA,NA,NA,NA,NA,NA,NA,NA
Ascomycota,Leotiomycetes,Helotiales,Helotiales_fam_Incertae_sedis,NA,NA,NA,NA,NA,NA,NA,NA,NA,NA,NA,NA,NA,NA,NA,NA,NA,NA,NA,NA,NA,NA,NA,NA,NA
Basidiomycota,Agaricomycetes,Agaricales,Entolomataceae,Entoloma,Entoloma_henricii;sh__SH0004955.10FU,jrk02963,Basidiomycota,Agaricomycetes,Agaricales,Entolomataceae,,soil_saprotroph,unspecified_symbiotroph,"CHEGD_symbiotrophs,ectomycorrhizal_ca_10%_of_species",root-associated,root-associated,"roots,soil",,non-aquatic,,,filamentous_mycelium,agaricoid,gills,medium-distance_smooth,/entoloma,,
Basidiomycota,Exobasidiomycetes,Entylomatales,Entylomatales_fam_Incertae_sedis,Entylomatales_gen_Incertae_sedis,Entylomatales_sp;sh__SH0193383.10FU,NA,NA,NA,NA,NA,NA,NA,NA,NA,NA,NA,NA,NA,NA,NA,NA,NA,NA,NA,NA,NA,NA,NA
Basidiomycota,Agaricomycetes,Cantharellales,Botryobasidiaceae,Botryobasidium,Botryobasidium_subcoronatum;sh__SH0082013.10FU,jrk01120,Basidiomycota,Agaricomycetes,Cantharellales,Botryobasidiaceae,,wood_saprotroph,,,,,wood,white_rot,non-aquatic,,,filamentous_mycelium,corticioid,smooth,,,,
Basidiomycota,Agaricomycetes,NA,NA,NA,NA,NA,NA,NA,NA,NA,NA,NA,NA,NA,NA,NA,NA,NA,NA,NA,NA,NA,NA,NA,NA,NA,NA,NA
Ascomycota,Leotiomycetes,Helotiales,Helotiales_fam_Incertae_sedis,Helotiales_gen_Incertae_sedis,Helotiales_sp;sh__SH0147113.10FU,NA,NA,NA,NA,NA,NA,NA,NA,NA,NA,NA,NA,NA,NA,NA,NA,NA,NA,NA,NA,NA,NA,NA
Ascomycota,Leotiomycetes,Helotiales,Helotiales_fam_Incertae_sedis,Helotiales_gen_Incertae_sedis,Helotiales_sp,NA,NA,NA,NA,NA,NA,NA,NA,NA,NA,NA,NA,NA,NA,NA,NA,NA,NA,NA,NA,NA,NA,NA
Basidiomycota,Agaricomycetes,Agaricales,Cortinariaceae,Cortinarius,Cortinarius_subtortus;sh__SH0192474.10FU,jrk02100,Basidiomycota,Agaricomycetes,Agaricales,Cortinariaceae,,ectomycorrhizal,,,,,,,non-aquatic,,,filamentous_mycelium,agaricoid,gills,medium-distance_fringe,/cortinarius,,
Ascomycota,Dothideomycetes,Venturiales,Sympoventuriaceae,Pseudosigmoidea,Pseudosigmoidea_excentrica;sh__SH0009649.10FU,jrk07205,Ascomycota,Dothideomycetes,Venturiales,Sympoventuriaceae,,soil_saprotroph,root_endophyte_dark_septate,,root_endophyte_dark_septate,,soil,,non-aquatic,,,filamentous_mycelium,"perithecium_(hymenium_hidden,_narrow_opening)",closed,,,,
Ascomycota,NA,NA,NA,NA,NA,NA,NA,NA,NA,NA,NA,NA,NA,NA,NA,NA,NA,NA,NA,NA,NA,NA,NA,NA,NA,NA,NA,NA
Ascomycota,Dothideomycetes,Mycosphaerellales,Mycosphaerellales_fam_Incertae_sedis,Mycosphaerellales_gen_Incertae_sedis,Mycosphaerellales_sp;sh__SH0072092.10FU,NA,NA,NA,NA,NA,NA,NA,NA,NA,NA,NA,NA,NA,NA,NA,NA,NA,NA,NA,NA,NA,NA,NA
Basidiomycota,Agaricomycetes,Cantharellales,Hydnaceae,Sistotrema,Sistotrema_sp;sh__SH0076531.10FU,jrk08105,Basidiomycota,Agaricomycetes,Cantharellales,Cantharellales family incertae sedis,,litter_saprotroph,,ectomycorrhizal_many_species,,,leaf/fruit/seed,,non-aquatic,,,filamentous_mycelium,corticioid,smooth,medium-distance_fringe,/cantharellus,,
Chytridiomycota,Chytridiomycota_cls_Incertae_sedis,Chytridiomycota_ord_Incertae_sedis,Chytridiomycota_fam_Incertae_sedis,Chytridiomycota_gen_Incertae_sedis,Chytridiomycota_sp;sh__SH0193714.10FU,NA,NA,NA,NA,NA,NA,NA,NA,NA,NA,NA,NA,NA,NA,NA,NA,NA,NA,NA,NA,NA,NA,NA
Basidiomycota,Agaricomycetes,Agaricales,Clavariaceae,Hodophilus,Hodophilus_hymenocephalus;sh__SH0158353.10FU,jrk03888,Basidiomycota,Agaricomycetes,Agaricales,Clavariaceae,,soil_saprotroph,unspecified_symbiotroph,CHEGD_symbiotrophs,root-associated,root-associated,"roots,soil",,non-aquatic,,,filamentous_mycelium,agaricoid,gills,,,,
NA,NA,NA,NA,NA,NA,NA,NA,NA,NA,NA,NA,NA,NA,NA,NA,NA,NA,NA,NA,NA,NA,NA,NA,NA,NA,NA,NA,NA
Ascomycota,Eurotiomycetes,Chaetothyriales,Chaetothyriales_fam_Incertae_sedis,Chaetothyriales_gen_Incertae_sedis,Chaetothyriales_sp;sh__SH0062378.10FU,NA,NA,NA,NA,NA,NA,NA,NA,NA,NA,NA,NA,NA,NA,NA,NA,NA,NA,NA,NA,NA,NA,NA
Basidiomycota,Agaricomycetes,Russulales,Russulaceae,Russula,Russula_vesca;sh__SH0010147.10FU,jrk07726,Basidiomycota,Agaricomycetes,Russulales,Russulaceae,,ectomycorrhizal,,,,,,,non-aquatic,,,filamentous_mycelium,agaricoid,gills,contact,/russula-lactarius,,
Basidiomycota,Tremellomycetes,Tremellomycetes_ord_Incertae_sedis,Tremellomycetes_fam_Incertae_sedis,Tremellomycetes_gen_Incertae_sedis,Tremellomycetes_sp;sh__SH0124005.10FU,NA,NA,NA,NA,NA,NA,NA,NA,NA,NA,NA,NA,NA,NA,NA,NA,NA,NA,NA,NA,NA,NA,NA
Ascomycota,Dothideomycetes,Cladosporiales,Cladosporiaceae,Cladosporiaceae_gen_Incertae_sedis,Cladosporiaceae_sp;sh__SH0156005.10FU,NA,NA,NA,NA,NA,NA,NA,NA,NA,NA,NA,NA,NA,NA,NA,NA,NA,NA,NA,NA,NA,NA,NA
Ascomycota,Leotiomycetes,Helotiales,Helotiales_fam_Incertae_sedis,NA,NA,NA,NA,NA,NA,NA,NA,NA,NA,NA,NA,NA,NA,NA,NA,NA,NA,NA,NA,NA,NA,NA,NA,NA
Basidiomycota,Agaricomycetes,Agaricales,NA,NA,NA,NA,NA,NA,NA,NA,NA,NA,NA,NA,NA,NA,NA,NA,NA,NA,NA,NA,NA,NA,NA,NA,NA,NA
Ascomycota,Dothideomycetes,Pleosporales,Sporormiaceae,Preussia,Preussia_flanaganii;sh__SH0037745.10FU,jrk06927,Ascomycota,Dothideomycetes,Pleosporales,Sporormiaceae,,dung_saprotroph,,,,,dung,,partly_aquatic,,,filamentous_mycelium,"cleistothecium_(closed,_spherical)",closed,,,,
Ascomycota,Ascomycota_cls_Incertae_sedis,Ascomycota_ord_Incertae_sedis,Ascomycota_fam_Incertae_sedis,Ascomycota_gen_Incertae_sedis,Ascomycota_sp,NA,NA,NA,NA,NA,NA,NA,NA,NA,NA,NA,NA,NA,NA,NA,NA,NA,NA,NA,NA,NA,NA,NA
Ascomycota,Sordariomycetes,Hypocreales,Ophiocordycipitaceae,Tolypocladium,Tolypocladium_album;sh__SH0075912.10FU,jrk08871,Ascomycota,Sordariomycetes,Hypocreales,Ophiocordycipitaceae,,animal_parasite,foliar_endophyte,"mycoparasite_many_species,toxin-producing",foliar_endophyte,,animal_material,,non-aquatic,animal_parasite,,filamentous_mycelium,"perithecium_(hymenium_hidden,_narrow_opening)",closed,,,,
NA,NA,NA,NA,NA,NA,NA,NA,NA,NA,NA,NA,NA,NA,NA,NA,NA,NA,NA,NA,NA,NA,NA,NA,NA,NA,NA,NA,NA
Basidiomycota,Agaricomycetes,Polyporales,Sparassidaceae,Sparassis,Sparassis_latifolia;sh__SH0183360.10FU,jrk08161,Basidiomycota,Agaricomycetes,Polyporales,Sparassidaceae,,plant_pathogen,wood_saprotroph,,,wood_pathogen,wood,brown_rot,non-aquatic,,,filamentous_mycelium,other,smooth,,,,
Basidiomycota,Agaricomycetes,Agaricales,Clavariaceae,Clavaria,Clavaria_falcata;sh__SH0006142.10FU,jrk01836,Basidiomycota,Agaricomycetes,Agaricales,Clavariaceae,,soil_saprotroph,unspecified_symbiotroph,CHEGD_symbiotrophs,root-associated,root-associated,"roots,soil",,non-aquatic,,,filamentous_mycelium,clavarioid,smooth,,,,
Basidiomycota,Basidiomycota_cls_Incertae_sedis,Basidiomycota_ord_Incertae_sedis,Basidiomycota_fam_Incertae_sedis,Basidiomycota_gen_Incertae_sedis,Basidiomycota_sp;sh__SH0182852.10FU,NA,NA,NA,NA,NA,NA,NA,NA,NA,NA,NA,NA,NA,NA,NA,NA,NA,NA,NA,NA,NA,NA,NA
Ascomycota,Leotiomycetes,NA,NA,NA,NA,NA,NA,NA,NA,NA,NA,NA,NA,NA,NA,NA,NA,NA,NA,NA,NA,NA,NA,NA,NA,NA,NA,NA
Ascomycota,Eurotiomycetes,Chaetothyriales,Herpotrichiellaceae,Herpotrichiellaceae_gen_Incertae_sedis,Herpotrichiellaceae_sp;sh__SH0062288.10FU,NA,NA,NA,NA,NA,NA,NA,NA,NA,NA,NA,NA,NA,NA,NA,NA,NA,NA,NA,NA,NA,NA,NA
Basidiomycota,Agaricomycetes,Boletales,Paxillaceae,Paxillus,Paxillus_involutus;sh__SH0173693.10FU,jrk06253,Basidiomycota,Agaricomycetes,Boletales,Paxillaceae,,ectomycorrhizal,,,,,,,non-aquatic,,,filamentous_mycelium,agaricoid,gills,long-distance,/paxillus-gyrodon,,
Basidiomycota,Agaricomycetes,Agaricales,Hymenogastraceae,Galerina,Galerina_sp;sh__SH0176595.10FU,jrk03314,Basidiomycota,Agaricomycetes,Agaricales,Hymenogastraceae,,wood_saprotroph,litter_saprotroph,,,leaf/fruit/seed_pathogen,"wood,leaf/fruit/seed",,non-aquatic,,,filamentous_mycelium,agaricoid,gills,,,,
Basidiomycota,Agaricomycetes,Hymenochaetales,Hymenochaetaceae,Coltricia,Coltricia_cinnamomea;sh__SH0148771.10FU,jrk01972,Basidiomycota,Agaricomycetes,Hymenochaetales,Hymenochaetaceae,,ectomycorrhizal,,,,,,,non-aquatic,,,filamentous_mycelium,polyporoid,poroid,short-distance_coarse,/coltricia,,
Basidiomycota,Tremellomycetes,Trichosporonales,Trichosporonaceae,Apiotrichum,Apiotrichum_dehoogii;sh__SH0081473.10FU,jrk00502,Basidiomycota,Tremellomycetes,Trichosporonales,Trichosporonaceae,,soil_saprotroph,,,,,soil,,partly_aquatic,,,yeast,none,none,,,,
Ascomycota,Dothideomycetes,Mycosphaerellales,Mycosphaerellaceae,NA,NA,NA,NA,NA,NA,NA,NA,NA,NA,NA,NA,NA,NA,NA,NA,NA,NA,NA,NA,NA,NA,NA,NA,NA
Basidiomycota,Agaricomycetes,Agaricales,Clavariaceae,Clavaria,NA,jrk01836,Basidiomycota,Agaricomycetes,Agaricales,Clavariaceae,,soil_saprotroph,unspecified_symbiotroph,CHEGD_symbiotrophs,root-associated,root-associated,"roots,soil",,non-aquatic,,,filamentous_mycelium,clavarioid,smooth,,,,
Ascomycota,Ascomycota_cls_Incertae_sedis,Ascomycota_ord_Incertae_sedis,Ascomycota_fam_Incertae_sedis,Ascomycota_gen_Incertae_sedis,Ascomycota_sp;sh__SH0084929.10FU,NA,NA,NA,NA,NA,NA,NA,NA,NA,NA,NA,NA,NA,NA,NA,NA,NA,NA,NA,NA,NA,NA,NA
Ascomycota,Leotiomycetes,Helotiales,NA,NA,NA,NA,NA,NA,NA,NA,NA,NA,NA,NA,NA,NA,NA,NA,NA,NA,NA,NA,NA,NA,NA,NA,NA,NA
Basidiomycota,Agaricomycetes,Sebacinales,Serendipitaceae,Serendipitaceae_gen_Incertae_sedis,Serendipitaceae_sp;sh__SH0041398.10FU,NA,NA,NA,NA,NA,NA,NA,NA,NA,NA,NA,NA,NA,NA,NA,NA,NA,NA,NA,NA,NA,NA,NA
Basidiomycota,Agaricomycetes,Agaricales,Psathyrellaceae,Homophron,Homophron_cernuum;sh__SH0079473.10FU,jrk03904,Basidiomycota,Agaricomycetes,Agaricales,Psathyrellaceae,,wood_saprotroph,,,,,wood,,non-aquatic,,,filamentous_mycelium,agaricoid,gills,,,,
Basidiomycota,Agaricomycetes,Agaricales,Clavariaceae,Clavariaceae_gen_Incertae_sedis,Clavariaceae_sp;sh__SH0142324.10FU,NA,NA,NA,NA,NA,NA,NA,NA,NA,NA,NA,NA,NA,NA,NA,NA,NA,NA,NA,NA,NA,NA,NA
Basidiomycota,Agaricomycetes,Agaricales,Mycenaceae,Mycena,Mycena_sp,jrk05357,Basidiomycota,Agaricomycetes,Agaricales,Mycenaceae,,litter_saprotroph,root-associated,wood_saprotroph_many_species,root-associated,leaf/fruit/seed_pathogen,leaf/fruit/seed,,non-aquatic,,,filamentous_mycelium,agaricoid,gills,,,,
Basidiomycota,Malasseziomycetes,Malasseziales,Malasseziaceae,Malassezia,Malassezia_restricta;sh__SH0179873.10FU,jrk09900,Basidiomycota,Malasseziomycetes,Malasseziales,Malasseziaceae,,soil_saprotroph,root-associated,,root-associated,root-associated,"roots,soil",,partly_aquatic,animal-associated/opportunistic_human_parasite,,yeast,none,none,,,,
Basidiomycota,Agaricomycetes,Agaricales,Entolomataceae,Entoloma,Entoloma_atrocoeruleum;sh__SH0160614.10FU,jrk02963,Basidiomycota,Agaricomycetes,Agaricales,Entolomataceae,,soil_saprotroph,unspecified_symbiotroph,"CHEGD_symbiotrophs,ectomycorrhizal_ca_10%_of_species",root-associated,root-associated,"roots,soil",,non-aquatic,,,filamentous_mycelium,agaricoid,gills,medium-distance_smooth,/entoloma,,
Basidiomycota,Agaricomycetes,Agaricales,NA,NA,NA,NA,NA,NA,NA,NA,NA,NA,NA,NA,NA,NA,NA,NA,NA,NA,NA,NA,NA,NA,NA,NA,NA,NA
Ascomycota,NA,NA,NA,NA,NA,NA,NA,NA,NA,NA,NA,NA,NA,NA,NA,NA,NA,NA,NA,NA,NA,NA,NA,NA,NA,NA,NA,NA
Basidiomycota,Agaricomycetes,Cantharellales,Hydnaceae,Sistotrema,Sistotrema_oblongisporum;sh__SH0068100.10FU,jrk08105,Basidiomycota,Agaricomycetes,Cantharellales,Cantharellales family incertae sedis,,litter_saprotroph,,ectomycorrhizal_many_species,,,leaf/fruit/seed,,non-aquatic,,,filamentous_mycelium,corticioid,smooth,medium-distance_fringe,/cantharellus,,
Basidiomycota,Agaricomycetes,Agaricales,Clavariaceae,Clavaria,Clavaria_sp;sh__SH0005441.10FU,jrk01836,Basidiomycota,Agaricomycetes,Agaricales,Clavariaceae,,soil_saprotroph,unspecified_symbiotroph,CHEGD_symbiotrophs,root-associated,root-associated,"roots,soil",,non-aquatic,,,filamentous_mycelium,clavarioid,smooth,,,,
Ascomycota,Pezizomycotina_cls_Incertae_sedis,Pezizomycotina_ord_Incertae_sedis,Pezizomycotina_fam_Incertae_sedis,Amblyosporium,Amblyosporium_botrytis;sh__SH0003495.10FU,jrk00281,Ascomycota,Pezizomycetes,Pezizales,Pyronemataceae,,mycoparasite,fungal_decomposer,,,,fungal_material,,,,,filamentous_mycelium,none,,,,,
Basidiomycota,Agaricomycetes,Cantharellales,Clavulinaceae,Clavulinaceae_gen_Incertae_sedis,Clavulinaceae_sp;sh__SH0148096.10FU,NA,NA,NA,NA,NA,NA,NA,NA,NA,NA,NA,NA,NA,NA,NA,NA,NA,NA,NA,NA,NA,NA,NA
Mortierellomycota,Mortierellomycetes,Mortierellales,Mortierellaceae,Mortierella,Mortierella_sp;sh__SH0192877.10FU,jrk05302,Mortierellomycota,Mortierellomycetes,Mortierellales,Mortierellaceae,,soil_saprotroph,root-associated,,root-associated,root-associated,"roots,soil",chitinolytic,partly_aquatic,opportunistic_human_parasite,,filamentous_mycelium,none,none,,,,
Ascomycota,Leotiomycetes,Leotiomycetes_ord_Incertae_sedis,Leotiomycetes_fam_Incertae_sedis,Leotiomycetes_gen_Incertae_sedis,Leotiomycetes_sp;sh__SH0008372.10FU,NA,NA,NA,NA,NA,NA,NA,NA,NA,NA,NA,NA,NA,NA,NA,NA,NA,NA,NA,NA,NA,NA,NA
Ascomycota,Leotiomycetes,Helotiales,Hyaloscyphaceae,Hyaloscyphaceae_gen_Incertae_sedis,Hyaloscyphaceae_sp;sh__SH0110911.10FU,NA,NA,NA,NA,NA,NA,NA,NA,NA,NA,NA,NA,NA,NA,NA,NA,NA,NA,NA,NA,NA,NA,NA
Basidiomycota,Agaricomycetes,Russulales,Russulaceae,Russula,Russula_amethystina;sh__SH0152195.10FU,jrk07726,Basidiomycota,Agaricomycetes,Russulales,Russulaceae,,ectomycorrhizal,,,,,,,non-aquatic,,,filamentous_mycelium,agaricoid,gills,contact,/russula-lactarius,,
Mucoromycota,Umbelopsidomycetes,GS23,GS23_fam_Incertae_sedis,GS23_gen_Incertae_sedis,GS23_sp;sh__SH0086931.10FU,NA,NA,NA,NA,NA,NA,NA,NA,NA,NA,NA,NA,NA,NA,NA,NA,NA,NA,NA,NA,NA,NA,NA
Basidiomycota,Agaricomycetes,Atheliales,Atheliaceae,Piloderma,Piloderma_olivaceum;sh__SH0195986.10FU,jrk06623,Basidiomycota,Agaricomycetes,Atheliales,Atheliaceae,,ectomycorrhizal,,,,,,,non-aquatic,,,filamentous_mycelium,corticioid,smooth,medium-distance_fringe,/piloderma,,
Ascomycota,Leotiomycetes,Helotiales,Helotiales_fam_Incertae_sedis,Leohumicola,Leohumicola_sp;sh__SH0118613.10FU,jrk04577,Ascomycota,Leotiomycetes,Helotiales,Helotiales family incertae sedis,,soil_saprotroph,ericoid_mycorrhizal,,root_endophyte_dark_septate,root-associated,"soil,roots",,non-aquatic,,,filamentous_mycelium,none,none,,,,
Ascomycota,Leotiomycetes,Helotiales,NA,NA,NA,NA,NA,NA,NA,NA,NA,NA,NA,NA,NA,NA,NA,NA,NA,NA,NA,NA,NA,NA,NA,NA,NA,NA
Basidiomycota,Agaricomycetes,Agaricomycetes_ord_Incertae_sedis,Agaricomycetes_fam_Incertae_sedis,Agaricomycetes_gen_Incertae_sedis,Agaricomycetes_sp;sh__SH0102567.10FU,NA,NA,NA,NA,NA,NA,NA,NA,NA,NA,NA,NA,NA,NA,NA,NA,NA,NA,NA,NA,NA,NA,NA
Basidiomycota,Agaricomycetes,Boletales,Boletaceae,Leccinum,Leccinum_versipelle;sh__SH0145086.10FU,jrk04527,Basidiomycota,Agaricomycetes,Boletales,Boletaceae,,ectomycorrhizal,,,,,,,non-aquatic,,,filamentous_mycelium,agaricoid,poroid,long-distance,/boletus,,
Basidiomycota,Agaricomycetes,Cantharellales,Hydnaceae,Sistotrema,Sistotrema_sp;sh__SH0076535.10FU,jrk08105,Basidiomycota,Agaricomycetes,Cantharellales,Cantharellales family incertae sedis,,litter_saprotroph,,ectomycorrhizal_many_species,,,leaf/fruit/seed,,non-aquatic,,,filamentous_mycelium,corticioid,smooth,medium-distance_fringe,/cantharellus,,
Ascomycota,Dothideomycetes,Pleosporales,NA,NA,NA,NA,NA,NA,NA,NA,NA,NA,NA,NA,NA,NA,NA,NA,NA,NA,NA,NA,NA,NA,NA,NA,NA,NA
Ascomycota,Dothideomycetes,Pleosporales,Anteagloniaceae,Anteaglonium,Anteaglonium_sp;sh__SH0106509.10FU,jrk00426,Ascomycota,Dothideomycetes,Pleosporales,Anteagloniaceae,,wood_saprotroph,,,,,wood,,,,,filamentous_mycelium,"perithecium_(hymenium_hidden,_narrow_opening)",,,,,
Ascomycota,Sordariomycetes,Sordariomycetes_ord_Incertae_sedis,Sordariomycetes_fam_Incertae_sedis,Sordariomycetes_gen_Incertae_sedis,Sordariomycetes_sp;sh__SH0155202.10FU,NA,NA,NA,NA,NA,NA,NA,NA,NA,NA,NA,NA,NA,NA,NA,NA,NA,NA,NA,NA,NA,NA,NA
Basidiomycota,Agaricomycetes,Russulales,Xenasmataceae,Xenasmatella,Xenasmatella_sp;sh__SH0156561.10FU,jrk09408,Basidiomycota,Agaricomycetes,Polyporales,Xenasmataceae,,wood_saprotroph,,,,,wood,white_rot,non-aquatic,,,filamentous_mycelium,corticioid,smooth,,,,
Basidiomycota,Agaricomycetes,Thelephorales,Thelephoraceae,Thelephoraceae_gen_Incertae_sedis,Thelephoraceae_sp;sh__SH0126318.10FU,NA,NA,NA,NA,NA,NA,NA,NA,NA,NA,NA,NA,NA,NA,NA,NA,NA,NA,NA,NA,NA,NA,NA
Basidiomycota,Agaricomycetes,Sebacinales,Serendipitaceae,NA,NA,NA,NA,NA,NA,NA,NA,NA,NA,NA,NA,NA,NA,NA,NA,NA,NA,NA,NA,NA,NA,NA,NA,NA
Ascomycota,Saccharomycetes,Saccharomycetales,Debaryomycetaceae,Kurtzmaniella,Kurtzmaniella_sp;sh__SH0103669.10FU,jrk04400,Ascomycota,Saccharomycetes,Saccharomycetales,Debaryomycetaceae,,nectar/tap_saprotroph,,,,,sugar-rich_substrates,,non-aquatic,arthropod-associated,,yeast,none,none,,,,
Basidiomycota,Agaricomycetes,Agaricales,Hygrophoraceae,Hygrocybe,Hygrocybe_sp,jrk03999,Basidiomycota,Agaricomycetes,Agaricales,Hygrophoraceae,,soil_saprotroph,unspecified_symbiotroph,CHEGD_symbiotrophs,root-associated,root-associated,"roots,soil",,non-aquatic,,,filamentous_mycelium,agaricoid,gills,,,,
Ascomycota,Archaeorhizomycetes,Archaeorhizomycetales,Archaeorhizomycetaceae,Archaeorhizomyces,Archaeorhizomyces_sp;sh__SH0024012.10FU,jrk00567,Ascomycota,Archaeorhizomycetes,Archaeorhizomycetales,Archaeorhizomycetaceae,,soil_saprotroph,root-associated,,root-associated,root-associated,"roots,soil",,non-aquatic,,,filamentous_mycelium,none,none,,,,
Ascomycota,Orbiliomycetes,Orbiliales,Orbiliaceae,Helicoon,Helicoon_myosuroides;sh__SH0172022.10FU,jrk03752,Ascomycota,Orbiliomycetes,Orbiliales,Orbiliaceae,"polyphyletic, some species belong to Pleurotheciales (Sordariomycetes)",wood_saprotroph,litter_saprotroph,,,,"wood,leaf/fruit/seed",,partly_freshwater_(partly_non-aquatic),,,filamentous_mycelium,apothecium_(hymenium_on_surface),smooth,,,,
Basidiomycota,Agaricomycetes,Hymenochaetales,Rickenellaceae,Rickenella,Rickenella_fibula;sh__SH0128963.10FU,jrk07617,Basidiomycota,Agaricomycetes,Hymenochaetales,Rickenellaceae,,plant_pathogen,bryophilous,root-associated_R._minuta,,leaf/fruit/seed_pathogen,leaf/fruit/seed,,non-aquatic,,mosses,filamentous_mycelium,agaricoid,gills,,,,
Basidiomycota,Agaricomycetes,Agaricomycetes_ord_Incertae_sedis,Agaricomycetes_fam_Incertae_sedis,Agaricomycetes_gen_Incertae_sedis,Agaricomycetes_sp;sh__SH0102562.10FU,NA,NA,NA,NA,NA,NA,NA,NA,NA,NA,NA,NA,NA,NA,NA,NA,NA,NA,NA,NA,NA,NA,NA
Basidiomycota,Agaricomycetes,Agaricales,Clavariaceae,Clavariaceae_gen_Incertae_sedis,Clavariaceae_sp;sh__SH0150053.10FU,NA,NA,NA,NA,NA,NA,NA,NA,NA,NA,NA,NA,NA,NA,NA,NA,NA,NA,NA,NA,NA,NA,NA
Basidiomycota,Agaricomycetes,Agaricales,Hymenogastraceae,Hebeloma,Hebeloma_sp,jrk03722,Basidiomycota,Agaricomycetes,Agaricales,Hymenogastraceae,,ectomycorrhizal,,,,,,,non-aquatic,,,filamentous_mycelium,agaricoid,gills,short-distance_delicate,/hebeloma-alnicola,,
Ascomycota,Pezizomycotina_cls_Incertae_sedis,Pezizomycotina_ord_Incertae_sedis,Pezizomycotina_fam_Incertae_sedis,Arborispora,Arborispora_multisurcularis;sh__SH0089109.10FU,jrk00565,Ascomycota,Ascomycota class incertae sedis,Ascomycota order incertae sedis,Ascomycota family incertae sedis,,,,,,,,,,,,,,,,,,
Ascomycota,Leotiomycetes,Helotiales,Hyaloscyphaceae,NA,NA,NA,NA,NA,NA,NA,NA,NA,NA,NA,NA,NA,NA,NA,NA,NA,NA,NA,NA,NA,NA,NA,NA,NA
Ascomycota,Leotiomycetes,Helotiales,Helotiales_fam_Incertae_sedis,Helotiales_gen_Incertae_sedis,Helotiales_sp;sh__SH0008363.10FU,NA,NA,NA,NA,NA,NA,NA,NA,NA,NA,NA,NA,NA,NA,NA,NA,NA,NA,NA,NA,NA,NA,NA
Basidiomycota,Microbotryomycetes,Leucosporidiales,Leucosporidiaceae,Leucosporidium,Leucosporidium_sp;sh__SH0194996.10FU,jrk04665,Basidiomycota,Microbotryomycetes,Microbotryales,Leucosporidiaceae,,soil_saprotroph,,,,,soil,,partly_aquatic,,,yeast,none,none,,,,
Basidiomycota,Agaricomycetes,Agaricales,Entolomataceae,Entoloma,NA,jrk02963,Basidiomycota,Agaricomycetes,Agaricales,Entolomataceae,,soil_saprotroph,unspecified_symbiotroph,"CHEGD_symbiotrophs,ectomycorrhizal_ca_10%_of_species",root-associated,root-associated,"roots,soil",,non-aquatic,,,filamentous_mycelium,agaricoid,gills,medium-distance_smooth,/entoloma,,
Ascomycota,Pezizomycotina_cls_Incertae_sedis,Pezizomycotina_ord_Incertae_sedis,Pezizomycotina_fam_Incertae_sedis,Pezizomycotina_gen_Incertae_sedis,Pezizomycotina_sp;sh__SH0017291.10FU,NA,NA,NA,NA,NA,NA,NA,NA,NA,NA,NA,NA,NA,NA,NA,NA,NA,NA,NA,NA,NA,NA,NA
Ascomycota,Arthoniomycetes,Lichenostigmatales,Phaeococcomycetaceae,Phaeococcomyces,NA,jrk06377,Ascomycota,Arthoniomycetes,Lichenostigmatales,Phaeococcomycetaceae,,unspecified_saprotroph,,,,,,,non-aquatic,,,dimorphic_yeast,none,,,,,
Ascomycota,Ascomycota_cls_Incertae_sedis,Ascomycota_ord_Incertae_sedis,Ascomycota_fam_Incertae_sedis,Ascomycota_gen_Incertae_sedis,Ascomycota_sp,NA,NA,NA,NA,NA,NA,NA,NA,NA,NA,NA,NA,NA,NA,NA,NA,NA,NA,NA,NA,NA,NA,NA
Ascomycota,Dothideomycetes,Venturiales,NA,NA,NA,NA,NA,NA,NA,NA,NA,NA,NA,NA,NA,NA,NA,NA,NA,NA,NA,NA,NA,NA,NA,NA,NA,NA
Basidiomycota,Agaricomycetes,Agaricales,Hygrophoraceae,Hygrophorus,Hygrophorus_hypothejus;sh__SH0184141.10FU,jrk04002,Basidiomycota,Agaricomycetes,Agaricales,Hygrophoraceae,,ectomycorrhizal,,,,,,,non-aquatic,,,filamentous_mycelium,agaricoid,gills,contact,/hygrophorus,,
NA,NA,NA,NA,NA,NA,NA,NA,NA,NA,NA,NA,NA,NA,NA,NA,NA,NA,NA,NA,NA,NA,NA,NA,NA,NA,NA,NA,NA
Ascomycota,Dothideomycetes,Dothideales,Saccotheciaceae,Aureobasidium,Aureobasidium_pullulans;sh__SH0130703.10FU,jrk00798,Ascomycota,Dothideomycetes,Dothideales,Saccotheciaceae,,sooty_mold,litter_saprotroph,hyperviariable,foliar_endophyte,leaf/fruit/seed_pathogen,"leaf/fruit/seed,roots,animal_material,sugar-rich_substrates",,partly_aquatic,animal_parasite,,dimorphic_yeast,none,,,,,
NA,NA,NA,NA,NA,NA,NA,NA,NA,NA,NA,NA,NA,NA,NA,NA,NA,NA,NA,NA,NA,NA,NA,NA,NA,NA,NA,NA,NA
Basidiomycota,Tremellomycetes,Filobasidiales,Piskurozymaceae,Solicoccozyma,Solicoccozyma_terricola;sh__SH0074687.10FU,jrk08137,Basidiomycota,Tremellomycetes,Filobasidiales,Piskurozymaceae,,soil_saprotroph,epiphyte,,,,soil,,partly_aquatic,,,yeast,none,none,,,,
Ascomycota,Eurotiomycetes,Chaetothyriales,Chaetothyriales_fam_Incertae_sedis,Chaetothyriales_gen_Incertae_sedis,Chaetothyriales_sp;sh__SH0062378.10FU,NA,NA,NA,NA,NA,NA,NA,NA,NA,NA,NA,NA,NA,NA,NA,NA,NA,NA,NA,NA,NA,NA,NA
Mucoromycota,NA,NA,NA,NA,NA,NA,NA,NA,NA,NA,NA,NA,NA,NA,NA,NA,NA,NA,NA,NA,NA,NA,NA,NA,NA,NA,NA,NA
Basidiomycota,Agaricomycetes,Boletales,Hygrophoropsidaceae,Hygrophoropsis,Hygrophoropsis_sp;sh__SH0070454.10FU,jrk04001,Basidiomycota,Agaricomycetes,Boletales,Hygrophoropsidaceae,,litter_saprotroph,wood_saprotroph,,,,"wood,leaf/fruit/seed",,non-aquatic,,,filamentous_mycelium,agaricoid,gills,,,,
Chytridiomycota,Rhizophydiomycetes,Rhizophydiales,Rhizophydiales_fam_Incertae_sedis,Rhizophydiales_gen_Incertae_sedis,Rhizophydiales_sp;sh__SH0021417.10FU,NA,NA,NA,NA,NA,NA,NA,NA,NA,NA,NA,NA,NA,NA,NA,NA,NA,NA,NA,NA,NA,NA,NA
Ascomycota,Lecanoromycetes,Lecanorales,Cladoniaceae,Lepraria,Lepraria_incana;sh__SH0026253.10FU,jrk04590,Ascomycota,Lecanoromycetes,Lecanorales,Cladoniaceae,,lichenized,,,,,,,non-aquatic,,,thallus_photosynthetic,none,none,,,chlorococcoid,
Ascomycota,Leotiomycetes,Helotiales,Helotiales_fam_Incertae_sedis,Helotiales_gen_Incertae_sedis,Helotiales_sp;sh__SH0008363.10FU,NA,NA,NA,NA,NA,NA,NA,NA,NA,NA,NA,NA,NA,NA,NA,NA,NA,NA,NA,NA,NA,NA,NA
Ascomycota,Eurotiomycetes,Sclerococcales,Dactylosporaceae,Sclerococcum,Sclerococcum_ahtii;sh__SH0135176.10FU,jrk07879,Ascomycota,Eurotiomycetes,Sclerococcales,Dactylosporaceae,,lichen_parasite,fungal_decomposer,saprotroph_unspecified_some_species,,,"fungal_material,algal_material",,non-aquatic,,,filamentous_mycelium,apothecium_(hymenium_on_surface),smooth,,,,
Ascomycota,Eurotiomycetes,Chaetothyriales,NA,NA,NA,NA,NA,NA,NA,NA,NA,NA,NA,NA,NA,NA,NA,NA,NA,NA,NA,NA,NA,NA,NA,NA,NA,NA
Ascomycota,Leotiomycetes,Helotiales,Hyaloscyphaceae,NA,NA,NA,NA,NA,NA,NA,NA,NA,NA,NA,NA,NA,NA,NA,NA,NA,NA,NA,NA,NA,NA,NA,NA,NA
Ascomycota,Dothideomycetes,Mycosphaerellales,Teratosphaeriaceae,Apenidiella,Apenidiella_foetida;sh__SH0103214.10FU,jrk00469,Ascomycota,Dothideomycetes,Capnodiales,Teratosphaeriaceae,,litter_saprotroph,plant_pathogen,,,leaf/fruit/seed_pathogen,leaf/fruit/seed,,non-aquatic,,,filamentous_mycelium,"perithecium_(hymenium_hidden,_narrow_opening)",closed,,,,
Ascomycota,Ascomycota_cls_Incertae_sedis,Ascomycota_ord_Incertae_sedis,Ascomycota_fam_Incertae_sedis,Ascomycota_gen_Incertae_sedis,Ascomycota_sp;sh__SH0051119.10FU,NA,NA,NA,NA,NA,NA,NA,NA,NA,NA,NA,NA,NA,NA,NA,NA,NA,NA,NA,NA,NA,NA,NA
Basidiomycota,Microbotryomycetes,Sporidiobolales,Sporidiobolales_fam_Incertae_sedis,Sporidiobolales_gen_Incertae_sedis,Sporidiobolales_sp;sh__SH0182745.10FU,NA,NA,NA,NA,NA,NA,NA,NA,NA,NA,NA,NA,NA,NA,NA,NA,NA,NA,NA,NA,NA,NA,NA
Basidiomycota,Basidiomycota_cls_Incertae_sedis,Basidiomycota_ord_Incertae_sedis,Basidiomycota_fam_Incertae_sedis,Basidiomycota_gen_Incertae_sedis,Basidiomycota_sp;sh__SH0073870.10FU,NA,NA,NA,NA,NA,NA,NA,NA,NA,NA,NA,NA,NA,NA,NA,NA,NA,NA,NA,NA,NA,NA,NA
Ascomycota,Geoglossomycetes,Geoglossales,Geoglossaceae,Sarcoleotia,Sarcoleotia_sp;sh__SH0187063.10FU,jrk07793,Ascomycota,Geoglossomycetes,Geoglossales,Geoglossaceae,,soil_saprotroph,,,,,soil,,non-aquatic,,,filamentous_mycelium,clavarioid,smooth,,,,
Ascomycota,Sordariomycetes,Hypocreales,Hypocreales_fam_Incertae_sedis,Hypocreales_gen_Incertae_sedis,Hypocreales_sp;sh__SH0001667.10FU,NA,NA,NA,NA,NA,NA,NA,NA,NA,NA,NA,NA,NA,NA,NA,NA,NA,NA,NA,NA,NA,NA,NA
Basidiomycota,Agaricomycetes,Boletales,Suillaceae,Suillus,Suillus_bellinii;sh__SH0145057.10FU,jrk08511,Basidiomycota,Agaricomycetes,Boletales,Suillaceae,,ectomycorrhizal,,,,,,,non-aquatic,,Pinaceae,filamentous_mycelium,agaricoid,poroid,long-distance,/suillus-rhizopogon,,
Ascomycota,Leotiomycetes,Helotiales,NA,NA,NA,NA,NA,NA,NA,NA,NA,NA,NA,NA,NA,NA,NA,NA,NA,NA,NA,NA,NA,NA,NA,NA,NA,NA
Ascomycota,Archaeorhizomycetes,Archaeorhizomycetales,Archaeorhizomycetaceae,Archaeorhizomyces,Archaeorhizomyces_sp,jrk00567,Ascomycota,Archaeorhizomycetes,Archaeorhizomycetales,Archaeorhizomycetaceae,,soil_saprotroph,root-associated,,root-associated,root-associated,"roots,soil",,non-aquatic,,,filamentous_mycelium,none,none,,,,
Ascomycota,Leotiomycetes,Helotiales,Ascocorticiaceae,Ascocorticium,Ascocorticium_sp;sh__SH0104025.10FU,jrk00657,Ascomycota,Leotiomycetes,Helotiales,Ascocorticiaceae,,wood_saprotroph,,,,,wood,,non-aquatic,,,filamentous_mycelium,other,smooth,,,,
Basidiomycota,Agaricomycetes,Agaricomycetes_ord_Incertae_sedis,Agaricomycetes_fam_Incertae_sedis,Agaricomycetes_gen_Incertae_sedis,Agaricomycetes_sp;sh__SH0031736.10FU,NA,NA,NA,NA,NA,NA,NA,NA,NA,NA,NA,NA,NA,NA,NA,NA,NA,NA,NA,NA,NA,NA,NA
Ascomycota,NA,NA,NA,NA,NA,NA,NA,NA,NA,NA,NA,NA,NA,NA,NA,NA,NA,NA,NA,NA,NA,NA,NA,NA,NA,NA,NA,NA
Ascomycota,Ascomycota_cls_Incertae_sedis,Ascomycota_ord_Incertae_sedis,Ascomycota_fam_Incertae_sedis,Ascomycota_gen_Incertae_sedis,Ascomycota_sp;sh__SH0058250.10FU,NA,NA,NA,NA,NA,NA,NA,NA,NA,NA,NA,NA,NA,NA,NA,NA,NA,NA,NA,NA,NA,NA,NA
Ascomycota,NA,NA,NA,NA,NA,NA,NA,NA,NA,NA,NA,NA,NA,NA,NA,NA,NA,NA,NA,NA,NA,NA,NA,NA,NA,NA,NA,NA
Ascomycota,Saccharomycetes,Saccharomycetales,Saccharomycetales_fam_Incertae_sedis,Saccharomycetales_gen_Incertae_sedis,Saccharomycetales_sp;sh__SH0159923.10FU,NA,NA,NA,NA,NA,NA,NA,NA,NA,NA,NA,NA,NA,NA,NA,NA,NA,NA,NA,NA,NA,NA,NA
Ascomycota,Leotiomycetes,Helotiales,Helotiales_fam_Incertae_sedis,Helotiales_gen_Incertae_sedis,Helotiales_sp,NA,NA,NA,NA,NA,NA,NA,NA,NA,NA,NA,NA,NA,NA,NA,NA,NA,NA,NA,NA,NA,NA,NA
Ascomycota,Leotiomycetes,Helotiales,Helotiales_fam_Incertae_sedis,Helotiales_gen_Incertae_sedis,Helotiales_sp;sh__SH0134779.10FU,NA,NA,NA,NA,NA,NA,NA,NA,NA,NA,NA,NA,NA,NA,NA,NA,NA,NA,NA,NA,NA,NA,NA
Basidiomycota,Agaricomycetes,Agaricales,Amanitaceae,Amanita,NA,jrk00264,Basidiomycota,Agaricomycetes,Agaricales,Amanitaceae,,ectomycorrhizal,,,,,,,non-aquatic,,,filamentous_mycelium,agaricoid,gills,contact,/amanita,,
Basidiomycota,Agaricomycetes,Agaricales,Inocybaceae,Inocybe,Inocybe_stellatospora;sh__SH0170146.10FU,jrk04145,Basidiomycota,Agaricomycetes,Agaricales,Inocybaceae,,ectomycorrhizal,,,,,,,non-aquatic,,,filamentous_mycelium,agaricoid,gills,short-distance_delicate,/inocybe,,
Ascomycota,Leotiomycetes,Leotiomycetes_ord_Incertae_sedis,Leotiomycetes_fam_Incertae_sedis,Leotiomycetes_gen_Incertae_sedis,Leotiomycetes_sp;sh__SH0155144.10FU,NA,NA,NA,NA,NA,NA,NA,NA,NA,NA,NA,NA,NA,NA,NA,NA,NA,NA,NA,NA,NA,NA,NA
Ascomycota,Dothideomycetes,Dothideales,Saccotheciaceae,Aureobasidium,Aureobasidium_mangrovei;sh__SH0130763.10FU,jrk00798,Ascomycota,Dothideomycetes,Dothideales,Saccotheciaceae,,sooty_mold,litter_saprotroph,hyperviariable,foliar_endophyte,leaf/fruit/seed_pathogen,"leaf/fruit/seed,roots,animal_material,sugar-rich_substrates",,partly_aquatic,animal_parasite,,dimorphic_yeast,none,,,,,
Ascomycota,Sordariomycetes,Hypocreales,Clavicipitaceae,Clavicipitaceae_gen_Incertae_sedis,Clavicipitaceae_sp;sh__SH0138669.10FU,NA,NA,NA,NA,NA,NA,NA,NA,NA,NA,NA,NA,NA,NA,NA,NA,NA,NA,NA,NA,NA,NA,NA
Basidiomycota,Agaricomycetes,Cantharellales,Ceratobasidiaceae,NA,NA,NA,NA,NA,NA,NA,NA,NA,NA,NA,NA,NA,NA,NA,NA,NA,NA,NA,NA,NA,NA,NA,NA,NA
Basidiomycota,Basidiomycota_cls_Incertae_sedis,Basidiomycota_ord_Incertae_sedis,Basidiomycota_fam_Incertae_sedis,Basidiomycota_gen_Incertae_sedis,Basidiomycota_sp;sh__SH0020368.10FU,NA,NA,NA,NA,NA,NA,NA,NA,NA,NA,NA,NA,NA,NA,NA,NA,NA,NA,NA,NA,NA,NA,NA
Ascomycota,Dothideomycetes,Dothideomycetes_ord_Incertae_sedis,Dothideomycetes_fam_Incertae_sedis,Dothideomycetes_gen_Incertae_sedis,Dothideomycetes_sp;sh__SH0072060.10FU,NA,NA,NA,NA,NA,NA,NA,NA,NA,NA,NA,NA,NA,NA,NA,NA,NA,NA,NA,NA,NA,NA,NA
NA,NA,NA,NA,NA,NA,NA,NA,NA,NA,NA,NA,NA,NA,NA,NA,NA,NA,NA,NA,NA,NA,NA,NA,NA,NA,NA,NA,NA
Basidiomycota,Agaricomycetes,Agaricales,Clavariaceae,Clavaria,Clavaria_falcata;sh__SH0006157.10FU,jrk01836,Basidiomycota,Agaricomycetes,Agaricales,Clavariaceae,,soil_saprotroph,unspecified_symbiotroph,CHEGD_symbiotrophs,root-associated,root-associated,"roots,soil",,non-aquatic,,,filamentous_mycelium,clavarioid,smooth,,,,
Ascomycota,NA,NA,NA,NA,NA,NA,NA,NA,NA,NA,NA,NA,NA,NA,NA,NA,NA,NA,NA,NA,NA,NA,NA,NA,NA,NA,NA,NA
Ascomycota,Saccharomycetes,Saccharomycetales,Saccharomycetales_fam_Incertae_sedis,Candida,Candida_sake;sh__SH0167055.10FU,jrk01402,Ascomycota,Saccharomycetes,Saccharomycetales,Saccharomycetales family incertae sedis,,nectar/tap_saprotroph,,,,,sugar-rich_substrates,,partly_aquatic,animal-associated/opportunistic_human_parasite,,yeast,none,none,,,,
Basidiomycota,Agaricomycetes,NA,NA,NA,NA,NA,NA,NA,NA,NA,NA,NA,NA,NA,NA,NA,NA,NA,NA,NA,NA,NA,NA,NA,NA,NA,NA,NA
Ascomycota,Leotiomycetes,Helotiales,Helotiales_fam_Incertae_sedis,Helotiales_gen_Incertae_sedis,Helotiales_sp;sh__SH0013148.10FU,NA,NA,NA,NA,NA,NA,NA,NA,NA,NA,NA,NA,NA,NA,NA,NA,NA,NA,NA,NA,NA,NA,NA
Ascomycota,Geoglossomycetes,Geoglossales,Geoglossaceae,Geoglossum,Geoglossum_scabripes;sh__SH0117442.10FU,jrk03376,Ascomycota,Geoglossomycetes,Geoglossales,Geoglossaceae,,soil_saprotroph,unspecified_symbiotroph,CHEGD_symbiotrophs,root-associated,root-associated,"roots,soil",,non-aquatic,,,filamentous_mycelium,clavarioid,smooth,,,,
Basidiomycota,Agaricomycetes,Agaricales,Hygrophoraceae,Hygrocybe,Hygrocybe_cantharellus;sh__SH0078864.10FU,jrk03999,Basidiomycota,Agaricomycetes,Agaricales,Hygrophoraceae,,soil_saprotroph,unspecified_symbiotroph,CHEGD_symbiotrophs,root-associated,root-associated,"roots,soil",,non-aquatic,,,filamentous_mycelium,agaricoid,gills,,,,
Basidiomycota,Agaricomycetes,Thelephorales,Thelephoraceae,Tomentella,Tomentella_sp;sh__SH0127478.10FU,jrk08875,Basidiomycota,Agaricomycetes,Thelephorales,Thelephoraceae,,ectomycorrhizal,,,,,,,non-aquatic,,,filamentous_mycelium,corticioid,smooth,medium-distance_smooth,/tomentella-thelephora,,
Basidiomycota,Agaricomycetes,Tremellodendropsidales,Tremellodendropsidales_fam_Incertae_sedis,Tremellodendropsidales_gen_Incertae_sedis,Tremellodendropsidales_sp,NA,NA,NA,NA,NA,NA,NA,NA,NA,NA,NA,NA,NA,NA,NA,NA,NA,NA,NA,NA,NA,NA,NA
Basidiomycota,NA,NA,NA,NA,NA,NA,NA,NA,NA,NA,NA,NA,NA,NA,NA,NA,NA,NA,NA,NA,NA,NA,NA,NA,NA,NA,NA,NA
Basidiomycota,Agaricomycetes,Agaricales,Inocybaceae,Inocybe,Inocybe_krieglsteineri;sh__SH0145179.10FU,jrk04145,Basidiomycota,Agaricomycetes,Agaricales,Inocybaceae,,ectomycorrhizal,,,,,,,non-aquatic,,,filamentous_mycelium,agaricoid,gills,short-distance_delicate,/inocybe,,
Basidiomycota,Agaricomycetes,Sebacinales,Serendipitaceae,Serendipitaceae_gen_Incertae_sedis,Serendipitaceae_sp;sh__SH0003269.10FU,NA,NA,NA,NA,NA,NA,NA,NA,NA,NA,NA,NA,NA,NA,NA,NA,NA,NA,NA,NA,NA,NA,NA
Ascomycota,Leotiomycetes,Helotiales,Hyaloscyphaceae,NA,NA,NA,NA,NA,NA,NA,NA,NA,NA,NA,NA,NA,NA,NA,NA,NA,NA,NA,NA,NA,NA,NA,NA,NA
Ascomycota,Lecanoromycetes,Lecanoromycetes_ord_Incertae_sedis,Micropeltidaceae,Micropeltidaceae_gen_Incertae_sedis,Micropeltidaceae_sp,NA,NA,NA,NA,NA,NA,NA,NA,NA,NA,NA,NA,NA,NA,NA,NA,NA,NA,NA,NA,NA,NA,NA
Ascomycota,Archaeorhizomycetes,Archaeorhizomycetales,Archaeorhizomycetaceae,Archaeorhizomyces,Archaeorhizomyces_sp;sh__SH0131780.10FU,jrk00567,Ascomycota,Archaeorhizomycetes,Archaeorhizomycetales,Archaeorhizomycetaceae,,soil_saprotroph,root-associated,,root-associated,root-associated,"roots,soil",,non-aquatic,,,filamentous_mycelium,none,none,,,,
Basidiomycota,Agaricomycetes,Thelephorales,Thelephoraceae,Thelephora,Thelephora_sp;sh__SH0125780.10FU,jrk08781,Basidiomycota,Agaricomycetes,Thelephorales,Thelephoraceae,,ectomycorrhizal,,,,,,,non-aquatic,,,filamentous_mycelium,clavarioid,smooth,medium-distance_smooth,/tomentella-thelephora,,
Ascomycota,Dothideomycetes,Pleosporales,Occultibambusaceae,Brunneofusispora,NA,jrk11047,Ascomycota,Dothideomycetes,Pleosporales,Occultibambusaceae,,wood_saprotroph,,,,,wood,,non-aquatic,,,filamentous_mycelium,"perithecium_(hymenium_hidden,_narrow_opening)",,,,,
Rozellomycota,Rozellomycotina_cls_Incertae_sedis,GS11,GS11_fam_Incertae_sedis,GS11_gen_Incertae_sedis,GS11_sp;sh__SH0048803.10FU,NA,NA,NA,NA,NA,NA,NA,NA,NA,NA,NA,NA,NA,NA,NA,NA,NA,NA,NA,NA,NA,NA,NA
NA,NA,NA,NA,NA,NA,NA,NA,NA,NA,NA,NA,NA,NA,NA,NA,NA,NA,NA,NA,NA,NA,NA,NA,NA,NA,NA,NA,NA
Mucoromycota,Umbelopsidomycetes,Umbelopsidales,Umbelopsidaceae,Umbelopsis,Umbelopsis_gibberispora;sh__SH0047858.10FU,jrk09156,Mucoromycota,Umbelopsidomycetes,Umbelopsidales,Umbelopsidaceae,,soil_saprotroph,root-associated,,root-associated,root-associated,"roots,soil",mold,non-aquatic,,,filamentous_mycelium,none,none,,,,
Ascomycota,Leotiomycetes,Leotiales,Leotiales_fam_Incertae_sedis,Leotiales_gen_Incertae_sedis,Leotiales_sp;sh__SH0085763.10FU,NA,NA,NA,NA,NA,NA,NA,NA,NA,NA,NA,NA,NA,NA,NA,NA,NA,NA,NA,NA,NA,NA,NA
Ascomycota,Leotiomycetes,Leotiales,Tympanidaceae,Tympanidaceae_gen_Incertae_sedis,Tympanidaceae_sp;sh__SH0144367.10FU,NA,NA,NA,NA,NA,NA,NA,NA,NA,NA,NA,NA,NA,NA,NA,NA,NA,NA,NA,NA,NA,NA,NA
Mucoromycota,Endogonomycetes,GS22,GS22_fam_Incertae_sedis,GS22_gen_Incertae_sedis,GS22_sp;sh__SH0085735.10FU,NA,NA,NA,NA,NA,NA,NA,NA,NA,NA,NA,NA,NA,NA,NA,NA,NA,NA,NA,NA,NA,NA,NA
Rozellomycota,Rozellomycota_cls_Incertae_sedis,Rozellomycota_ord_Incertae_sedis,Rozellomycota_fam_Incertae_sedis,Rozellomycota_gen_Incertae_sedis,Rozellomycota_sp;sh__SH0012145.10FU,NA,NA,NA,NA,NA,NA,NA,NA,NA,NA,NA,NA,NA,NA,NA,NA,NA,NA,NA,NA,NA,NA,NA
Basidiomycota,Agaricomycetes,Agaricales,Tricholomataceae,Tricholoma,NA,jrk08985,Basidiomycota,Agaricomycetes,Agaricales,Tricholomataceae,,ectomycorrhizal,,,,,,,non-aquatic,,,filamentous_mycelium,agaricoid,gills,medium-distance_fringe,/tricholoma,,
Ascomycota,Leotiomycetes,NA,NA,NA,NA,NA,NA,NA,NA,NA,NA,NA,NA,NA,NA,NA,NA,NA,NA,NA,NA,NA,NA,NA,NA,NA,NA,NA
Rozellomycota,Rozellomycotina_cls_Incertae_sedis,GS11,GS11_fam_Incertae_sedis,GS11_gen_Incertae_sedis,GS11_sp;sh__SH0048803.10FU,NA,NA,NA,NA,NA,NA,NA,NA,NA,NA,NA,NA,NA,NA,NA,NA,NA,NA,NA,NA,NA,NA,NA
Ascomycota,Archaeorhizomycetes,Archaeorhizomycetales,Archaeorhizomycetaceae,Archaeorhizomyces,Archaeorhizomyces_sp;sh__SH0159949.10FU,jrk00567,Ascomycota,Archaeorhizomycetes,Archaeorhizomycetales,Archaeorhizomycetaceae,,soil_saprotroph,root-associated,,root-associated,root-associated,"roots,soil",,non-aquatic,,,filamentous_mycelium,none,none,,,,
Ascomycota,Dothideomycetes,Pleosporales,Melanommataceae,NA,NA,NA,NA,NA,NA,NA,NA,NA,NA,NA,NA,NA,NA,NA,NA,NA,NA,NA,NA,NA,NA,NA,NA,NA
Basidiomycota,Agaricomycetes,Russulales,Peniophoraceae,Gloiothele,Gloiothele_citrina;sh__SH0142859.10FU,jrk03465,Basidiomycota,Agaricomycetes,Russulales,Peniophoraceae,,wood_saprotroph,,,,,wood,white_rot,non-aquatic,,,filamentous_mycelium,corticioid,hydnoid,,,,
Basidiomycota,Agaricomycetes,Agaricales,Clavariaceae,Clavariaceae_gen_Incertae_sedis,Clavariaceae_sp;sh__SH0113003.10FU,NA,NA,NA,NA,NA,NA,NA,NA,NA,NA,NA,NA,NA,NA,NA,NA,NA,NA,NA,NA,NA,NA,NA
Basidiomycota,Agaricomycetes,Auriculariales,Hyaloriaceae,Protomerulius,Protomerulius_commotus;sh__SH0082846.10FU,jrk06958,Basidiomycota,Agaricomycetes,Auriculariales,Hyaloriaceae,,wood_saprotroph,,,,,wood,white_rot,non-aquatic,,,filamentous_mycelium,corticioid,poroid,,,,
Ascomycota,Dothideomycetes,Pleosporales,Didymosphaeriaceae,Laburnicola,Laburnicola_sp;sh__SH0158158.10FU,jrk04412,Ascomycota,Dothideomycetes,Pleosporales,Didymosphaeriaceae,,wood_saprotroph,,,no_endophytic_capacity,,wood,,non-aquatic,,,filamentous_mycelium,"perithecium_(hymenium_hidden,_narrow_opening)",closed,,,,
Ascomycota,Leotiomycetes,Helotiales,Helotiales_fam_Incertae_sedis,Helotiales_gen_Incertae_sedis,Helotiales_sp,NA,NA,NA,NA,NA,NA,NA,NA,NA,NA,NA,NA,NA,NA,NA,NA,NA,NA,NA,NA,NA,NA,NA
Ascomycota,Leotiomycetes,Helotiales,Helotiales_fam_Incertae_sedis,Helotiales_gen_Incertae_sedis,Helotiales_sp;sh__SH0013190.10FU,NA,NA,NA,NA,NA,NA,NA,NA,NA,NA,NA,NA,NA,NA,NA,NA,NA,NA,NA,NA,NA,NA,NA
Ascomycota,Leotiomycetes,Helotiales,Helotiales_fam_Incertae_sedis,Helotiales_gen_Incertae_sedis,Helotiales_sp;sh__SH0124163.10FU,NA,NA,NA,NA,NA,NA,NA,NA,NA,NA,NA,NA,NA,NA,NA,NA,NA,NA,NA,NA,NA,NA,NA
Ascomycota,Dothideomycetes,Pleosporales,NA,NA,NA,NA,NA,NA,NA,NA,NA,NA,NA,NA,NA,NA,NA,NA,NA,NA,NA,NA,NA,NA,NA,NA,NA,NA
Ascomycota,Leotiomycetes,Helotiales,Vibrisseaceae,Vibrisseaceae_gen_Incertae_sedis,Vibrisseaceae_sp;sh__SH0083045.10FU,NA,NA,NA,NA,NA,NA,NA,NA,NA,NA,NA,NA,NA,NA,NA,NA,NA,NA,NA,NA,NA,NA,NA
Basidiomycota,Agaricomycetes,Trechisporales,Hydnodontaceae,Trechispora,Trechispora_invisitata;sh__SH0086524.10FU,jrk08926,Basidiomycota,Agaricomycetes,Trechisporales,Hydnodontaceae,,wood_saprotroph,,,,,wood,white_rot,non-aquatic,,,filamentous_mycelium,corticioid,poroid,,,,
Ascomycota,Eurotiomycetes,Chaetothyriales,Chaetothyriales_fam_Incertae_sedis,Chaetothyriales_gen_Incertae_sedis,Chaetothyriales_sp;sh__SH0062378.10FU,NA,NA,NA,NA,NA,NA,NA,NA,NA,NA,NA,NA,NA,NA,NA,NA,NA,NA,NA,NA,NA,NA,NA
Ascomycota,Dothideomycetes,Pleosporales,Didymellaceae,Didymella,Didymella_exigua;sh__SH0085547.10FU,jrk02608,Ascomycota,Dothideomycetes,Pleosporales,Didymellaceae,,plant_pathogen,litter_saprotroph,hypervariable,,leaf/fruit/seed_pathogen,"leaf/fruit/seed,roots,soil,animal_material",,partly_aquatic,animal_parasite,,filamentous_mycelium,"perithecium_(hymenium_hidden,_narrow_opening)",,,,,
Ascomycota,Leotiomycetes,Leotiales,Tympanidaceae,Tympanidaceae_gen_Incertae_sedis,Tympanidaceae_sp;sh__SH0144079.10FU,NA,NA,NA,NA,NA,NA,NA,NA,NA,NA,NA,NA,NA,NA,NA,NA,NA,NA,NA,NA,NA,NA,NA
Ascomycota,Leotiomycetes,Leotiales,Tympanidaceae,Tympanidaceae_gen_Incertae_sedis,Tympanidaceae_sp;sh__SH0085753.10FU,NA,NA,NA,NA,NA,NA,NA,NA,NA,NA,NA,NA,NA,NA,NA,NA,NA,NA,NA,NA,NA,NA,NA
Ascomycota,Leotiomycetes,Leotiales,Tympanidaceae,NA,NA,NA,NA,NA,NA,NA,NA,NA,NA,NA,NA,NA,NA,NA,NA,NA,NA,NA,NA,NA,NA,NA,NA,NA
Basidiomycota,Agaricomycetes,Agaricales,Lyophyllaceae,Asterophora,Asterophora_lycoperdoides;sh__SH0170285.10FU,jrk00724,Basidiomycota,Agaricomycetes,Agaricales,Lyophyllaceae,,mycoparasite,fungal_decomposer,,,,fungal_material,,non-aquatic,,,filamentous_mycelium,agaricoid,gills,,,,
Mortierellomycota,Mortierellomycetes,Mortierellales,Mortierellaceae,Linnemannia,Linnemannia_amoeboidea;sh__SH0030607.10FU,NA,NA,NA,NA,NA,NA,NA,NA,NA,NA,NA,NA,NA,NA,NA,NA,NA,NA,NA,NA,NA,NA,NA
Basidiomycota,Agaricomycetes,Boletales,Rhizopogonaceae,Rhizopogon,NA,jrk09605,Basidiomycota,Agaricomycetes,Boletales,Rhizopogonaceae,,ectomycorrhizal,,,,,,,non-aquatic,,Pinaceae,filamentous_mycelium,gasteroid,closed,long-distance,/suillus-rhizopogon,,
Glomeromycota,Glomeromycetes,Glomerales,Glomeraceae,Oehlia,Oehlia_sp;sh__SH0016538.10FU,jrk05878,Glomeromycota,Glomeromycetes,Glomerales,Glomeraceae,,arbuscular_mycorrhizal,root-associated,,root_endophyte,,,,,,,filamentous_mycelium,none,none,,,,
Ascomycota,Orbiliomycetes,Orbiliales,Orbiliales_fam_Incertae_sedis,Bryorbilia,Bryorbilia_arenicola;sh__SH0084787.10FU,NA,NA,NA,NA,NA,NA,NA,NA,NA,NA,NA,NA,NA,NA,NA,NA,NA,NA,NA,NA,NA,NA,NA
Ascomycota,Pezizomycetes,Pezizales,Pyronemataceae,Pyronemataceae_gen_Incertae_sedis,Pyronemataceae_sp;sh__SH0100980.10FU,NA,NA,NA,NA,NA,NA,NA,NA,NA,NA,NA,NA,NA,NA,NA,NA,NA,NA,NA,NA,NA,NA,NA
Basidiomycota,Tremellomycetes,Trichosporonales,Trichosporonaceae,Vanrija,Vanrija_humicola;sh__SH0081487.10FU,jrk09238,Basidiomycota,Tremellomycetes,Trichosporonales,Trichosporonaceae,,wood_saprotroph,,,,,wood,,non-aquatic,,,yeast,none,none,,,,
Ascomycota,Dothideomycetes,Capnodiales,Capnodiales_fam_Incertae_sedis,Capnodiales_gen_Incertae_sedis,Capnodiales_sp;sh__SH0183700.10FU,NA,NA,NA,NA,NA,NA,NA,NA,NA,NA,NA,NA,NA,NA,NA,NA,NA,NA,NA,NA,NA,NA,NA
Basidiomycota,Agaricomycetes,Thelephorales,Thelephoraceae,Tomentella,Tomentella_sp;sh__SH0126248.10FU,jrk08875,Basidiomycota,Agaricomycetes,Thelephorales,Thelephoraceae,,ectomycorrhizal,,,,,,,non-aquatic,,,filamentous_mycelium,corticioid,smooth,medium-distance_smooth,/tomentella-thelephora,,
Ascomycota,Sordariomycetes,Sordariomycetes_ord_Incertae_sedis,Sordariomycetes_fam_Incertae_sedis,Sordariomycetes_gen_Incertae_sedis,Sordariomycetes_sp;sh__SH0149461.10FU,NA,NA,NA,NA,NA,NA,NA,NA,NA,NA,NA,NA,NA,NA,NA,NA,NA,NA,NA,NA,NA,NA,NA
Basidiomycota,Agaricomycetes,Agaricomycetes_ord_Incertae_sedis,Agaricomycetes_fam_Incertae_sedis,Agaricomycetes_gen_Incertae_sedis,Agaricomycetes_sp;sh__SH0183545.10FU,NA,NA,NA,NA,NA,NA,NA,NA,NA,NA,NA,NA,NA,NA,NA,NA,NA,NA,NA,NA,NA,NA,NA
Ascomycota,Leotiomycetes,Helotiales,Discinellaceae,Pezoloma,Pezoloma_ericae;sh__SH0172522.10FU,jrk06336,Ascomycota,Leotiomycetes,Helotiales,Discinellaceae,,root_endophyte,soil_saprotroph,,root_endophyte,leaf/fruit/seed_pathogen,soil,,partly_aquatic,,,filamentous_mycelium,apothecium_(hymenium_on_surface),smooth,,,,
Ascomycota,Leotiomycetes,Helotiales,Helotiales_fam_Incertae_sedis,Helotiales_gen_Incertae_sedis,Helotiales_sp;sh__SH0110652.10FU,NA,NA,NA,NA,NA,NA,NA,NA,NA,NA,NA,NA,NA,NA,NA,NA,NA,NA,NA,NA,NA,NA,NA
Basidiomycota,Agaricomycetes,Agaricales,Inocybaceae,Inocybe,Inocybe_straminipes;sh__SH0145186.10FU,jrk04145,Basidiomycota,Agaricomycetes,Agaricales,Inocybaceae,,ectomycorrhizal,,,,,,,non-aquatic,,,filamentous_mycelium,agaricoid,gills,short-distance_delicate,/inocybe,,
Basidiomycota,Agaricomycetes,Agaricales,Cortinariaceae,Cortinarius,Cortinarius_heterosporus;sh__SH0171112.10FU,jrk02100,Basidiomycota,Agaricomycetes,Agaricales,Cortinariaceae,,ectomycorrhizal,,,,,,,non-aquatic,,,filamentous_mycelium,agaricoid,gills,medium-distance_fringe,/cortinarius,,
Mortierellomycota,Mortierellomycetes,Mortierellales,Mortierellaceae,Mortierellaceae_gen_Incertae_sedis,Mortierellaceae_sp;sh__SH0157861.10FU,NA,NA,NA,NA,NA,NA,NA,NA,NA,NA,NA,NA,NA,NA,NA,NA,NA,NA,NA,NA,NA,NA,NA
Basidiomycota,Agaricomycetes,Agaricales,Hydnangiaceae,Laccaria,NA,jrk04416,Basidiomycota,Agaricomycetes,Agaricales,Hydnangiaceae,,ectomycorrhizal,,,,,,,non-aquatic,,,filamentous_mycelium,agaricoid,gills,short-distance_delicate,/laccaria,,
Ascomycota,Archaeorhizomycetes,Archaeorhizomycetales,Archaeorhizomycetales_fam_Incertae_sedis,Archaeorhizomycetales_gen_Incertae_sedis,Archaeorhizomycetales_sp;sh__SH0176967.10FU,NA,NA,NA,NA,NA,NA,NA,NA,NA,NA,NA,NA,NA,NA,NA,NA,NA,NA,NA,NA,NA,NA,NA
Basidiomycota,Agaricomycetes,Agaricomycetes_ord_Incertae_sedis,Agaricomycetes_fam_Incertae_sedis,Agaricomycetes_gen_Incertae_sedis,Agaricomycetes_sp;sh__SH0010329.10FU,NA,NA,NA,NA,NA,NA,NA,NA,NA,NA,NA,NA,NA,NA,NA,NA,NA,NA,NA,NA,NA,NA,NA
Olpidiomycota,GS18,GS18_ord_Incertae_sedis,GS18_fam_Incertae_sedis,GS18_gen_Incertae_sedis,GS18_sp;sh__SH0083986.10FU,NA,NA,NA,NA,NA,NA,NA,NA,NA,NA,NA,NA,NA,NA,NA,NA,NA,NA,NA,NA,NA,NA,NA
Ascomycota,Dothideomycetes,Pleosporales,Didymellaceae,Didymella,Didymella_exigua;sh__SH0085547.10FU,jrk02608,Ascomycota,Dothideomycetes,Pleosporales,Didymellaceae,,plant_pathogen,litter_saprotroph,hypervariable,,leaf/fruit/seed_pathogen,"leaf/fruit/seed,roots,soil,animal_material",,partly_aquatic,animal_parasite,,filamentous_mycelium,"perithecium_(hymenium_hidden,_narrow_opening)",,,,,
NA,NA,NA,NA,NA,NA,NA,NA,NA,NA,NA,NA,NA,NA,NA,NA,NA,NA,NA,NA,NA,NA,NA,NA,NA,NA,NA,NA,NA
Ascomycota,Leotiomycetes,Leotiomycetes_ord_Incertae_sedis,Leotiomycetes_fam_Incertae_sedis,Leotiomycetes_gen_Incertae_sedis,Leotiomycetes_sp;sh__SH0144098.10FU,NA,NA,NA,NA,NA,NA,NA,NA,NA,NA,NA,NA,NA,NA,NA,NA,NA,NA,NA,NA,NA,NA,NA
Ascomycota,Sordariomycetes,Hypocreales,Hypocreaceae,Trichoderma,NA,jrk08977,Ascomycota,Sordariomycetes,Hypocreales,Hypocreaceae,,mycoparasite,foliar_endophyte,hypervariable,foliar_endophyte,leaf/fruit/seed_pathogen,"leaf/fruit/seed,soil,fungal_material",soft_rot,,,,filamentous_mycelium,"perithecium_(hymenium_hidden,_narrow_opening)",closed,,,,
Ascomycota,Leotiomycetes,Rhytismatales,Rhytismataceae,Lophodermium,Lophodermium_pinastri;sh__SH0115771.10FU,jrk04797,Ascomycota,Leotiomycetes,Rhytismatales,Rhytismataceae,,plant_pathogen,litter_saprotroph,,foliar_endophyte,leaf/fruit/seed_pathogen,leaf/fruit/seed,,partly_freshwater_(partly_non-aquatic),,,filamentous_mycelium,apothecium_(hymenium_on_surface),smooth,,,,
Ascomycota,Dothideomycetes,Botryosphaeriales,Botryosphaeriaceae,Eutiarosporella,Eutiarosporella_urbis-rosarum;sh__SH0100880.10FU,jrk03084,Ascomycota,Dothideomycetes,Botryosphaeriales,Botryosphaeriaceae,,plant_pathogen,litter_saprotroph,,,leaf/fruit/seed_pathogen,leaf/fruit/seed,,non-aquatic,,,filamentous_mycelium,"perithecium_(hymenium_hidden,_narrow_opening)",,,,,
Ascomycota,Dothideomycetes,Pleosporales,Sporormiaceae,NA,NA,NA,NA,NA,NA,NA,NA,NA,NA,NA,NA,NA,NA,NA,NA,NA,NA,NA,NA,NA,NA,NA,NA,NA
Ascomycota,Leotiomycetes,Leotiomycetes_ord_Incertae_sedis,Leotiomycetes_fam_Incertae_sedis,Leotiomycetes_gen_Incertae_sedis,Leotiomycetes_sp;sh__SH0008357.10FU,NA,NA,NA,NA,NA,NA,NA,NA,NA,NA,NA,NA,NA,NA,NA,NA,NA,NA,NA,NA,NA,NA,NA
Ascomycota,Leotiomycetes,Helotiales,Ploettnerulaceae,Cadophora,Cadophora_sp;sh__SH0085143.10FU,jrk01286,Ascomycota,Leotiomycetes,Helotiales,Ploettnerulaceae,,litter_saprotroph,plant_pathogen,ectomycorrhizal_C._finlandica,foliar_endophyte,leaf/fruit/seed_pathogen,leaf/fruit/seed,,partly_aquatic,,,filamentous_mycelium,none,,,,,
Ascomycota,Dothideomycetes,Venturiales,Sympoventuriaceae,Pseudosigmoidea,Pseudosigmoidea_sp;sh__SH0009637.10FU,jrk07205,Ascomycota,Dothideomycetes,Venturiales,Sympoventuriaceae,,soil_saprotroph,root_endophyte_dark_septate,,root_endophyte_dark_septate,,soil,,non-aquatic,,,filamentous_mycelium,"perithecium_(hymenium_hidden,_narrow_opening)",closed,,,,
Ascomycota,Leotiomycetes,Helotiales,Ploettnerulaceae,Cadophora,Cadophora_sp;sh__SH0188209.10FU,jrk01286,Ascomycota,Leotiomycetes,Helotiales,Ploettnerulaceae,,litter_saprotroph,plant_pathogen,ectomycorrhizal_C._finlandica,foliar_endophyte,leaf/fruit/seed_pathogen,leaf/fruit/seed,,partly_aquatic,,,filamentous_mycelium,none,,,,,
Basidiomycota,Agaricomycetes,Agaricales,Entolomataceae,Entoloma,NA,jrk02963,Basidiomycota,Agaricomycetes,Agaricales,Entolomataceae,,soil_saprotroph,unspecified_symbiotroph,"CHEGD_symbiotrophs,ectomycorrhizal_ca_10%_of_species",root-associated,root-associated,"roots,soil",,non-aquatic,,,filamentous_mycelium,agaricoid,gills,medium-distance_smooth,/entoloma,,
Basidiomycota,Tremellomycetes,Tremellales,Cryptococcaceae,Cryptococcus,Cryptococcus_sp;sh__SH0062476.10FU,jrk02192,Basidiomycota,Tremellomycetes,Tremellales,Cryptococcaceae,,unspecified_saprotroph,foliar_endophyte,hypervariable,foliar_endophyte,,"leaf/fruit/seed,soil,dung,animal_material",,partly_aquatic,animal-associated/opportunistic_human_parasite,,yeast,none,,,,,
Mortierellomycota,Mortierellomycetes,Mortierellales,Mortierellaceae,Mortierella,Mortierella_sp;sh__SH0008098.10FU,jrk05302,Mortierellomycota,Mortierellomycetes,Mortierellales,Mortierellaceae,,soil_saprotroph,root-associated,,root-associated,root-associated,"roots,soil",chitinolytic,partly_aquatic,opportunistic_human_parasite,,filamentous_mycelium,none,none,,,,
Basidiomycota,Agaricomycetes,Russulales,Stereaceae,Acanthobasidium,Acanthobasidium_sp;sh__SH0187091.10FU,jrk00015,Basidiomycota,Agaricomycetes,Russulales,Stereaceae,,wood_saprotroph,,,,,wood,white_rot,non-aquatic,,,filamentous_mycelium,corticioid,smooth,,,,
Basidiomycota,Agaricomycetes,Sebacinales,Serendipitaceae,Serendipita,Serendipita_sp;sh__SH0160792.10FU,jrk08004,Basidiomycota,Agaricomycetes,Sebacinales,Serendipitaceae,,root_endophyte,soil_saprotroph,ectomycorrhizal_1%_species/ericoid_mycorrhizal_many_species/orchid_mycorrhizal,root_endophyte,,soil,,non-aquatic,,,filamentous_mycelium,none,none,,,,
Basidiomycota,Agaricomycetes,Sebacinales,Sebacinales_fam_Incertae_sedis,Sebacinales_gen_Incertae_sedis,Sebacinales_sp;sh__SH0163593.10FU,NA,NA,NA,NA,NA,NA,NA,NA,NA,NA,NA,NA,NA,NA,NA,NA,NA,NA,NA,NA,NA,NA,NA
Basidiomycota,Agaricomycetes,Trechisporales,Hydnodontaceae,Luellia,Luellia_cystidiata;sh__SH0075669.10FU,jrk04814,Basidiomycota,Agaricomycetes,Trechisporales,Hydnodontaceae,,wood_saprotroph,,,,,wood,white_rot,non-aquatic,,,filamentous_mycelium,corticioid,smooth,,,,
Basidiomycota,Agaricomycetes,Thelephorales,Thelephoraceae,Polyozellus,Polyozellus_umbrinus;sh__SH0099186.10FU,jrk06856,Basidiomycota,Agaricomycetes,Thelephorales,Thelephoraceae,,ectomycorrhizal,,,,,,,non-aquatic,,,filamentous_mycelium,clavarioid,smooth,medium-distance_smooth,/pseudotomentella,,
Ascomycota,Lecanoromycetes,Lecanoromycetes_ord_Incertae_sedis,Lecanoromycetes_fam_Incertae_sedis,Lecanoromycetes_gen_Incertae_sedis,Lecanoromycetes_sp;sh__SH0210919.10FU,NA,NA,NA,NA,NA,NA,NA,NA,NA,NA,NA,NA,NA,NA,NA,NA,NA,NA,NA,NA,NA,NA,NA
Basidiomycota,Agaricomycetes,Agaricales,Hymenogastraceae,Flammula,Flammula_abieticola;sh__SH0176692.10FU,jrk09565,Basidiomycota,Agaricomycetes,Agaricales,Hymenogastraceae,,wood_saprotroph,,,,,wood,white_rot,non-aquatic,,,filamentous_mycelium,agaricoid,gills,,,,
Basidiomycota,Agaricomycetes,Agaricales,Clavariaceae,Clavaria,Clavaria_sp;sh__SH0173689.10FU,jrk01836,Basidiomycota,Agaricomycetes,Agaricales,Clavariaceae,,soil_saprotroph,unspecified_symbiotroph,CHEGD_symbiotrophs,root-associated,root-associated,"roots,soil",,non-aquatic,,,filamentous_mycelium,clavarioid,smooth,,,,
Rozellomycota,Rozellomycotina_cls_Incertae_sedis,GS11,GS11_fam_Incertae_sedis,GS11_gen_Incertae_sedis,GS11_sp;sh__SH0048803.10FU,NA,NA,NA,NA,NA,NA,NA,NA,NA,NA,NA,NA,NA,NA,NA,NA,NA,NA,NA,NA,NA,NA,NA
Basidiomycota,Agaricomycetes,Sebacinales,Serendipitaceae,Serendipita,Serendipita_sp;sh__SH0066760.10FU,jrk08004,Basidiomycota,Agaricomycetes,Sebacinales,Serendipitaceae,,root_endophyte,soil_saprotroph,ectomycorrhizal_1%_species/ericoid_mycorrhizal_many_species/orchid_mycorrhizal,root_endophyte,,soil,,non-aquatic,,,filamentous_mycelium,none,none,,,,
Basidiomycota,Agaricomycetes,Boletales,Hygrophoropsidaceae,Hygrophoropsis,Hygrophoropsis_sp;sh__SH0070453.10FU,jrk04001,Basidiomycota,Agaricomycetes,Boletales,Hygrophoropsidaceae,,litter_saprotroph,wood_saprotroph,,,,"wood,leaf/fruit/seed",,non-aquatic,,,filamentous_mycelium,agaricoid,gills,,,,
Ascomycota,Dothideomycetes,Venturiales,Sympoventuriaceae,Pseudosigmoidea,Pseudosigmoidea_excentrica;sh__SH0009649.10FU,jrk07205,Ascomycota,Dothideomycetes,Venturiales,Sympoventuriaceae,,soil_saprotroph,root_endophyte_dark_septate,,root_endophyte_dark_septate,,soil,,non-aquatic,,,filamentous_mycelium,"perithecium_(hymenium_hidden,_narrow_opening)",closed,,,,
Ascomycota,Pezizomycetes,Pezizales,NA,NA,NA,NA,NA,NA,NA,NA,NA,NA,NA,NA,NA,NA,NA,NA,NA,NA,NA,NA,NA,NA,NA,NA,NA,NA
Ascomycota,Leotiomycetes,Helotiales,Helotiales_fam_Incertae_sedis,Helotiales_gen_Incertae_sedis,Helotiales_sp;sh__SH0008363.10FU,NA,NA,NA,NA,NA,NA,NA,NA,NA,NA,NA,NA,NA,NA,NA,NA,NA,NA,NA,NA,NA,NA,NA
Basidiomycota,Tremellomycetes,Tremellales,Cryptococcaceae,Cryptococcus,Cryptococcus_sp;sh__SH0193231.10FU,jrk02192,Basidiomycota,Tremellomycetes,Tremellales,Cryptococcaceae,,unspecified_saprotroph,foliar_endophyte,hypervariable,foliar_endophyte,,"leaf/fruit/seed,soil,dung,animal_material",,partly_aquatic,animal-associated/opportunistic_human_parasite,,yeast,none,,,,,
Ascomycota,Leotiomycetes,Helotiales,Dermateaceae,Pezicula,Pezicula_ericae,jrk06333,Ascomycota,Leotiomycetes,Helotiales,Dermateaceae,,root_endophyte,soil_saprotroph,litter_saprotroph_many_species,root_endophyte,leaf/fruit/seed_pathogen,soil,,non-aquatic,,,filamentous_mycelium,apothecium_(hymenium_on_surface),smooth,,,,
Mortierellomycota,Mortierellomycetes,Mortierellales,Mortierellaceae,Mortierella,Mortierella_sp;sh__SH0192884.10FU,jrk05302,Mortierellomycota,Mortierellomycetes,Mortierellales,Mortierellaceae,,soil_saprotroph,root-associated,,root-associated,root-associated,"roots,soil",chitinolytic,partly_aquatic,opportunistic_human_parasite,,filamentous_mycelium,none,none,,,,
NA,NA,NA,NA,NA,NA,NA,NA,NA,NA,NA,NA,NA,NA,NA,NA,NA,NA,NA,NA,NA,NA,NA,NA,NA,NA,NA,NA,NA
Basidiomycota,Agaricomycetes,Agaricales,Mycenaceae,Mycenaceae_gen_Incertae_sedis,Mycenaceae_sp;sh__SH0134115.10FU,NA,NA,NA,NA,NA,NA,NA,NA,NA,NA,NA,NA,NA,NA,NA,NA,NA,NA,NA,NA,NA,NA,NA
Basidiomycota,Agaricomycetes,Boletales,Boletaceae,Neoboletus,Neoboletus_xanthopus;sh__SH0087327.10FU,jrk05579,Basidiomycota,Agaricomycetes,Boletales,Boletaceae,,ectomycorrhizal,,,,,,,non-aquatic,,,filamentous_mycelium,agaricoid,poroid,long-distance,/boletus,,
Mortierellomycota,Mortierellomycetes,Mortierellales,Mortierellaceae,Linnemannia,Linnemannia_schmuckeri;sh__SH0154888.10FU,NA,NA,NA,NA,NA,NA,NA,NA,NA,NA,NA,NA,NA,NA,NA,NA,NA,NA,NA,NA,NA,NA,NA
Basidiomycota,Agaricomycetes,Russulales,Russulaceae,Russula,Russula_emetica;sh__SH0152335.10FU,jrk07726,Basidiomycota,Agaricomycetes,Russulales,Russulaceae,,ectomycorrhizal,,,,,,,non-aquatic,,,filamentous_mycelium,agaricoid,gills,contact,/russula-lactarius,,
Fungi_phy_Incertae_sedis,Fungi_cls_Incertae_sedis,Fungi_ord_Incertae_sedis,Fungi_fam_Incertae_sedis,Fungi_gen_Incertae_sedis,Fungi_sp;sh__SH0074445.10FU,NA,NA,NA,NA,NA,NA,NA,NA,NA,NA,NA,NA,NA,NA,NA,NA,NA,NA,NA,NA,NA,NA,NA
Ascomycota,Dothideomycetes,Capnodiales,Capnodiales_fam_Incertae_sedis,Capnodiales_gen_Incertae_sedis,Capnodiales_sp;sh__SH0100675.10FU,NA,NA,NA,NA,NA,NA,NA,NA,NA,NA,NA,NA,NA,NA,NA,NA,NA,NA,NA,NA,NA,NA,NA
Basidiomycota,Agaricomycetes,Sebacinales,Serendipitaceae,Serendipita,Serendipita_sp;sh__SH0066879.10FU,jrk08004,Basidiomycota,Agaricomycetes,Sebacinales,Serendipitaceae,,root_endophyte,soil_saprotroph,ectomycorrhizal_1%_species/ericoid_mycorrhizal_many_species/orchid_mycorrhizal,root_endophyte,,soil,,non-aquatic,,,filamentous_mycelium,none,none,,,,
Basidiomycota,Agaricomycetes,Auriculariales,Auriculariales_fam_Incertae_sedis,Basidiodendron,Basidiodendron_mexicanum;sh__SH0151897.10FU,jrk00939,Basidiomycota,Agaricomycetes,Auriculariales,Auriculariales family incertae sedis,,wood_saprotroph,,,,,wood,,non-aquatic,,,filamentous_mycelium,corticioid,smooth,,,,
Basidiomycota,Tremellomycetes,Tremellales,Cryptococcaceae,Cryptococcus,Cryptococcus_watticus;sh__SH0167859.10FU,jrk02192,Basidiomycota,Tremellomycetes,Tremellales,Cryptococcaceae,,unspecified_saprotroph,foliar_endophyte,hypervariable,foliar_endophyte,,"leaf/fruit/seed,soil,dung,animal_material",,partly_aquatic,animal-associated/opportunistic_human_parasite,,yeast,none,,,,,
Basidiomycota,Agaricomycetes,Sebacinales,Serendipitaceae,Serendipita,Serendipita_sp;sh__SH0160797.10FU,jrk08004,Basidiomycota,Agaricomycetes,Sebacinales,Serendipitaceae,,root_endophyte,soil_saprotroph,ectomycorrhizal_1%_species/ericoid_mycorrhizal_many_species/orchid_mycorrhizal,root_endophyte,,soil,,non-aquatic,,,filamentous_mycelium,none,none,,,,
Ascomycota,Pezizomycetes,Pezizales,Pyronemataceae,Wilcoxina,Wilcoxina_rehmii;sh__SH0025032.10FU,jrk09337,Ascomycota,Pezizomycetes,Pezizales,Pyronemataceae,,ectomycorrhizal,,,,,,,non-aquatic,,,filamentous_mycelium,apothecium_(hymenium_on_surface),smooth,short-distance_coarse,/wilcoxina,,
Basidiomycota,Agaricomycetes,Trechisporales,Hydnodontaceae,Trechispora,Trechispora_sp;sh__SH0143696.10FU,jrk08926,Basidiomycota,Agaricomycetes,Trechisporales,Hydnodontaceae,,wood_saprotroph,,,,,wood,white_rot,non-aquatic,,,filamentous_mycelium,corticioid,poroid,,,,
Basidiomycota,Agaricomycetes,Boletales,Suillaceae,Suillus,Suillus_flavidus;sh__SH0145048.10FU,jrk08511,Basidiomycota,Agaricomycetes,Boletales,Suillaceae,,ectomycorrhizal,,,,,,,non-aquatic,,Pinaceae,filamentous_mycelium,agaricoid,poroid,long-distance,/suillus-rhizopogon,,
Ascomycota,Leotiomycetes,Helotiales,Hyaloscyphaceae,Hyaloscyphaceae_gen_Incertae_sedis,Hyaloscyphaceae_sp;sh__SH0110852.10FU,NA,NA,NA,NA,NA,NA,NA,NA,NA,NA,NA,NA,NA,NA,NA,NA,NA,NA,NA,NA,NA,NA,NA
Basidiomycota,Agaricomycetes,Agaricales,Mycenaceae,Mycena,Mycena_aurantiomarginata;sh__SH0013570.10FU,jrk05357,Basidiomycota,Agaricomycetes,Agaricales,Mycenaceae,,litter_saprotroph,root-associated,wood_saprotroph_many_species,root-associated,leaf/fruit/seed_pathogen,leaf/fruit/seed,,non-aquatic,,,filamentous_mycelium,agaricoid,gills,,,,
Fungi_phy_Incertae_sedis,Fungi_cls_Incertae_sedis,Fungi_ord_Incertae_sedis,Fungi_fam_Incertae_sedis,Fungi_gen_Incertae_sedis,Fungi_sp;sh__SH0154485.10FU,NA,NA,NA,NA,NA,NA,NA,NA,NA,NA,NA,NA,NA,NA,NA,NA,NA,NA,NA,NA,NA,NA,NA
Ascomycota,Leotiomycetes,Helotiales,Mollisiaceae,Mollisia,Mollisia_sp;sh__SH0019187.10FU,jrk05247,Ascomycota,Leotiomycetes,Helotiales,Mollisiaceae,,plant_pathogen,litter_saprotroph,,foliar_endophyte,leaf/fruit/seed_pathogen,leaf/fruit/seed,soft_rot,partly_freshwater_(partly_non-aquatic),,,filamentous_mycelium,apothecium_(hymenium_on_surface),smooth,,,,
Ascomycota,Leotiomycetes,NA,NA,NA,NA,NA,NA,NA,NA,NA,NA,NA,NA,NA,NA,NA,NA,NA,NA,NA,NA,NA,NA,NA,NA,NA,NA,NA
NA,NA,NA,NA,NA,NA,NA,NA,NA,NA,NA,NA,NA,NA,NA,NA,NA,NA,NA,NA,NA,NA,NA,NA,NA,NA,NA,NA,NA
Ascomycota,Leotiomycetes,Helotiales,Helotiales_fam_Incertae_sedis,Helotiales_gen_Incertae_sedis,Helotiales_sp;sh__SH0013029.10FU,NA,NA,NA,NA,NA,NA,NA,NA,NA,NA,NA,NA,NA,NA,NA,NA,NA,NA,NA,NA,NA,NA,NA
NA,NA,NA,NA,NA,NA,NA,NA,NA,NA,NA,NA,NA,NA,NA,NA,NA,NA,NA,NA,NA,NA,NA,NA,NA,NA,NA,NA,NA
Ascomycota,Dothideomycetes,Mytilinidiales,Mytilinidiaceae,Mytilinidiaceae_gen_Incertae_sedis,Mytilinidiaceae_sp;sh__SH0190550.10FU,NA,NA,NA,NA,NA,NA,NA,NA,NA,NA,NA,NA,NA,NA,NA,NA,NA,NA,NA,NA,NA,NA,NA
Ascomycota,Leotiomycetes,Helotiales,Dermateaceae,Cryptosporiopsis,Cryptosporiopsis_sp;sh__SH0093318.10FU,jrk09857,Ascomycota,Leotiomycetes,Helotiales,Dermateaceae,,unspecified_saprotroph,,,,,,,non-aquatic,,,filamentous_mycelium,none,,,,,
Ascomycota,Sordariomycetes,Hypocreales,Cylindriaceae,Cylindrium,Cylindrium_algarvense;sh__SH0056096.10FU,jrk02296,Ascomycota,Sordariomycetes,Amphisphaeriales,Cylindriaceae,,plant_pathogen,,,,leaf/fruit/seed_pathogen,,,,,,filamentous_mycelium,none,,,,,
Ascomycota,Leotiomycetes,Helotiales,Helotiales_fam_Incertae_sedis,Helotiales_gen_Incertae_sedis,Helotiales_sp;sh__SH0008452.10FU,NA,NA,NA,NA,NA,NA,NA,NA,NA,NA,NA,NA,NA,NA,NA,NA,NA,NA,NA,NA,NA,NA,NA
Ascomycota,Pezizomycotina_cls_Incertae_sedis,Pezizomycotina_ord_Incertae_sedis,Pezizomycotina_fam_Incertae_sedis,Pezizomycotina_gen_Incertae_sedis,Pezizomycotina_sp;sh__SH0076474.10FU,NA,NA,NA,NA,NA,NA,NA,NA,NA,NA,NA,NA,NA,NA,NA,NA,NA,NA,NA,NA,NA,NA,NA
Basidiomycota,Agaricomycetes,Atheliales,Atheliaceae,Tretomyces,Tretomyces_lutescens;sh__SH0062702.10FU,jrk08948,Basidiomycota,Agaricomycetes,Atheliales,Atheliaceae,,ectomycorrhizal,,,,,,,non-aquatic,,,filamentous_mycelium,corticioid,smooth,medium-distance_fringe,/piloderma,,
Basidiomycota,Agaricomycetes,Agaricomycetes_ord_Incertae_sedis,Agaricomycetes_fam_Incertae_sedis,Agaricomycetes_gen_Incertae_sedis,Agaricomycetes_sp;sh__SH0075699.10FU,NA,NA,NA,NA,NA,NA,NA,NA,NA,NA,NA,NA,NA,NA,NA,NA,NA,NA,NA,NA,NA,NA,NA
Mucoromycota,Endogonomycetes,Endogonomycetes_ord_Incertae_sedis,Endogonomycetes_fam_Incertae_sedis,Endogonomycetes_gen_Incertae_sedis,Endogonomycetes_sp;sh__SH0116913.10FU,NA,NA,NA,NA,NA,NA,NA,NA,NA,NA,NA,NA,NA,NA,NA,NA,NA,NA,NA,NA,NA,NA,NA
Mucoromycota,Endogonomycetes,GS21,GS21_fam_Incertae_sedis,GS21_gen_Incertae_sedis,GS21_sp;sh__SH0195568.10FU,NA,NA,NA,NA,NA,NA,NA,NA,NA,NA,NA,NA,NA,NA,NA,NA,NA,NA,NA,NA,NA,NA,NA
NA,NA,NA,NA,NA,NA,NA,NA,NA,NA,NA,NA,NA,NA,NA,NA,NA,NA,NA,NA,NA,NA,NA,NA,NA,NA,NA,NA,NA
Ascomycota,Eurotiomycetes,Sclerococcales,Dactylosporaceae,Dactylospora,Dactylospora_sp;sh__SH0154769.10FU,jrk10110,Ascomycota,Eurotiomycetes,Sclerococcales,Dactylosporaceae,,lichen_parasite,fungal_decomposer,saprotroph_unspecified_some_species,,,"fungal_material,algal_material",,non-aquatic,,,filamentous_mycelium,"perithecium_(hymenium_hidden,_narrow_opening)",,,,,
Ascomycota,Ascomycota_cls_Incertae_sedis,Ascomycota_ord_Incertae_sedis,Ascomycota_fam_Incertae_sedis,Ascomycota_gen_Incertae_sedis,Ascomycota_sp;sh__SH0194601.10FU,NA,NA,NA,NA,NA,NA,NA,NA,NA,NA,NA,NA,NA,NA,NA,NA,NA,NA,NA,NA,NA,NA,NA
Ascomycota,Ascomycota_cls_Incertae_sedis,Ascomycota_ord_Incertae_sedis,Ascomycota_fam_Incertae_sedis,Ascomycota_gen_Incertae_sedis,Ascomycota_sp;sh__SH0110602.10FU,NA,NA,NA,NA,NA,NA,NA,NA,NA,NA,NA,NA,NA,NA,NA,NA,NA,NA,NA,NA,NA,NA,NA
Basidiomycota,Agaricomycetes,Sebacinales,Sebacinaceae,Sebacina,Sebacina_sp;sh__SH0136830.10FU,jrk07952,Basidiomycota,Agaricomycetes,Sebacinales,Sebacinaceae,,ectomycorrhizal,,,,,,,non-aquatic,,,filamentous_mycelium,corticioid,smooth,short-distance_delicate,/sebacina,,
Ascomycota,Archaeorhizomycetes,Archaeorhizomycetales,Archaeorhizomycetaceae,Archaeorhizomyces,Archaeorhizomyces_sp;sh__SH0176961.10FU,jrk00567,Ascomycota,Archaeorhizomycetes,Archaeorhizomycetales,Archaeorhizomycetaceae,,soil_saprotroph,root-associated,,root-associated,root-associated,"roots,soil",,non-aquatic,,,filamentous_mycelium,none,none,,,,
Rozellomycota,NA,NA,NA,NA,NA,NA,NA,NA,NA,NA,NA,NA,NA,NA,NA,NA,NA,NA,NA,NA,NA,NA,NA,NA,NA,NA,NA,NA
Ascomycota,Leotiomycetes,Helotiales,Helotiales_fam_Incertae_sedis,Helotiales_gen_Incertae_sedis,Helotiales_sp;sh__SH0008363.10FU,NA,NA,NA,NA,NA,NA,NA,NA,NA,NA,NA,NA,NA,NA,NA,NA,NA,NA,NA,NA,NA,NA,NA
Basidiomycota,Microbotryomycetes,Microbotryomycetes_ord_Incertae_sedis,Microbotryomycetes_fam_Incertae_sedis,Microbotryomycetes_gen_Incertae_sedis,Microbotryomycetes_sp;sh__SH0194957.10FU,NA,NA,NA,NA,NA,NA,NA,NA,NA,NA,NA,NA,NA,NA,NA,NA,NA,NA,NA,NA,NA,NA,NA
Basidiomycota,Agaricomycetes,Agaricales,Agaricaceae,Cystolepiota,Cystolepiota_sp;sh__SH0053521.10FU,jrk02345,Basidiomycota,Agaricomycetes,Agaricales,Agaricaceae,,soil_saprotroph,,,,,soil,,non-aquatic,,,filamentous_mycelium,agaricoid,gills,,,,
Mortierellomycota,Mortierellomycetes,Mortierellales,Mortierellaceae,Linnemannia,Linnemannia_amoeboidea;sh__SH0154858.10FU,NA,NA,NA,NA,NA,NA,NA,NA,NA,NA,NA,NA,NA,NA,NA,NA,NA,NA,NA,NA,NA,NA,NA
Basidiomycota,Agaricomycetes,Trechisporales,Hydnodontaceae,Trechispora,Trechispora_sp;sh__SH0143701.10FU,jrk08926,Basidiomycota,Agaricomycetes,Trechisporales,Hydnodontaceae,,wood_saprotroph,,,,,wood,white_rot,non-aquatic,,,filamentous_mycelium,corticioid,poroid,,,,
Ascomycota,Sordariomycetes,Amphisphaeriales,NA,NA,NA,NA,NA,NA,NA,NA,NA,NA,NA,NA,NA,NA,NA,NA,NA,NA,NA,NA,NA,NA,NA,NA,NA,NA
Ascomycota,Pezizomycetes,Pezizales,NA,NA,NA,NA,NA,NA,NA,NA,NA,NA,NA,NA,NA,NA,NA,NA,NA,NA,NA,NA,NA,NA,NA,NA,NA,NA
Basidiomycota,Basidiomycota_cls_Incertae_sedis,Basidiomycota_ord_Incertae_sedis,Basidiomycota_fam_Incertae_sedis,Basidiomycota_gen_Incertae_sedis,Basidiomycota_sp;sh__SH0073879.10FU,NA,NA,NA,NA,NA,NA,NA,NA,NA,NA,NA,NA,NA,NA,NA,NA,NA,NA,NA,NA,NA,NA,NA
NA,NA,NA,NA,NA,NA,NA,NA,NA,NA,NA,NA,NA,NA,NA,NA,NA,NA,NA,NA,NA,NA,NA,NA,NA,NA,NA,NA,NA
Basidiomycota,Agaricomycetes,Thelephorales,Thelephoraceae,Thelephora,Thelephora_humicola;sh__SH0125758.10FU,jrk08781,Basidiomycota,Agaricomycetes,Thelephorales,Thelephoraceae,,ectomycorrhizal,,,,,,,non-aquatic,,,filamentous_mycelium,clavarioid,smooth,medium-distance_smooth,/tomentella-thelephora,,
Basidiomycota,Exobasidiomycetes,Entylomatales,Entylomatales_fam_Incertae_sedis,Entylomatales_gen_Incertae_sedis,Entylomatales_sp;sh__SH0193383.10FU,NA,NA,NA,NA,NA,NA,NA,NA,NA,NA,NA,NA,NA,NA,NA,NA,NA,NA,NA,NA,NA,NA,NA
Basidiomycota,Microbotryomycetes,Microbotryomycetes_ord_Incertae_sedis,Microbotryomycetes_fam_Incertae_sedis,Microbotryomycetes_gen_Incertae_sedis,Microbotryomycetes_sp;sh__SH0070037.10FU,NA,NA,NA,NA,NA,NA,NA,NA,NA,NA,NA,NA,NA,NA,NA,NA,NA,NA,NA,NA,NA,NA,NA
Ascomycota,Archaeorhizomycetes,Archaeorhizomycetales,Archaeorhizomycetaceae,Archaeorhizomyces,Archaeorhizomyces_sp;sh__SH0093811.10FU,jrk00567,Ascomycota,Archaeorhizomycetes,Archaeorhizomycetales,Archaeorhizomycetaceae,,soil_saprotroph,root-associated,,root-associated,root-associated,"roots,soil",,non-aquatic,,,filamentous_mycelium,none,none,,,,
Ascomycota,Leotiomycetes,Helotiales,Helotiaceae,Dendrospora,Dendrospora_tenella;sh__SH0174275.10FU,jrk02463,Ascomycota,Leotiomycetes,Helotiales,Helotiaceae,,litter_saprotroph,,,,,leaf/fruit/seed,,partly_aquatic,,,filamentous_mycelium,none,,,,,
Basidiomycota,Agaricomycetes,Auriculariales,Oliveoniaceae,Oliveonia,Oliveonia_sp;sh__SH0048865.10FU,jrk05892,Basidiomycota,Agaricomycetes,Auriculariales,Oliveoniaceae,,wood_saprotroph,,,,,wood,,non-aquatic,,,filamentous_mycelium,corticioid,smooth,,,,
Ascomycota,Leotiomycetes,Helotiales,Helotiaceae,Dendrospora,Dendrospora_tenella;sh__SH0174275.10FU,jrk02463,Ascomycota,Leotiomycetes,Helotiales,Helotiaceae,,litter_saprotroph,,,,,leaf/fruit/seed,,partly_aquatic,,,filamentous_mycelium,none,,,,,
Rozellomycota,Rozellomycotina_cls_Incertae_sedis,GS11,GS11_fam_Incertae_sedis,GS11_gen_Incertae_sedis,GS11_sp,NA,NA,NA,NA,NA,NA,NA,NA,NA,NA,NA,NA,NA,NA,NA,NA,NA,NA,NA,NA,NA,NA,NA
Basidiomycota,Agaricomycetes,Atheliales,Byssocorticiaceae,Byssocorticium,Byssocorticium_pulchrum;sh__SH0082984.10FU,jrk01271,Basidiomycota,Agaricomycetes,Atheliales,Atheliaceae,,ectomycorrhizal,,,,,,,non-aquatic,,,filamentous_mycelium,corticioid,smooth,medium-distance_fringe,/byssocorticium,,
Chytridiomycota,Rhizophydiomycetes,Rhizophydiales,Rhizophydiaceae,Rhizophydiaceae_gen_Incertae_sedis,Rhizophydiaceae_sp;sh__SH0007600.10FU,NA,NA,NA,NA,NA,NA,NA,NA,NA,NA,NA,NA,NA,NA,NA,NA,NA,NA,NA,NA,NA,NA,NA
Ascomycota,NA,NA,NA,NA,NA,NA,NA,NA,NA,NA,NA,NA,NA,NA,NA,NA,NA,NA,NA,NA,NA,NA,NA,NA,NA,NA,NA,NA
Mortierellomycota,Mortierellomycetes,Mortierellales,Mortierellaceae,Mortierella,Mortierella_sp,jrk05302,Mortierellomycota,Mortierellomycetes,Mortierellales,Mortierellaceae,,soil_saprotroph,root-associated,,root-associated,root-associated,"roots,soil",chitinolytic,partly_aquatic,opportunistic_human_parasite,,filamentous_mycelium,none,none,,,,
Ascomycota,Leotiomycetes,Leotiomycetes_ord_Incertae_sedis,Leotiomycetes_fam_Incertae_sedis,Leotiomycetes_gen_Incertae_sedis,Leotiomycetes_sp;sh__SH0008351.10FU,NA,NA,NA,NA,NA,NA,NA,NA,NA,NA,NA,NA,NA,NA,NA,NA,NA,NA,NA,NA,NA,NA,NA
NA,NA,NA,NA,NA,NA,NA,NA,NA,NA,NA,NA,NA,NA,NA,NA,NA,NA,NA,NA,NA,NA,NA,NA,NA,NA,NA,NA,NA
Mortierellomycota,Mortierellomycetes,Mortierellales,Mortierellaceae,NA,NA,NA,NA,NA,NA,NA,NA,NA,NA,NA,NA,NA,NA,NA,NA,NA,NA,NA,NA,NA,NA,NA,NA,NA
Basidiomycota,Agaricomycetes,Thelephorales,Thelephoraceae,Polyozellus,Polyozellus_tristis;sh__SH0099189.10FU,jrk06856,Basidiomycota,Agaricomycetes,Thelephorales,Thelephoraceae,,ectomycorrhizal,,,,,,,non-aquatic,,,filamentous_mycelium,clavarioid,smooth,medium-distance_smooth,/pseudotomentella,,
Ascomycota,Leotiomycetes,Helotiales,Helotiales_fam_Incertae_sedis,Helotiales_gen_Incertae_sedis,Helotiales_sp;sh__SH0003954.10FU,NA,NA,NA,NA,NA,NA,NA,NA,NA,NA,NA,NA,NA,NA,NA,NA,NA,NA,NA,NA,NA,NA,NA
Basidiomycota,Agaricomycetes,Thelephorales,Thelephoraceae,Thelephoraceae_gen_Incertae_sedis,Thelephoraceae_sp;sh__SH0126813.10FU,NA,NA,NA,NA,NA,NA,NA,NA,NA,NA,NA,NA,NA,NA,NA,NA,NA,NA,NA,NA,NA,NA,NA
Ascomycota,Leotiomycetes,Leotiales,Tympanidaceae,Tympanidaceae_gen_Incertae_sedis,Tympanidaceae_sp,NA,NA,NA,NA,NA,NA,NA,NA,NA,NA,NA,NA,NA,NA,NA,NA,NA,NA,NA,NA,NA,NA,NA
NA,NA,NA,NA,NA,NA,NA,NA,NA,NA,NA,NA,NA,NA,NA,NA,NA,NA,NA,NA,NA,NA,NA,NA,NA,NA,NA,NA,NA
Basidiomycota,Basidiomycota_cls_Incertae_sedis,Basidiomycota_ord_Incertae_sedis,Basidiomycota_fam_Incertae_sedis,Basidiomycota_gen_Incertae_sedis,Basidiomycota_sp;sh__SH0172511.10FU,NA,NA,NA,NA,NA,NA,NA,NA,NA,NA,NA,NA,NA,NA,NA,NA,NA,NA,NA,NA,NA,NA,NA
Ascomycota,Leotiomycetes,Helotiales,Helotiaceae,Dendrospora,Dendrospora_tenella;sh__SH0174275.10FU,jrk02463,Ascomycota,Leotiomycetes,Helotiales,Helotiaceae,,litter_saprotroph,,,,,leaf/fruit/seed,,partly_aquatic,,,filamentous_mycelium,none,,,,,
Basidiomycota,Agaricomycetes,Atheliales,Atheliales_fam_Incertae_sedis,Atheliales_gen_Incertae_sedis,Atheliales_sp;sh__SH0016483.10FU,NA,NA,NA,NA,NA,NA,NA,NA,NA,NA,NA,NA,NA,NA,NA,NA,NA,NA,NA,NA,NA,NA,NA
Basidiomycota,Agaricomycetes,Russulales,Russulaceae,Russula,Russula_sp;sh__SH0152216.10FU,jrk07726,Basidiomycota,Agaricomycetes,Russulales,Russulaceae,,ectomycorrhizal,,,,,,,non-aquatic,,,filamentous_mycelium,agaricoid,gills,contact,/russula-lactarius,,
Basidiomycota,Agaricomycetes,Agaricales,Hygrophoraceae,Cuphophyllus,Cuphophyllus_virgineus;sh__SH0149048.10FU,jrk02253,Basidiomycota,Agaricomycetes,Agaricales,Hygrophoraceae,,soil_saprotroph,unspecified_symbiotroph,CHEGD_symbiotrophs,root-associated,root-associated,"roots,soil",,non-aquatic,,,filamentous_mycelium,agaricoid,gills,,,,
Mortierellomycota,Mortierellomycetes,Mortierellales,Mortierellaceae,Mortierellaceae_gen_Incertae_sedis,Mortierellaceae_sp;sh__SH0018417.10FU,NA,NA,NA,NA,NA,NA,NA,NA,NA,NA,NA,NA,NA,NA,NA,NA,NA,NA,NA,NA,NA,NA,NA
Mortierellomycota,Mortierellomycetes,Mortierellales,Mortierellaceae,Tyroliella,Tyroliella_animi-liberi;sh__SH0146091.10FU,NA,NA,NA,NA,NA,NA,NA,NA,NA,NA,NA,NA,NA,NA,NA,NA,NA,NA,NA,NA,NA,NA,NA
Ascomycota,Leotiomycetes,Leotiales,Leotiaceae,Microglossum,Microglossum_viride;sh__SH0013050.10FU,jrk05152,Ascomycota,Leotiomycetes,Leotiales,Leotiaceae,,litter_saprotroph,,,,,leaf/fruit/seed,,non-aquatic,,,filamentous_mycelium,apothecium_(hymenium_on_surface),smooth,,,,
NA,NA,NA,NA,NA,NA,NA,NA,NA,NA,NA,NA,NA,NA,NA,NA,NA,NA,NA,NA,NA,NA,NA,NA,NA,NA,NA,NA,NA
Basidiomycota,Agaricomycetes,Atheliales,Atheliaceae,Athelia,Athelia_arachnoidea;sh__SH0076178.10FU,jrk00750,Basidiomycota,Agaricomycetes,Atheliales,Atheliaceae,,lichen_parasite,fungal_decomposer,wood_saprotroph_some_species,,algal_parasite,"fungal_material,algal_material",,non-aquatic,,algae,filamentous_mycelium,corticioid,smooth,,,,
NA,NA,NA,NA,NA,NA,NA,NA,NA,NA,NA,NA,NA,NA,NA,NA,NA,NA,NA,NA,NA,NA,NA,NA,NA,NA,NA,NA,NA
Basidiomycota,Agaricomycetes,Boletales,Boletaceae,Leccinum,Leccinum_holopus;sh__SH0100769.10FU,jrk04527,Basidiomycota,Agaricomycetes,Boletales,Boletaceae,,ectomycorrhizal,,,,,,,non-aquatic,,,filamentous_mycelium,agaricoid,poroid,long-distance,/boletus,,
Basidiomycota,Agaricomycetes,Agaricales,Clavariaceae,Clavulinopsis,Clavulinopsis_sp;sh__SH0120231.10FU,jrk01853,Basidiomycota,Agaricomycetes,Agaricales,Clavariaceae,,soil_saprotroph,unspecified_symbiotroph,CHEGD_symbiotrophs,root-associated,root-associated,"roots,soil",,non-aquatic,,,filamentous_mycelium,clavarioid,smooth,,,,
Basidiomycota,Agaricomycetes,Agaricales,Entolomataceae,Entoloma,Entoloma_queletii;sh__SH0160671.10FU,jrk02963,Basidiomycota,Agaricomycetes,Agaricales,Entolomataceae,,soil_saprotroph,unspecified_symbiotroph,"CHEGD_symbiotrophs,ectomycorrhizal_ca_10%_of_species",root-associated,root-associated,"roots,soil",,non-aquatic,,,filamentous_mycelium,agaricoid,gills,medium-distance_smooth,/entoloma,,
Ascomycota,NA,NA,NA,NA,NA,NA,NA,NA,NA,NA,NA,NA,NA,NA,NA,NA,NA,NA,NA,NA,NA,NA,NA,NA,NA,NA,NA,NA
Ascomycota,Leotiomycetes,Helotiales,Helotiales_fam_Incertae_sedis,Helotiales_gen_Incertae_sedis,Helotiales_sp,NA,NA,NA,NA,NA,NA,NA,NA,NA,NA,NA,NA,NA,NA,NA,NA,NA,NA,NA,NA,NA,NA,NA
Ascomycota,Eurotiomycetes,Chaetothyriales,Chaetothyriales_fam_Incertae_sedis,Chaetothyriales_gen_Incertae_sedis,Chaetothyriales_sp;sh__SH0062378.10FU,NA,NA,NA,NA,NA,NA,NA,NA,NA,NA,NA,NA,NA,NA,NA,NA,NA,NA,NA,NA,NA,NA,NA
Basidiomycota,Tremellomycetes,Tremellales,Bulleribasidiaceae,Dioszegia,NA,jrk02664,Basidiomycota,Tremellomycetes,Tremellales,Bulleribasidiaceae,,litter_saprotroph,,,,,leaf/fruit/seed,,non-aquatic,,,yeast,none,,,,,
Ascomycota,Eurotiomycetes,Chaetothyriales,Chaetothyriales_fam_Incertae_sedis,Chaetothyriales_gen_Incertae_sedis,Chaetothyriales_sp;sh__SH0062378.10FU,NA,NA,NA,NA,NA,NA,NA,NA,NA,NA,NA,NA,NA,NA,NA,NA,NA,NA,NA,NA,NA,NA,NA
Ascomycota,Leotiomycetes,Helotiales,Helotiales_fam_Incertae_sedis,Helotiales_gen_Incertae_sedis,Helotiales_sp;sh__SH0008495.10FU,NA,NA,NA,NA,NA,NA,NA,NA,NA,NA,NA,NA,NA,NA,NA,NA,NA,NA,NA,NA,NA,NA,NA
Ascomycota,Leotiomycetes,Leotiomycetes_ord_Incertae_sedis,Leotiomycetes_fam_Incertae_sedis,Leotiomycetes_gen_Incertae_sedis,Leotiomycetes_sp;sh__SH0008460.10FU,NA,NA,NA,NA,NA,NA,NA,NA,NA,NA,NA,NA,NA,NA,NA,NA,NA,NA,NA,NA,NA,NA,NA
Basidiomycota,Agaricomycetes,Agaricales,Stephanosporaceae,Stephanospora,Stephanospora_sp;sh__SH0185185.10FU,jrk08385,Basidiomycota,Agaricomycetes,Agaricales,Stephanosporaceae,,soil_saprotroph,,,,,soil,,non-aquatic,,,filamentous_mycelium,gasteroid-hypogeous,closed,,,,
Basidiomycota,Agaricomycetes,Agaricales,Cortinariaceae,Cortinarius,Cortinarius_heterosporus;sh__SH0171112.10FU,jrk02100,Basidiomycota,Agaricomycetes,Agaricales,Cortinariaceae,,ectomycorrhizal,,,,,,,non-aquatic,,,filamentous_mycelium,agaricoid,gills,medium-distance_fringe,/cortinarius,,
Ascomycota,Leotiomycetes,Helotiales,Hyaloscyphaceae,Hyaloscyphaceae_gen_Incertae_sedis,Hyaloscyphaceae_sp;sh__SH0110852.10FU,NA,NA,NA,NA,NA,NA,NA,NA,NA,NA,NA,NA,NA,NA,NA,NA,NA,NA,NA,NA,NA,NA,NA
Glomeromycota,Glomeromycetes,Glomerales,Glomeraceae,Glomeraceae_gen_Incertae_sedis,Glomeraceae_sp;sh__SH0010752.10FU,NA,NA,NA,NA,NA,NA,NA,NA,NA,NA,NA,NA,NA,NA,NA,NA,NA,NA,NA,NA,NA,NA,NA
Basidiomycota,Agaricomycetes,Boletales,Boletaceae,Leccinum,Leccinum_holopus;sh__SH0100769.10FU,jrk04527,Basidiomycota,Agaricomycetes,Boletales,Boletaceae,,ectomycorrhizal,,,,,,,non-aquatic,,,filamentous_mycelium,agaricoid,poroid,long-distance,/boletus,,
Ascomycota,Dothideomycetes,Dothideomycetes_ord_Incertae_sedis,Dothideomycetes_fam_Incertae_sedis,Dothideomycetes_gen_Incertae_sedis,Dothideomycetes_sp;sh__SH0116329.10FU,NA,NA,NA,NA,NA,NA,NA,NA,NA,NA,NA,NA,NA,NA,NA,NA,NA,NA,NA,NA,NA,NA,NA
Basidiomycota,Tremellomycetes,Tremellales,Bulleribasidiaceae,Dioszegia,Dioszegia_rishiriensis;sh__SH0002180.10FU,jrk02664,Basidiomycota,Tremellomycetes,Tremellales,Bulleribasidiaceae,,litter_saprotroph,,,,,leaf/fruit/seed,,non-aquatic,,,yeast,none,,,,,
Ascomycota,Leotiomycetes,NA,NA,NA,NA,NA,NA,NA,NA,NA,NA,NA,NA,NA,NA,NA,NA,NA,NA,NA,NA,NA,NA,NA,NA,NA,NA,NA
Ascomycota,Sordariomycetes,Atractosporales,Atractosporales_fam_Incertae_sedis,Atractosporales_gen_Incertae_sedis,Atractosporales_sp;sh__SH0103634.10FU,NA,NA,NA,NA,NA,NA,NA,NA,NA,NA,NA,NA,NA,NA,NA,NA,NA,NA,NA,NA,NA,NA,NA
NA,NA,NA,NA,NA,NA,NA,NA,NA,NA,NA,NA,NA,NA,NA,NA,NA,NA,NA,NA,NA,NA,NA,NA,NA,NA,NA,NA,NA
Basidiomycota,Agaricomycetes,Agaricomycetes_ord_Incertae_sedis,Agaricomycetes_fam_Incertae_sedis,Agaricomycetes_gen_Incertae_sedis,Agaricomycetes_sp;sh__SH0076540.10FU,NA,NA,NA,NA,NA,NA,NA,NA,NA,NA,NA,NA,NA,NA,NA,NA,NA,NA,NA,NA,NA,NA,NA
Basidiomycota,Tremellomycetes,Tremellales,Bulleribasidiaceae,Dioszegia,NA,jrk02664,Basidiomycota,Tremellomycetes,Tremellales,Bulleribasidiaceae,,litter_saprotroph,,,,,leaf/fruit/seed,,non-aquatic,,,yeast,none,,,,,
Ascomycota,Leotiomycetes,Helotiales,Helotiales_fam_Incertae_sedis,Helotiales_gen_Incertae_sedis,Helotiales_sp;sh__SH0020440.10FU,NA,NA,NA,NA,NA,NA,NA,NA,NA,NA,NA,NA,NA,NA,NA,NA,NA,NA,NA,NA,NA,NA,NA
Basidiomycota,Tremellomycetes,Tremellales,Bulleribasidiaceae,Dioszegia,NA,jrk02664,Basidiomycota,Tremellomycetes,Tremellales,Bulleribasidiaceae,,litter_saprotroph,,,,,leaf/fruit/seed,,non-aquatic,,,yeast,none,,,,,
Chytridiomycota,Spizellomycetes,Spizellomycetales,Spizellomycetales_fam_Incertae_sedis,Spizellomycetales_gen_Incertae_sedis,Spizellomycetales_sp;sh__SH0024906.10FU,NA,NA,NA,NA,NA,NA,NA,NA,NA,NA,NA,NA,NA,NA,NA,NA,NA,NA,NA,NA,NA,NA,NA
Basidiomycota,Agaricomycetes,NA,NA,NA,NA,NA,NA,NA,NA,NA,NA,NA,NA,NA,NA,NA,NA,NA,NA,NA,NA,NA,NA,NA,NA,NA,NA,NA
Basidiomycota,Agaricomycetes,Sebacinales,Sebacinales_fam_Incertae_sedis,Sebacinales_gen_Incertae_sedis,Sebacinales_sp;sh__SH0160802.10FU,NA,NA,NA,NA,NA,NA,NA,NA,NA,NA,NA,NA,NA,NA,NA,NA,NA,NA,NA,NA,NA,NA,NA
Basidiomycota,Agaricomycetes,Russulales,Bondarzewiaceae,Heterobasidion,Heterobasidion_araucariae;sh__SH0188949.10FU,jrk03833,Basidiomycota,Agaricomycetes,Russulales,Bondarzewiaceae,,plant_pathogen,wood_saprotroph,,,wood_pathogen,wood,white_rot,non-aquatic,,,filamentous_mycelium,polyporoid,poroid,,,,
Ascomycota,Dothideomycetes,Venturiales,Sympoventuriaceae,Fusicladium,Fusicladium_sp;sh__SH0156964.10FU,jrk03296,Ascomycota,Dothideomycetes,Venturiales,Sympoventuriaceae,,plant_pathogen,,,,leaf/fruit/seed_pathogen,,,non-aquatic,,,filamentous_mycelium,"perithecium_(hymenium_hidden,_narrow_opening)",closed,,,,
Ascomycota,Eurotiomycetes,Eurotiales,Elaphomycetaceae,Elaphomyces,Elaphomyces_sp;sh__SH0167694.10FU,jrk02855,Ascomycota,Eurotiomycetes,Eurotiales,Elaphomycetaceae,,ectomycorrhizal,,,,,,,non-aquatic,,,filamentous_mycelium,gasteroid-hypogeous,closed,short-distance_delicate,/elaphomyces,,
Basidiomycota,Agaricomycetes,Agaricales,Cortinariaceae,Cortinarius,Cortinarius_muscicola;sh__SH0191498.10FU,jrk02100,Basidiomycota,Agaricomycetes,Agaricales,Cortinariaceae,,ectomycorrhizal,,,,,,,non-aquatic,,,filamentous_mycelium,agaricoid,gills,medium-distance_fringe,/cortinarius,,
Basidiomycota,Microbotryomycetes,Leucosporidiales,Leucosporidiaceae,Leucosporidium,Leucosporidium_sp;sh__SH0194948.10FU,jrk04665,Basidiomycota,Microbotryomycetes,Microbotryales,Leucosporidiaceae,,soil_saprotroph,,,,,soil,,partly_aquatic,,,yeast,none,none,,,,
Basidiomycota,Basidiomycota_cls_Incertae_sedis,Basidiomycota_ord_Incertae_sedis,Basidiomycota_fam_Incertae_sedis,Basidiomycota_gen_Incertae_sedis,Basidiomycota_sp;sh__SH0073962.10FU,NA,NA,NA,NA,NA,NA,NA,NA,NA,NA,NA,NA,NA,NA,NA,NA,NA,NA,NA,NA,NA,NA,NA
Basidiomycota,Agaricomycetes,Russulales,Russulaceae,Russula,NA,jrk07726,Basidiomycota,Agaricomycetes,Russulales,Russulaceae,,ectomycorrhizal,,,,,,,non-aquatic,,,filamentous_mycelium,agaricoid,gills,contact,/russula-lactarius,,
Mortierellomycota,Mortierellomycetes,Mortierellales,Mortierellaceae,Mortierella,Mortierella_tsukubaensis;sh__SH0192871.10FU,jrk05302,Mortierellomycota,Mortierellomycetes,Mortierellales,Mortierellaceae,,soil_saprotroph,root-associated,,root-associated,root-associated,"roots,soil",chitinolytic,partly_aquatic,opportunistic_human_parasite,,filamentous_mycelium,none,none,,,,
Ascomycota,Leotiomycetes,Helotiales,Myxotrichaceae,Myxotrichaceae_gen_Incertae_sedis,Myxotrichaceae_sp;sh__SH0003996.10FU,NA,NA,NA,NA,NA,NA,NA,NA,NA,NA,NA,NA,NA,NA,NA,NA,NA,NA,NA,NA,NA,NA,NA
Ascomycota,Leotiomycetes,Rhytismatales,Rhytismataceae,Rhytismataceae_gen_Incertae_sedis,Rhytismataceae_sp;sh__SH0088877.10FU,NA,NA,NA,NA,NA,NA,NA,NA,NA,NA,NA,NA,NA,NA,NA,NA,NA,NA,NA,NA,NA,NA,NA
Basidiomycota,Agaricomycetes,Atheliales,Atheliaceae,Piloderma,Piloderma_olivaceum;sh__SH0195958.10FU,jrk06623,Basidiomycota,Agaricomycetes,Atheliales,Atheliaceae,,ectomycorrhizal,,,,,,,non-aquatic,,,filamentous_mycelium,corticioid,smooth,medium-distance_fringe,/piloderma,,
Basidiomycota,Agaricomycetes,Thelephorales,Thelephoraceae,Tomentellopsis,Tomentellopsis_sp;sh__SH0138623.10FU,jrk08877,Basidiomycota,Agaricomycetes,Thelephorales,Thelephoraceae,,ectomycorrhizal,,,,,,,non-aquatic,,,filamentous_mycelium,corticioid,smooth,medium-distance_smooth,/tomentellopsis,,
Mucoromycota,Endogonomycetes,Endogonales,Endogonales_fam_Incertae_sedis,Endogonales_gen_Incertae_sedis,Endogonales_sp;sh__SH0152044.10FU,NA,NA,NA,NA,NA,NA,NA,NA,NA,NA,NA,NA,NA,NA,NA,NA,NA,NA,NA,NA,NA,NA,NA
Ascomycota,Leotiomycetes,Helotiales,Helotiales_fam_Incertae_sedis,Helotiales_gen_Incertae_sedis,Helotiales_sp;sh__SH0008363.10FU,NA,NA,NA,NA,NA,NA,NA,NA,NA,NA,NA,NA,NA,NA,NA,NA,NA,NA,NA,NA,NA,NA,NA
Ascomycota,Leotiomycetes,Helotiales,Vibrisseaceae,Vibrissea,NA,jrk09327,Ascomycota,Leotiomycetes,Helotiales,Vibrisseaceae,,litter_saprotroph,,,,,leaf/fruit/seed,,partly_aquatic,,,filamentous_mycelium,apothecium_(hymenium_on_surface),smooth,,,,
Mortierellomycota,Mortierellomycetes,Mortierellales,Mortierellaceae,Linnemannia,Linnemannia_amoeboidea;sh__SH0030607.10FU,NA,NA,NA,NA,NA,NA,NA,NA,NA,NA,NA,NA,NA,NA,NA,NA,NA,NA,NA,NA,NA,NA,NA
Ascomycota,Leotiomycetes,Leotiales,Tympanidaceae,Tympanidaceae_gen_Incertae_sedis,Tympanidaceae_sp;sh__SH0085759.10FU,NA,NA,NA,NA,NA,NA,NA,NA,NA,NA,NA,NA,NA,NA,NA,NA,NA,NA,NA,NA,NA,NA,NA
Basidiomycota,GS27,GS27_ord_Incertae_sedis,GS27_ord_Incertae_sedis_fam_Incertae_sedis,GS27_ord_Incertae_sedis_gen_Incertae_sedis,GS27_ord_Incertae_sedis_sp;sh__SH0149983.10FU,NA,NA,NA,NA,NA,NA,NA,NA,NA,NA,NA,NA,NA,NA,NA,NA,NA,NA,NA,NA,NA,NA,NA
NA,NA,NA,NA,NA,NA,NA,NA,NA,NA,NA,NA,NA,NA,NA,NA,NA,NA,NA,NA,NA,NA,NA,NA,NA,NA,NA,NA,NA
Ascomycota,Leotiomycetes,Helotiales,Helotiales_fam_Incertae_sedis,Leohumicola,Leohumicola_sp,jrk04577,Ascomycota,Leotiomycetes,Helotiales,Helotiales family incertae sedis,,soil_saprotroph,ericoid_mycorrhizal,,root_endophyte_dark_septate,root-associated,"soil,roots",,non-aquatic,,,filamentous_mycelium,none,none,,,,
Basidiomycota,Agaricomycetes,Thelephorales,Thelephoraceae,Thelephora,Thelephora_sp;sh__SH0126055.10FU,jrk08781,Basidiomycota,Agaricomycetes,Thelephorales,Thelephoraceae,,ectomycorrhizal,,,,,,,non-aquatic,,,filamentous_mycelium,clavarioid,smooth,medium-distance_smooth,/tomentella-thelephora,,
Ascomycota,Leotiomycetes,Helotiales,Cenangiaceae,Encoelia,Encoelia_glaberrima;sh__SH0156778.10FU,jrk02895,Ascomycota,Leotiomycetes,Helotiales,Cenangiaceae,,wood_saprotroph,litter_saprotroph,,,,"wood,leaf/fruit/seed",,non-aquatic,,,filamentous_mycelium,apothecium_(hymenium_on_surface),smooth,,,,
Ascomycota,Leotiomycetes,NA,NA,NA,NA,NA,NA,NA,NA,NA,NA,NA,NA,NA,NA,NA,NA,NA,NA,NA,NA,NA,NA,NA,NA,NA,NA,NA
Basidiomycota,Agaricomycetes,Polyporales,Polyporaceae,Trametes,Trametes_cystidiolophora;sh__SH0089021.10FU,jrk08915,Basidiomycota,Agaricomycetes,Polyporales,Polyporaceae,,wood_saprotroph,,wood_pathogen_some_species,,,wood,white_rot,partly_aquatic,,,filamentous_mycelium,polyporoid,poroid,,,,
Glomeromycota,Glomeromycetes,Glomerales,Glomeraceae,Oehlia,Oehlia_sp;sh__SH0016538.10FU,jrk05878,Glomeromycota,Glomeromycetes,Glomerales,Glomeraceae,,arbuscular_mycorrhizal,root-associated,,root_endophyte,,,,,,,filamentous_mycelium,none,none,,,,
Chytridiomycota,Chytridiomycota_cls_Incertae_sedis,Chytridiomycota_ord_Incertae_sedis,Chytridiomycota_fam_Incertae_sedis,Chytridiomycota_gen_Incertae_sedis,Chytridiomycota_sp;sh__SH0168831.10FU,NA,NA,NA,NA,NA,NA,NA,NA,NA,NA,NA,NA,NA,NA,NA,NA,NA,NA,NA,NA,NA,NA,NA
Basidiomycota,Agaricomycetes,Agaricomycetes_ord_Incertae_sedis,Agaricomycetes_fam_Incertae_sedis,Agaricomycetes_gen_Incertae_sedis,Agaricomycetes_sp;sh__SH0003496.10FU,NA,NA,NA,NA,NA,NA,NA,NA,NA,NA,NA,NA,NA,NA,NA,NA,NA,NA,NA,NA,NA,NA,NA
Ascomycota,Ascomycota_cls_Incertae_sedis,Ascomycota_ord_Incertae_sedis,Ascomycota_fam_Incertae_sedis,Ascomycota_gen_Incertae_sedis,Ascomycota_sp;sh__SH0016545.10FU,NA,NA,NA,NA,NA,NA,NA,NA,NA,NA,NA,NA,NA,NA,NA,NA,NA,NA,NA,NA,NA,NA,NA
Fungi_phy_Incertae_sedis,Fungi_cls_Incertae_sedis,Fungi_ord_Incertae_sedis,Fungi_fam_Incertae_sedis,Fungi_gen_Incertae_sedis,Fungi_sp;sh__SH0168036.10FU,NA,NA,NA,NA,NA,NA,NA,NA,NA,NA,NA,NA,NA,NA,NA,NA,NA,NA,NA,NA,NA,NA,NA
Ascomycota,Dothideomycetes,Mycosphaerellales,Mycosphaerellaceae,NA,NA,NA,NA,NA,NA,NA,NA,NA,NA,NA,NA,NA,NA,NA,NA,NA,NA,NA,NA,NA,NA,NA,NA,NA
Ascomycota,Leotiomycetes,Helotiales,Helotiales_fam_Incertae_sedis,Helotiales_gen_Incertae_sedis,Helotiales_sp;sh__SH0075186.10FU,NA,NA,NA,NA,NA,NA,NA,NA,NA,NA,NA,NA,NA,NA,NA,NA,NA,NA,NA,NA,NA,NA,NA
Basidiomycota,Agaricomycetes,Atheliales,Byssocorticiaceae,Athelopsis,Athelopsis_lembospora;sh__SH0010538.10FU,jrk00756,Basidiomycota,Agaricomycetes,Atheliales,Atheliaceae,,wood_saprotroph,,,,,wood,white_rot,non-aquatic,,,filamentous_mycelium,corticioid,smooth,,,,
Ascomycota,Leotiomycetes,Helotiales,Helotiales_fam_Incertae_sedis,Helotiales_gen_Incertae_sedis,Helotiales_sp;sh__SH0051123.10FU,NA,NA,NA,NA,NA,NA,NA,NA,NA,NA,NA,NA,NA,NA,NA,NA,NA,NA,NA,NA,NA,NA,NA
Ascomycota,Eurotiomycetes,Chaetothyriales,Herpotrichiellaceae,Exophiala,Exophiala_prostantherae;sh__SH0116053.10FU,jrk03104,Ascomycota,Eurotiomycetes,Chaetothyriales,Herpotrichiellaceae,,animal_parasite,litter_saprotroph,,root_endophyte_dark_septate,root-associated,"leaf/fruit/seed,animal_material",,partly_aquatic,animal_parasite/opportunistic_human_parasite,,dimorphic_yeast,none,,,,,
Basidiomycota,Agaricomycetes,Agaricales,Cortinariaceae,Cortinarius,Cortinarius_stillatitius;sh__SH0191743.10FU,jrk02100,Basidiomycota,Agaricomycetes,Agaricales,Cortinariaceae,,ectomycorrhizal,,,,,,,non-aquatic,,,filamentous_mycelium,agaricoid,gills,medium-distance_fringe,/cortinarius,,
Basidiomycota,Agaricomycetes,Agaricales,Agaricales_fam_Incertae_sedis,Agaricales_gen_Incertae_sedis,Agaricales_sp;sh__SH0090720.10FU,NA,NA,NA,NA,NA,NA,NA,NA,NA,NA,NA,NA,NA,NA,NA,NA,NA,NA,NA,NA,NA,NA,NA
Ascomycota,Dothideomycetes,Dothideomycetes_ord_Incertae_sedis,Dothideomycetes_fam_Incertae_sedis,Dothideomycetes_gen_Incertae_sedis,Dothideomycetes_sp;sh__SH0020108.10FU,NA,NA,NA,NA,NA,NA,NA,NA,NA,NA,NA,NA,NA,NA,NA,NA,NA,NA,NA,NA,NA,NA,NA
Basidiomycota,Agaricomycetes,Agaricales,Agaricales_fam_Incertae_sedis,Agaricales_gen_Incertae_sedis,Agaricales_sp;sh__SH0002714.10FU,NA,NA,NA,NA,NA,NA,NA,NA,NA,NA,NA,NA,NA,NA,NA,NA,NA,NA,NA,NA,NA,NA,NA
Ascomycota,Leotiomycetes,Helotiales,Hyaloscyphaceae,NA,NA,NA,NA,NA,NA,NA,NA,NA,NA,NA,NA,NA,NA,NA,NA,NA,NA,NA,NA,NA,NA,NA,NA,NA
Ascomycota,Eurotiomycetes,Eurotiales,Elaphomycetaceae,Elaphomyces,Elaphomyces_sp;sh__SH0167694.10FU,jrk02855,Ascomycota,Eurotiomycetes,Eurotiales,Elaphomycetaceae,,ectomycorrhizal,,,,,,,non-aquatic,,,filamentous_mycelium,gasteroid-hypogeous,closed,short-distance_delicate,/elaphomyces,,
Ascomycota,Leotiomycetes,Helotiales,Mollisiaceae,Mollisia,Mollisia_albogrisea;sh__SH0083043.10FU,jrk05247,Ascomycota,Leotiomycetes,Helotiales,Mollisiaceae,,plant_pathogen,litter_saprotroph,,foliar_endophyte,leaf/fruit/seed_pathogen,leaf/fruit/seed,soft_rot,partly_freshwater_(partly_non-aquatic),,,filamentous_mycelium,apothecium_(hymenium_on_surface),smooth,,,,
NA,NA,NA,NA,NA,NA,NA,NA,NA,NA,NA,NA,NA,NA,NA,NA,NA,NA,NA,NA,NA,NA,NA,NA,NA,NA,NA,NA,NA
Ascomycota,Leotiomycetes,Rhytismatales,Rhytismataceae,Lophodermium,Lophodermium_seditiosum;sh__SH0115749.10FU,jrk04797,Ascomycota,Leotiomycetes,Rhytismatales,Rhytismataceae,,plant_pathogen,litter_saprotroph,,foliar_endophyte,leaf/fruit/seed_pathogen,leaf/fruit/seed,,partly_freshwater_(partly_non-aquatic),,,filamentous_mycelium,apothecium_(hymenium_on_surface),smooth,,,,
Basidiomycota,Agaricomycetes,Sebacinales,Serendipitaceae,Serendipitaceae_gen_Incertae_sedis,Serendipitaceae_sp;sh__SH0003269.10FU,NA,NA,NA,NA,NA,NA,NA,NA,NA,NA,NA,NA,NA,NA,NA,NA,NA,NA,NA,NA,NA,NA,NA
Ascomycota,Leotiomycetes,Leotiomycetes_ord_Incertae_sedis,Leotiomycetes_fam_Incertae_sedis,Leotiomycetes_gen_Incertae_sedis,Leotiomycetes_sp;sh__SH0149294.10FU,NA,NA,NA,NA,NA,NA,NA,NA,NA,NA,NA,NA,NA,NA,NA,NA,NA,NA,NA,NA,NA,NA,NA
Ascomycota,Dothideomycetes,Pleosporales,Didymosphaeriaceae,NA,NA,NA,NA,NA,NA,NA,NA,NA,NA,NA,NA,NA,NA,NA,NA,NA,NA,NA,NA,NA,NA,NA,NA,NA
Ascomycota,Archaeorhizomycetes,Archaeorhizomycetales,Archaeorhizomycetaceae,Archaeorhizomyces,Archaeorhizomyces_borealis;sh__SH0034241.10FU,jrk00567,Ascomycota,Archaeorhizomycetes,Archaeorhizomycetales,Archaeorhizomycetaceae,,soil_saprotroph,root-associated,,root-associated,root-associated,"roots,soil",,non-aquatic,,,filamentous_mycelium,none,none,,,,
Ascomycota,Leotiomycetes,Helotiales,Hyaloscyphaceae,Hyaloscyphaceae_gen_Incertae_sedis,Hyaloscyphaceae_sp;sh__SH0110623.10FU,NA,NA,NA,NA,NA,NA,NA,NA,NA,NA,NA,NA,NA,NA,NA,NA,NA,NA,NA,NA,NA,NA,NA
Ascomycota,Eurotiomycetes,Chaetothyriales,Herpotrichiellaceae,Exophiala,Exophiala_castellanii;sh__SH0097533.10FU,jrk03104,Ascomycota,Eurotiomycetes,Chaetothyriales,Herpotrichiellaceae,,animal_parasite,litter_saprotroph,,root_endophyte_dark_septate,root-associated,"leaf/fruit/seed,animal_material",,partly_aquatic,animal_parasite/opportunistic_human_parasite,,dimorphic_yeast,none,,,,,
Basidiomycota,Microbotryomycetes,Sporidiobolales,Sporidiobolales_fam_Incertae_sedis,Sporidiobolales_gen_Incertae_sedis,Sporidiobolales_sp;sh__SH0144882.10FU,NA,NA,NA,NA,NA,NA,NA,NA,NA,NA,NA,NA,NA,NA,NA,NA,NA,NA,NA,NA,NA,NA,NA
Ascomycota,Eurotiomycetes,Chaetothyriales,Chaetothyriales_fam_Incertae_sedis,Chaetothyriales_gen_Incertae_sedis,Chaetothyriales_sp;sh__SH0153970.10FU,NA,NA,NA,NA,NA,NA,NA,NA,NA,NA,NA,NA,NA,NA,NA,NA,NA,NA,NA,NA,NA,NA,NA
Basidiomycota,Agaricomycetes,Sebacinales,Serendipitaceae,Serendipita,Serendipita_sp,jrk08004,Basidiomycota,Agaricomycetes,Sebacinales,Serendipitaceae,,root_endophyte,soil_saprotroph,ectomycorrhizal_1%_species/ericoid_mycorrhizal_many_species/orchid_mycorrhizal,root_endophyte,,soil,,non-aquatic,,,filamentous_mycelium,none,none,,,,
Basidiomycota,Agaricomycetes,NA,NA,NA,NA,NA,NA,NA,NA,NA,NA,NA,NA,NA,NA,NA,NA,NA,NA,NA,NA,NA,NA,NA,NA,NA,NA,NA
Basidiomycota,Agaricomycetes,Thelephorales,Thelephoraceae,Thelephora,Thelephora_eucoerulea;sh__SH0127082.10FU,jrk08781,Basidiomycota,Agaricomycetes,Thelephorales,Thelephoraceae,,ectomycorrhizal,,,,,,,non-aquatic,,,filamentous_mycelium,clavarioid,smooth,medium-distance_smooth,/tomentella-thelephora,,
Basidiomycota,Agaricomycetes,Boletales,Boletaceae,Leccinum,NA,jrk04527,Basidiomycota,Agaricomycetes,Boletales,Boletaceae,,ectomycorrhizal,,,,,,,non-aquatic,,,filamentous_mycelium,agaricoid,poroid,long-distance,/boletus,,
Basidiomycota,Agaricomycetes,Sebacinales,Serendipitaceae,Serendipita,Serendipita_sp;sh__SH0066895.10FU,jrk08004,Basidiomycota,Agaricomycetes,Sebacinales,Serendipitaceae,,root_endophyte,soil_saprotroph,ectomycorrhizal_1%_species/ericoid_mycorrhizal_many_species/orchid_mycorrhizal,root_endophyte,,soil,,non-aquatic,,,filamentous_mycelium,none,none,,,,
Basidiomycota,Agaricomycetes,Atheliales,Atheliales_fam_Incertae_sedis,Atheliales_gen_Incertae_sedis,Atheliales_sp;sh__SH0082996.10FU,NA,NA,NA,NA,NA,NA,NA,NA,NA,NA,NA,NA,NA,NA,NA,NA,NA,NA,NA,NA,NA,NA,NA
NA,NA,NA,NA,NA,NA,NA,NA,NA,NA,NA,NA,NA,NA,NA,NA,NA,NA,NA,NA,NA,NA,NA,NA,NA,NA,NA,NA,NA
Rozellomycota,Rozellomycota_cls_Incertae_sedis,Rozellomycota_ord_Incertae_sedis,Rozellomycota_fam_Incertae_sedis,Rozellomycota_gen_Incertae_sedis,Rozellomycota_sp;sh__SH0191160.10FU,NA,NA,NA,NA,NA,NA,NA,NA,NA,NA,NA,NA,NA,NA,NA,NA,NA,NA,NA,NA,NA,NA,NA
Ascomycota,Lecanoromycetes,Acarosporales,Acarosporaceae,Acarospora,Acarospora_sp;sh__SH0187258.10FU,jrk00044,Ascomycota,Lecanoromycetes,Acarosporales,Acarosporaceae,,lichenized,,,,,,,non-aquatic,,,thallus_photosynthetic,apothecium_(hymenium_on_surface),smooth,,,chlorococcoid,
Ascomycota,Dothideomycetes,Gloniales,Gloniaceae,Pseudocenococcum,Pseudocenococcum_floridanum;sh__SH0179852.10FU,jrk07033,Ascomycota,Dothideomycetes,Gloniales,Gloniaceae,,soil_saprotroph,,,,,soil,,non-aquatic,,,filamentous_mycelium,"perithecium_(hymenium_hidden,_narrow_opening)",,,,,
Basidiomycota,Agaricomycetes,Boletales,Suillaceae,Suillus,Suillus_bellinii;sh__SH0145057.10FU,jrk08511,Basidiomycota,Agaricomycetes,Boletales,Suillaceae,,ectomycorrhizal,,,,,,,non-aquatic,,Pinaceae,filamentous_mycelium,agaricoid,poroid,long-distance,/suillus-rhizopogon,,
Basidiomycota,Agaricomycetes,Agaricales,Inocybaceae,Inocybe,Inocybe_sp,jrk04145,Basidiomycota,Agaricomycetes,Agaricales,Inocybaceae,,ectomycorrhizal,,,,,,,non-aquatic,,,filamentous_mycelium,agaricoid,gills,short-distance_delicate,/inocybe,,
Rozellomycota,Rozellomycota_cls_Incertae_sedis,Rozellomycota_ord_Incertae_sedis,Rozellomycota_fam_Incertae_sedis,Rozellomycota_gen_Incertae_sedis,Rozellomycota_sp;sh__SH0146815.10FU,NA,NA,NA,NA,NA,NA,NA,NA,NA,NA,NA,NA,NA,NA,NA,NA,NA,NA,NA,NA,NA,NA,NA
Ascomycota,Dothideomycetes,Venturiales,Venturiales_fam_Incertae_sedis,Venturiales_gen_Incertae_sedis,Venturiales_sp;sh__SH0056767.10FU,NA,NA,NA,NA,NA,NA,NA,NA,NA,NA,NA,NA,NA,NA,NA,NA,NA,NA,NA,NA,NA,NA,NA
Basidiomycota,Agaricomycetes,Agaricales,Cortinariaceae,Cortinarius,NA,jrk02100,Basidiomycota,Agaricomycetes,Agaricales,Cortinariaceae,,ectomycorrhizal,,,,,,,non-aquatic,,,filamentous_mycelium,agaricoid,gills,medium-distance_fringe,/cortinarius,,
Ascomycota,Leotiomycetes,Helotiales,Sclerotiniaceae,Clarireedia,Clarireedia_bennettii;sh__SH0145284.10FU,jrk01814,Ascomycota,Leotiomycetes,Helotiales,Sclerotiniaceae,,plant_pathogen,,,,leaf/fruit/seed_pathogen,,,non-aquatic,,,filamentous_mycelium,apothecium_(hymenium_on_surface),smooth,,,,
Ascomycota,Dothideomycetes,Gloniales,Gloniaceae,Pseudocenococcum,Pseudocenococcum_floridanum;sh__SH0179852.10FU,jrk07033,Ascomycota,Dothideomycetes,Gloniales,Gloniaceae,,soil_saprotroph,,,,,soil,,non-aquatic,,,filamentous_mycelium,"perithecium_(hymenium_hidden,_narrow_opening)",,,,,
Basidiomycota,Agaricomycetes,Trechisporales,Hydnodontaceae,Trechispora,Trechispora_sp;sh__SH0006940.10FU,jrk08926,Basidiomycota,Agaricomycetes,Trechisporales,Hydnodontaceae,,wood_saprotroph,,,,,wood,white_rot,non-aquatic,,,filamentous_mycelium,corticioid,poroid,,,,
Basidiomycota,Agaricostilbomycetes,Agaricostilbales,Chionosphaeraceae,Chionosphaeraceae_gen_Incertae_sedis,Chionosphaeraceae_sp;sh__SH0153569.10FU,NA,NA,NA,NA,NA,NA,NA,NA,NA,NA,NA,NA,NA,NA,NA,NA,NA,NA,NA,NA,NA,NA,NA
Basidiomycota,Agaricomycetes,Sebacinales,Sebacinales_fam_Incertae_sedis,Sebacinales_gen_Incertae_sedis,Sebacinales_sp;sh__SH0163593.10FU,NA,NA,NA,NA,NA,NA,NA,NA,NA,NA,NA,NA,NA,NA,NA,NA,NA,NA,NA,NA,NA,NA,NA
Ascomycota,Leotiomycetes,Helotiales,NA,NA,NA,NA,NA,NA,NA,NA,NA,NA,NA,NA,NA,NA,NA,NA,NA,NA,NA,NA,NA,NA,NA,NA,NA,NA
NA,NA,NA,NA,NA,NA,NA,NA,NA,NA,NA,NA,NA,NA,NA,NA,NA,NA,NA,NA,NA,NA,NA,NA,NA,NA,NA,NA,NA
Basidiomycota,Agaricomycetes,Thelephorales,Thelephoraceae,Thelephora,Thelephora_stuposa;sh__SH0128240.10FU,jrk08781,Basidiomycota,Agaricomycetes,Thelephorales,Thelephoraceae,,ectomycorrhizal,,,,,,,non-aquatic,,,filamentous_mycelium,clavarioid,smooth,medium-distance_smooth,/tomentella-thelephora,,
Mucoromycota,Mucoromycotina_cls_Incertae_sedis,Mucoromycotina_ord_Incertae_sedis,Mucoromycotina_fam_Incertae_sedis,Bifiguratus,Bifiguratus_sp;sh__SH0196592.10FU,jrk01024,Mucoromycota,Mucoromycota class incertae sedis,Mucoromycota order incertae sedis,Mucoromycota family incertae sedis,,soil_saprotroph,,,,,soil,mold,non-aquatic,,,filamentous_mycelium,none,none,,,,
Basidiomycota,Agaricomycetes,Thelephorales,Thelephoraceae,Tomentella,Tomentella_sp;sh__SH0125852.10FU,jrk08875,Basidiomycota,Agaricomycetes,Thelephorales,Thelephoraceae,,ectomycorrhizal,,,,,,,non-aquatic,,,filamentous_mycelium,corticioid,smooth,medium-distance_smooth,/tomentella-thelephora,,
Ascomycota,Leotiomycetes,Rhytismatales,Rhytismataceae,NA,NA,NA,NA,NA,NA,NA,NA,NA,NA,NA,NA,NA,NA,NA,NA,NA,NA,NA,NA,NA,NA,NA,NA,NA
Basidiomycota,Agaricomycetes,Agaricomycetes_ord_Incertae_sedis,Agaricomycetes_fam_Incertae_sedis,Agaricomycetes_gen_Incertae_sedis,Agaricomycetes_sp;sh__SH0183541.10FU,NA,NA,NA,NA,NA,NA,NA,NA,NA,NA,NA,NA,NA,NA,NA,NA,NA,NA,NA,NA,NA,NA,NA
Basidiomycota,Agaricomycetes,Sebacinales,Serendipitaceae,Serendipita,Serendipita_sp;sh__SH0003238.10FU,jrk08004,Basidiomycota,Agaricomycetes,Sebacinales,Serendipitaceae,,root_endophyte,soil_saprotroph,ectomycorrhizal_1%_species/ericoid_mycorrhizal_many_species/orchid_mycorrhizal,root_endophyte,,soil,,non-aquatic,,,filamentous_mycelium,none,none,,,,
Ascomycota,NA,NA,NA,NA,NA,NA,NA,NA,NA,NA,NA,NA,NA,NA,NA,NA,NA,NA,NA,NA,NA,NA,NA,NA,NA,NA,NA,NA
Mortierellomycota,Mortierellomycetes,Mortierellales,Mortierellaceae,Entomortierella,Entomortierella_parvispora;sh__SH0089571.10FU,NA,NA,NA,NA,NA,NA,NA,NA,NA,NA,NA,NA,NA,NA,NA,NA,NA,NA,NA,NA,NA,NA,NA
Ascomycota,Leotiomycetes,Helotiales,Helotiales_fam_Incertae_sedis,Helotiales_gen_Incertae_sedis,Helotiales_sp;sh__SH0008363.10FU,NA,NA,NA,NA,NA,NA,NA,NA,NA,NA,NA,NA,NA,NA,NA,NA,NA,NA,NA,NA,NA,NA,NA
Basidiomycota,Agaricomycetes,Agaricales,Psathyrellaceae,Psathyrella,Psathyrella_tenuicula;sh__SH0182669.10FU,jrk06986,Basidiomycota,Agaricomycetes,Agaricales,Psathyrellaceae,,wood_saprotroph,litter_saprotroph,,,,"wood,leaf/fruit/seed",,partly_aquatic,,,filamentous_mycelium,agaricoid,gills,,,,
Rozellomycota,Rozellomycota_cls_Incertae_sedis,Rozellomycota_ord_Incertae_sedis,Rozellomycota_fam_Incertae_sedis,Rozellomycota_gen_Incertae_sedis,Rozellomycota_sp;sh__SH0023866.10FU,NA,NA,NA,NA,NA,NA,NA,NA,NA,NA,NA,NA,NA,NA,NA,NA,NA,NA,NA,NA,NA,NA,NA
Ascomycota,Dothideomycetes,Venturiales,Sympoventuriaceae,Sympoventuriaceae_gen_Incertae_sedis,Sympoventuriaceae_sp;sh__SH0009650.10FU,NA,NA,NA,NA,NA,NA,NA,NA,NA,NA,NA,NA,NA,NA,NA,NA,NA,NA,NA,NA,NA,NA,NA
Basidiomycota,Agaricomycetes,Agaricomycetes_ord_Incertae_sedis,Agaricomycetes_fam_Incertae_sedis,Agaricomycetes_gen_Incertae_sedis,Agaricomycetes_sp;sh__SH0150288.10FU,NA,NA,NA,NA,NA,NA,NA,NA,NA,NA,NA,NA,NA,NA,NA,NA,NA,NA,NA,NA,NA,NA,NA
Basidiomycota,Agaricomycetes,Russulales,Russulaceae,Lactarius,Lactarius_rufus;sh__SH0082962.10FU,jrk04429,Basidiomycota,Agaricomycetes,Russulales,Russulaceae,,ectomycorrhizal,,,,,,,non-aquatic,,,filamentous_mycelium,agaricoid,gills,medium-distance_smooth,/russula-lactarius,,
Ascomycota,Dothideomycetes,Gloniales,Gloniaceae,Pseudocenococcum,Pseudocenococcum_floridanum;sh__SH0179852.10FU,jrk07033,Ascomycota,Dothideomycetes,Gloniales,Gloniaceae,,soil_saprotroph,,,,,soil,,non-aquatic,,,filamentous_mycelium,"perithecium_(hymenium_hidden,_narrow_opening)",,,,,
Basidiomycota,Tremellomycetes,Tremellales,Tremellales_fam_Incertae_sedis,Tremellales_gen_Incertae_sedis,Tremellales_sp;sh__SH0062439.10FU,NA,NA,NA,NA,NA,NA,NA,NA,NA,NA,NA,NA,NA,NA,NA,NA,NA,NA,NA,NA,NA,NA,NA
Basidiomycota,Agaricomycetes,Agaricales,Cortinariaceae,Cortinarius,Cortinarius_sp;sh__SH0191943.10FU,jrk02100,Basidiomycota,Agaricomycetes,Agaricales,Cortinariaceae,,ectomycorrhizal,,,,,,,non-aquatic,,,filamentous_mycelium,agaricoid,gills,medium-distance_fringe,/cortinarius,,
Basidiomycota,Agaricomycetes,Agaricales,Amanitaceae,Amanita,Amanita_porphyria;sh__SH0177675.10FU,jrk00264,Basidiomycota,Agaricomycetes,Agaricales,Amanitaceae,,ectomycorrhizal,,,,,,,non-aquatic,,,filamentous_mycelium,agaricoid,gills,contact,/amanita,,
Ascomycota,Leotiomycetes,Helotiales,Helotiales_fam_Incertae_sedis,Helotiales_gen_Incertae_sedis,Helotiales_sp;sh__SH0006441.10FU,NA,NA,NA,NA,NA,NA,NA,NA,NA,NA,NA,NA,NA,NA,NA,NA,NA,NA,NA,NA,NA,NA,NA
Ascomycota,Leotiomycetes,Leotiales,Tympanidaceae,Tympanidaceae_gen_Incertae_sedis,Tympanidaceae_sp;sh__SH0085753.10FU,NA,NA,NA,NA,NA,NA,NA,NA,NA,NA,NA,NA,NA,NA,NA,NA,NA,NA,NA,NA,NA,NA,NA
Ascomycota,Leotiomycetes,Helotiales,Helotiaceae,Cudoniella,Cudoniella_sp;sh__SH0177392.10FU,jrk02239,Ascomycota,Leotiomycetes,Helotiales,Helotiaceae,,litter_saprotroph,wood_saprotroph,,,,"wood,leaf/fruit/seed",,partly_freshwater_(partly_non-aquatic),,,filamentous_mycelium,apothecium_(hymenium_on_surface),smooth,,,,
Basidiomycota,Agaricomycetes,Agaricales,Entolomataceae,Entoloma,Entoloma_serrulatum;sh__SH0186462.10FU,jrk02963,Basidiomycota,Agaricomycetes,Agaricales,Entolomataceae,,soil_saprotroph,unspecified_symbiotroph,"CHEGD_symbiotrophs,ectomycorrhizal_ca_10%_of_species",root-associated,root-associated,"roots,soil",,non-aquatic,,,filamentous_mycelium,agaricoid,gills,medium-distance_smooth,/entoloma,,
Ascomycota,Leotiomycetes,Leotiales,Leotiaceae,Leotia,Leotia_lubrica;sh__SH0009253.10FU,jrk04578,Ascomycota,Leotiomycetes,Leotiales,Leotiaceae,,ectomycorrhizal,,,,,,,non-aquatic,,,filamentous_mycelium,apothecium_(hymenium_on_surface),smooth,short-distance_delicate,/leotia,,
Ascomycota,Dothideomycetes,Gloniales,Gloniaceae,Pseudocenococcum,Pseudocenococcum_floridanum;sh__SH0179852.10FU,jrk07033,Ascomycota,Dothideomycetes,Gloniales,Gloniaceae,,soil_saprotroph,,,,,soil,,non-aquatic,,,filamentous_mycelium,"perithecium_(hymenium_hidden,_narrow_opening)",,,,,
Ascomycota,Dothideomycetes,Gloniales,Gloniaceae,Pseudocenococcum,Pseudocenococcum_floridanum;sh__SH0179852.10FU,jrk07033,Ascomycota,Dothideomycetes,Gloniales,Gloniaceae,,soil_saprotroph,,,,,soil,,non-aquatic,,,filamentous_mycelium,"perithecium_(hymenium_hidden,_narrow_opening)",,,,,
Ascomycota,NA,NA,NA,NA,NA,NA,NA,NA,NA,NA,NA,NA,NA,NA,NA,NA,NA,NA,NA,NA,NA,NA,NA,NA,NA,NA,NA,NA
Basidiomycota,Agaricomycetes,Agaricales,Hydnangiaceae,Hydnangium,Hydnangium_kanuka;sh__SH0164638.10FU,jrk03976,Basidiomycota,Agaricomycetes,Agaricales,Hydnangiaceae,,ectomycorrhizal,,,,,,,non-aquatic,,,filamentous_mycelium,gasteroid-hypogeous,closed,short-distance_delicate,/laccaria,,
Basidiomycota,Agaricomycetes,Agaricales,Entolomataceae,Clitopilus,Clitopilus_abprunulus;sh__SH0088264.10FU,jrk01875,Basidiomycota,Agaricomycetes,Agaricales,Entolomataceae,,litter_saprotroph,,mycoparasite_some_species,,,leaf/fruit/seed,,non-aquatic,,,filamentous_mycelium,agaricoid,gills,,,,
Ascomycota,NA,NA,NA,NA,NA,NA,NA,NA,NA,NA,NA,NA,NA,NA,NA,NA,NA,NA,NA,NA,NA,NA,NA,NA,NA,NA,NA,NA
Mortierellomycota,Mortierellomycetes,Mortierellales,Mortierellaceae,Mortierella,Mortierella_sp;sh__SH0073652.10FU,jrk05302,Mortierellomycota,Mortierellomycetes,Mortierellales,Mortierellaceae,,soil_saprotroph,root-associated,,root-associated,root-associated,"roots,soil",chitinolytic,partly_aquatic,opportunistic_human_parasite,,filamentous_mycelium,none,none,,,,
Ascomycota,Eurotiomycetes,Chaetothyriales,Chaetothyriales_fam_Incertae_sedis,Chaetothyriales_gen_Incertae_sedis,Chaetothyriales_sp;sh__SH0062320.10FU,NA,NA,NA,NA,NA,NA,NA,NA,NA,NA,NA,NA,NA,NA,NA,NA,NA,NA,NA,NA,NA,NA,NA
Ascomycota,Dothideomycetes,Mycosphaerellales,Mycosphaerellaceae,Pseudocercospora,Pseudocercospora_sp;sh__SH0078166.10FU,jrk07035,Ascomycota,Dothideomycetes,Capnodiales,Mycosphaerellaceae,,plant_pathogen,,,,leaf/fruit/seed_pathogen,,,non-aquatic,,,filamentous_mycelium,"perithecium_(hymenium_hidden,_narrow_opening)",closed,,,,
Ascomycota,Eurotiomycetes,Eurotiales,Eurotiales_fam_Incertae_sedis,Eurotiales_gen_Incertae_sedis,Eurotiales_sp,NA,NA,NA,NA,NA,NA,NA,NA,NA,NA,NA,NA,NA,NA,NA,NA,NA,NA,NA,NA,NA,NA,NA
Basidiomycota,Microbotryomycetes,Leucosporidiales,Leucosporidiaceae,Leucosporidium,Leucosporidium_intermedium;sh__SH0194985.10FU,jrk04665,Basidiomycota,Microbotryomycetes,Microbotryales,Leucosporidiaceae,,soil_saprotroph,,,,,soil,,partly_aquatic,,,yeast,none,none,,,,
Chytridiomycota,Rhizophydiomycetes,Rhizophydiales,Rhizophydiales_fam_Incertae_sedis,Rhizophydiales_gen_Incertae_sedis,Rhizophydiales_sp;sh__SH0180570.10FU,NA,NA,NA,NA,NA,NA,NA,NA,NA,NA,NA,NA,NA,NA,NA,NA,NA,NA,NA,NA,NA,NA,NA
Ascomycota,Eurotiomycetes,Sclerococcales,Dactylosporaceae,Sclerococcum,Sclerococcum_ahtii;sh__SH0135176.10FU,jrk07879,Ascomycota,Eurotiomycetes,Sclerococcales,Dactylosporaceae,,lichen_parasite,fungal_decomposer,saprotroph_unspecified_some_species,,,"fungal_material,algal_material",,non-aquatic,,,filamentous_mycelium,apothecium_(hymenium_on_surface),smooth,,,,
Ascomycota,Leotiomycetes,NA,NA,NA,NA,NA,NA,NA,NA,NA,NA,NA,NA,NA,NA,NA,NA,NA,NA,NA,NA,NA,NA,NA,NA,NA,NA,NA
Ascomycota,Eurotiomycetes,Chaetothyriales,NA,NA,NA,NA,NA,NA,NA,NA,NA,NA,NA,NA,NA,NA,NA,NA,NA,NA,NA,NA,NA,NA,NA,NA,NA,NA
Ascomycota,Ascomycota_cls_Incertae_sedis,Ascomycota_ord_Incertae_sedis,Ascomycota_fam_Incertae_sedis,Ascomycota_gen_Incertae_sedis,Ascomycota_sp;sh__SH0137824.10FU,NA,NA,NA,NA,NA,NA,NA,NA,NA,NA,NA,NA,NA,NA,NA,NA,NA,NA,NA,NA,NA,NA,NA
Rozellomycota,Rozellomycota_cls_Incertae_sedis,Rozellomycota_ord_Incertae_sedis,Rozellomycota_fam_Incertae_sedis,Rozellomycota_gen_Incertae_sedis,Rozellomycota_sp;sh__SH0191141.10FU,NA,NA,NA,NA,NA,NA,NA,NA,NA,NA,NA,NA,NA,NA,NA,NA,NA,NA,NA,NA,NA,NA,NA
Mortierellomycota,Mortierellomycetes,Mortierellales,Mortierellaceae,Mortierella,Mortierella_sp;sh__SH0154804.10FU,jrk05302,Mortierellomycota,Mortierellomycetes,Mortierellales,Mortierellaceae,,soil_saprotroph,root-associated,,root-associated,root-associated,"roots,soil",chitinolytic,partly_aquatic,opportunistic_human_parasite,,filamentous_mycelium,none,none,,,,
Ascomycota,Leotiomycetes,Helotiales,Dermateaceae,Pezicula,Pezicula_sp;sh__SH0023127.10FU,jrk06333,Ascomycota,Leotiomycetes,Helotiales,Dermateaceae,,root_endophyte,soil_saprotroph,litter_saprotroph_many_species,root_endophyte,leaf/fruit/seed_pathogen,soil,,non-aquatic,,,filamentous_mycelium,apothecium_(hymenium_on_surface),smooth,,,,
Basidiomycota,Agaricomycetes,Agaricales,Agaricales_fam_Incertae_sedis,Agaricales_gen_Incertae_sedis,Agaricales_sp;sh__SH0146225.10FU,NA,NA,NA,NA,NA,NA,NA,NA,NA,NA,NA,NA,NA,NA,NA,NA,NA,NA,NA,NA,NA,NA,NA
Entorrhizomycota,Entorrhizomycetes,Entorrhizales,Entorrhizaceae,Juncorrhiza,Juncorrhiza_oxycarpi;sh__SH0004972.10FU,NA,NA,NA,NA,NA,NA,NA,NA,NA,NA,NA,NA,NA,NA,NA,NA,NA,NA,NA,NA,NA,NA,NA
NA,NA,NA,NA,NA,NA,NA,NA,NA,NA,NA,NA,NA,NA,NA,NA,NA,NA,NA,NA,NA,NA,NA,NA,NA,NA,NA,NA,NA
Mucoromycota,Umbelopsidomycetes,Umbelopsidales,Umbelopsidaceae,Umbelopsis,Umbelopsis_gibberispora;sh__SH0047858.10FU,jrk09156,Mucoromycota,Umbelopsidomycetes,Umbelopsidales,Umbelopsidaceae,,soil_saprotroph,root-associated,,root-associated,root-associated,"roots,soil",mold,non-aquatic,,,filamentous_mycelium,none,none,,,,
Ascomycota,Dothideomycetes,Gloniales,Gloniaceae,Pseudocenococcum,Pseudocenococcum_floridanum;sh__SH0179852.10FU,jrk07033,Ascomycota,Dothideomycetes,Gloniales,Gloniaceae,,soil_saprotroph,,,,,soil,,non-aquatic,,,filamentous_mycelium,"perithecium_(hymenium_hidden,_narrow_opening)",,,,,
Mortierellomycota,Mortierellomycetes,Mortierellales,Mortierellaceae,Mortierellaceae_gen_Incertae_sedis,Mortierellaceae_sp;sh__SH0157861.10FU,NA,NA,NA,NA,NA,NA,NA,NA,NA,NA,NA,NA,NA,NA,NA,NA,NA,NA,NA,NA,NA,NA,NA
Basidiomycota,Agaricomycetes,Agaricales,Hymenogastraceae,Galerina,Galerina_sp;sh__SH0176595.10FU,jrk03314,Basidiomycota,Agaricomycetes,Agaricales,Hymenogastraceae,,wood_saprotroph,litter_saprotroph,,,leaf/fruit/seed_pathogen,"wood,leaf/fruit/seed",,non-aquatic,,,filamentous_mycelium,agaricoid,gills,,,,
Basidiomycota,Agaricomycetes,Agaricales,Lycoperdaceae,Lycoperdon,Lycoperdon_subincarnatum;sh__SH0188582.10FU,jrk04830,Basidiomycota,Agaricomycetes,Agaricales,Agaricaceae,,litter_saprotroph,,,,,leaf/fruit/seed,,non-aquatic,,,filamentous_mycelium,gasteroid,closed,,,,
Ascomycota,NA,NA,NA,NA,NA,NA,NA,NA,NA,NA,NA,NA,NA,NA,NA,NA,NA,NA,NA,NA,NA,NA,NA,NA,NA,NA,NA,NA
Basidiomycota,Agaricomycetes,Thelephorales,Thelephoraceae,Tomentellopsis,Tomentellopsis_sp;sh__SH0020958.10FU,jrk08877,Basidiomycota,Agaricomycetes,Thelephorales,Thelephoraceae,,ectomycorrhizal,,,,,,,non-aquatic,,,filamentous_mycelium,corticioid,smooth,medium-distance_smooth,/tomentellopsis,,
Ascomycota,Leotiomycetes,Leotiomycetes_ord_Incertae_sedis,Leotiomycetes_fam_Incertae_sedis,Leotiomycetes_gen_Incertae_sedis,Leotiomycetes_sp;sh__SH0008367.10FU,NA,NA,NA,NA,NA,NA,NA,NA,NA,NA,NA,NA,NA,NA,NA,NA,NA,NA,NA,NA,NA,NA,NA
Ascomycota,Leotiomycetes,Helotiales,NA,NA,NA,NA,NA,NA,NA,NA,NA,NA,NA,NA,NA,NA,NA,NA,NA,NA,NA,NA,NA,NA,NA,NA,NA,NA
NA,NA,NA,NA,NA,NA,NA,NA,NA,NA,NA,NA,NA,NA,NA,NA,NA,NA,NA,NA,NA,NA,NA,NA,NA,NA,NA,NA,NA
Basidiomycota,Agaricomycetes,NA,NA,NA,NA,NA,NA,NA,NA,NA,NA,NA,NA,NA,NA,NA,NA,NA,NA,NA,NA,NA,NA,NA,NA,NA,NA,NA
Basidiomycota,Pucciniomycetes,Pachnocybales,Pachnocybaceae,Pachnocybaceae_gen_Incertae_sedis,Pachnocybaceae_sp;sh__SH0188752.10FU,NA,NA,NA,NA,NA,NA,NA,NA,NA,NA,NA,NA,NA,NA,NA,NA,NA,NA,NA,NA,NA,NA,NA
Chytridiomycota,Chytridiomycota_cls_Incertae_sedis,Chytridiomycota_ord_Incertae_sedis,Chytridiomycota_fam_Incertae_sedis,Chytridiomycota_gen_Incertae_sedis,Chytridiomycota_sp;sh__SH0180586.10FU,NA,NA,NA,NA,NA,NA,NA,NA,NA,NA,NA,NA,NA,NA,NA,NA,NA,NA,NA,NA,NA,NA,NA
Ascomycota,NA,NA,NA,NA,NA,NA,NA,NA,NA,NA,NA,NA,NA,NA,NA,NA,NA,NA,NA,NA,NA,NA,NA,NA,NA,NA,NA,NA
Chytridiomycota,Rhizophydiomycetes,Rhizophydiales,Rhizophydiales_fam_Incertae_sedis,Rhizophydiales_gen_Incertae_sedis,Rhizophydiales_sp;sh__SH0180570.10FU,NA,NA,NA,NA,NA,NA,NA,NA,NA,NA,NA,NA,NA,NA,NA,NA,NA,NA,NA,NA,NA,NA,NA
Ascomycota,Eurotiomycetes,Chaetothyriales,Herpotrichiellaceae,Herpotrichiellaceae_gen_Incertae_sedis,Herpotrichiellaceae_sp;sh__SH0062290.10FU,NA,NA,NA,NA,NA,NA,NA,NA,NA,NA,NA,NA,NA,NA,NA,NA,NA,NA,NA,NA,NA,NA,NA
Basidiomycota,Agaricomycetes,Agaricales,Agaricales_fam_Incertae_sedis,Agaricales_gen_Incertae_sedis,Agaricales_sp;sh__SH0080975.10FU,NA,NA,NA,NA,NA,NA,NA,NA,NA,NA,NA,NA,NA,NA,NA,NA,NA,NA,NA,NA,NA,NA,NA
Ascomycota,Leotiomycetes,Helotiales,Lachnaceae,Lachnellula,Lachnellula_fuscosanguinea;sh__SH0183063.10FU,jrk04423,Ascomycota,Leotiomycetes,Helotiales,Lachnaceae,,wood_saprotroph,,,,,wood,,non-aquatic,,,filamentous_mycelium,apothecium_(hymenium_on_surface),smooth,,,,
Basidiomycota,Agaricomycetes,Sebacinales,Serendipitaceae,Serendipita,Serendipita_sp,jrk08004,Basidiomycota,Agaricomycetes,Sebacinales,Serendipitaceae,,root_endophyte,soil_saprotroph,ectomycorrhizal_1%_species/ericoid_mycorrhizal_many_species/orchid_mycorrhizal,root_endophyte,,soil,,non-aquatic,,,filamentous_mycelium,none,none,,,,
Ascomycota,Dothideomycetes,Gloniales,Gloniaceae,Pseudocenococcum,Pseudocenococcum_floridanum;sh__SH0179852.10FU,jrk07033,Ascomycota,Dothideomycetes,Gloniales,Gloniaceae,,soil_saprotroph,,,,,soil,,non-aquatic,,,filamentous_mycelium,"perithecium_(hymenium_hidden,_narrow_opening)",,,,,
Basidiomycota,Agaricomycetes,Cantharellales,Hydnaceae,Sistotrema,Sistotrema_sp;sh__SH0076545.10FU,jrk08105,Basidiomycota,Agaricomycetes,Cantharellales,Cantharellales family incertae sedis,,litter_saprotroph,,ectomycorrhizal_many_species,,,leaf/fruit/seed,,non-aquatic,,,filamentous_mycelium,corticioid,smooth,medium-distance_fringe,/cantharellus,,
Ascomycota,Dothideomycetes,Dothideomycetes_ord_Incertae_sedis,Dothideomycetes_fam_Incertae_sedis,Dothideomycetes_gen_Incertae_sedis,Dothideomycetes_sp;sh__SH0054400.10FU,NA,NA,NA,NA,NA,NA,NA,NA,NA,NA,NA,NA,NA,NA,NA,NA,NA,NA,NA,NA,NA,NA,NA
Rozellomycota,Rozellomycota_cls_Incertae_sedis,Rozellomycota_ord_Incertae_sedis,Rozellomycota_fam_Incertae_sedis,Rozellomycota_gen_Incertae_sedis,Rozellomycota_sp;sh__SH0156336.10FU,NA,NA,NA,NA,NA,NA,NA,NA,NA,NA,NA,NA,NA,NA,NA,NA,NA,NA,NA,NA,NA,NA,NA
Basidiomycota,Agaricomycetes,Thelephorales,Thelephoraceae,Thelephora,Thelephora_stuposa;sh__SH0125664.10FU,jrk08781,Basidiomycota,Agaricomycetes,Thelephorales,Thelephoraceae,,ectomycorrhizal,,,,,,,non-aquatic,,,filamentous_mycelium,clavarioid,smooth,medium-distance_smooth,/tomentella-thelephora,,
Basidiomycota,Agaricomycetes,Russulales,Russulaceae,Russula,Russula_rhodopus;sh__SH0152184.10FU,jrk07726,Basidiomycota,Agaricomycetes,Russulales,Russulaceae,,ectomycorrhizal,,,,,,,non-aquatic,,,filamentous_mycelium,agaricoid,gills,contact,/russula-lactarius,,
Ascomycota,Saccharomycetes,Saccharomycetales,Saccharomycetales_fam_Incertae_sedis,Yarrowia,Yarrowia_galli;sh__SH0101314.10FU,jrk09503,Ascomycota,Saccharomycetes,Saccharomycetales,Saccharomycetales family incertae sedis,,unspecified_saprotroph,,extremophile_halophile,,,,,partly_marine_(partly_non-aquatic),opportunistic_human_parasite,,yeast,none,none,,,,
Basidiomycota,Agaricomycetes,Agaricales,Clavariaceae,Clavariaceae_gen_Incertae_sedis,Clavariaceae_sp;sh__SH0142194.10FU,NA,NA,NA,NA,NA,NA,NA,NA,NA,NA,NA,NA,NA,NA,NA,NA,NA,NA,NA,NA,NA,NA,NA
Basidiomycota,Agaricomycetes,Trechisporales,Hydnodontaceae,Trechispora,Trechispora_sp;sh__SH0143696.10FU,jrk08926,Basidiomycota,Agaricomycetes,Trechisporales,Hydnodontaceae,,wood_saprotroph,,,,,wood,white_rot,non-aquatic,,,filamentous_mycelium,corticioid,poroid,,,,
Basidiomycota,Agaricomycetes,Agaricales,Clavariaceae,Ramariopsis,Ramariopsis_sp,jrk07435,Basidiomycota,Agaricomycetes,Agaricales,Clavariaceae,,soil_saprotroph,unspecified_symbiotroph,CHEGD_symbiotrophs,root-associated,root-associated,"roots,soil",,non-aquatic,,,filamentous_mycelium,clavarioid,smooth,,,,
Ascomycota,Pezizomycetes,Pezizales,Discinaceae,Hydnotrya,Hydnotrya_tulasnei;sh__SH0084977.10FU,jrk03986,Ascomycota,Pezizomycetes,Pezizales,Discinaceae,,ectomycorrhizal,,,,,,,non-aquatic,,,filamentous_mycelium,gasteroid-hypogeous,closed,contact,/hydnotrya,,
Ascomycota,Eurotiomycetes,Chaetothyriales,Herpotrichiellaceae,Exophiala,Exophiala_moniliae;sh__SH0165229.10FU,jrk03104,Ascomycota,Eurotiomycetes,Chaetothyriales,Herpotrichiellaceae,,animal_parasite,litter_saprotroph,,root_endophyte_dark_septate,root-associated,"leaf/fruit/seed,animal_material",,partly_aquatic,animal_parasite/opportunistic_human_parasite,,dimorphic_yeast,none,,,,,
Basidiomycota,Agaricomycetes,Boletales,Paxillaceae,Paxillus,Paxillus_involutus;sh__SH0173693.10FU,jrk06253,Basidiomycota,Agaricomycetes,Boletales,Paxillaceae,,ectomycorrhizal,,,,,,,non-aquatic,,,filamentous_mycelium,agaricoid,gills,long-distance,/paxillus-gyrodon,,
Mucoromycota,Endogonomycetes,GS21,GS21_fam_Incertae_sedis,GS21_gen_Incertae_sedis,GS21_sp,NA,NA,NA,NA,NA,NA,NA,NA,NA,NA,NA,NA,NA,NA,NA,NA,NA,NA,NA,NA,NA,NA,NA
Basidiomycota,Agaricomycetes,Agaricales,Agaricales_fam_Incertae_sedis,Agaricales_gen_Incertae_sedis,Agaricales_sp;sh__SH0170031.10FU,NA,NA,NA,NA,NA,NA,NA,NA,NA,NA,NA,NA,NA,NA,NA,NA,NA,NA,NA,NA,NA,NA,NA
Ascomycota,Sordariomycetes,Hypocreales,Clavicipitaceae,Keithomyces,Keithomyces_acicularis;sh__SH0151188.10FU,NA,NA,NA,NA,NA,NA,NA,NA,NA,NA,NA,NA,NA,NA,NA,NA,NA,NA,NA,NA,NA,NA,NA
Ascomycota,Sordariomycetes,Glomerellales,Plectosphaerellaceae,NA,NA,NA,NA,NA,NA,NA,NA,NA,NA,NA,NA,NA,NA,NA,NA,NA,NA,NA,NA,NA,NA,NA,NA,NA
Ascomycota,Dothideomycetes,Dothideomycetes_ord_Incertae_sedis,Dothideomycetes_fam_Incertae_sedis,Dothideomycetes_gen_Incertae_sedis,Dothideomycetes_sp;sh__SH0183864.10FU,NA,NA,NA,NA,NA,NA,NA,NA,NA,NA,NA,NA,NA,NA,NA,NA,NA,NA,NA,NA,NA,NA,NA
Ascomycota,Leotiomycetes,Helotiales,Hyaloscyphaceae,Hyaloscypha,Hyaloscypha_gabretae;sh__SH0110712.10FU,jrk03965,Ascomycota,Leotiomycetes,Helotiales,Hyaloscyphaceae,,litter_saprotroph,wood_saprotroph,"ectomycorrhizal_H._Bicolor,_H._Finlandica,_ericoid_mycorrhizal_H._Variabilis,_plant_pathogen_some_species",,leaf/fruit/seed_pathogen,"wood,leaf/fruit/seed",,partly_freshwater_(partly_non-aquatic),,mosses,filamentous_mycelium,apothecium_(hymenium_on_surface),smooth,,,,
Ascomycota,Eurotiomycetes,Chaetothyriales,Herpotrichiellaceae,Exophiala,Exophiala_opportunistica;sh__SH0116089.10FU,jrk03104,Ascomycota,Eurotiomycetes,Chaetothyriales,Herpotrichiellaceae,,animal_parasite,litter_saprotroph,,root_endophyte_dark_septate,root-associated,"leaf/fruit/seed,animal_material",,partly_aquatic,animal_parasite/opportunistic_human_parasite,,dimorphic_yeast,none,,,,,
Ascomycota,Leotiomycetes,Helotiales,Ascocorticiaceae,Ascocorticium,Ascocorticium_sp;sh__SH0104027.10FU,jrk00657,Ascomycota,Leotiomycetes,Helotiales,Ascocorticiaceae,,wood_saprotroph,,,,,wood,,non-aquatic,,,filamentous_mycelium,other,smooth,,,,
Ascomycota,Eurotiomycetes,Chaetothyriales,Herpotrichiellaceae,Exophiala,Exophiala_lignicola;sh__SH0183764.10FU,jrk03104,Ascomycota,Eurotiomycetes,Chaetothyriales,Herpotrichiellaceae,,animal_parasite,litter_saprotroph,,root_endophyte_dark_septate,root-associated,"leaf/fruit/seed,animal_material",,partly_aquatic,animal_parasite/opportunistic_human_parasite,,dimorphic_yeast,none,,,,,
Ascomycota,Leotiomycetes,Helotiales,Helotiales_fam_Incertae_sedis,Helotiales_gen_Incertae_sedis,Helotiales_sp;sh__SH0144143.10FU,NA,NA,NA,NA,NA,NA,NA,NA,NA,NA,NA,NA,NA,NA,NA,NA,NA,NA,NA,NA,NA,NA,NA
Ascomycota,Sordariomycetes,Glomerellales,Glomerellales_fam_Incertae_sedis,Glomerellales_gen_Incertae_sedis,Glomerellales_sp;sh__SH0170875.10FU,NA,NA,NA,NA,NA,NA,NA,NA,NA,NA,NA,NA,NA,NA,NA,NA,NA,NA,NA,NA,NA,NA,NA
Basidiomycota,Agaricomycetes,Agaricales,Amanitaceae,Amanita,Amanita_fulva;sh__SH0139946.10FU,jrk00264,Basidiomycota,Agaricomycetes,Agaricales,Amanitaceae,,ectomycorrhizal,,,,,,,non-aquatic,,,filamentous_mycelium,agaricoid,gills,contact,/amanita,,
Basidiomycota,Agaricomycetes,Thelephorales,Thelephoraceae,Tomentella,Tomentella_sp;sh__SH0126008.10FU,jrk08875,Basidiomycota,Agaricomycetes,Thelephorales,Thelephoraceae,,ectomycorrhizal,,,,,,,non-aquatic,,,filamentous_mycelium,corticioid,smooth,medium-distance_smooth,/tomentella-thelephora,,
Basidiomycota,Agaricomycetes,Auriculariales,Auriculariaceae,Auriculariaceae_gen_Incertae_sedis,Auriculariaceae_sp;sh__SH0046409.10FU,NA,NA,NA,NA,NA,NA,NA,NA,NA,NA,NA,NA,NA,NA,NA,NA,NA,NA,NA,NA,NA,NA,NA
Ascomycota,Dothideomycetes,Dothideales,Dothideales_fam_Incertae_sedis,Dothideales_gen_Incertae_sedis,Dothideales_sp;sh__SH0001893.10FU,NA,NA,NA,NA,NA,NA,NA,NA,NA,NA,NA,NA,NA,NA,NA,NA,NA,NA,NA,NA,NA,NA,NA
Mortierellomycota,Mortierellomycetes,Mortierellales,Mortierellaceae,Mortierella,Mortierella_sp;sh__SH0089558.10FU,jrk05302,Mortierellomycota,Mortierellomycetes,Mortierellales,Mortierellaceae,,soil_saprotroph,root-associated,,root-associated,root-associated,"roots,soil",chitinolytic,partly_aquatic,opportunistic_human_parasite,,filamentous_mycelium,none,none,,,,
Ascomycota,Sordariomycetes,NA,NA,NA,NA,NA,NA,NA,NA,NA,NA,NA,NA,NA,NA,NA,NA,NA,NA,NA,NA,NA,NA,NA,NA,NA,NA,NA
Basidiomycota,Agaricomycetes,NA,NA,NA,NA,NA,NA,NA,NA,NA,NA,NA,NA,NA,NA,NA,NA,NA,NA,NA,NA,NA,NA,NA,NA,NA,NA,NA
Basidiomycota,Agaricomycetes,Russulales,Russulales_fam_Incertae_sedis,Russulales_gen_Incertae_sedis,Russulales_sp;sh__SH0107965.10FU,NA,NA,NA,NA,NA,NA,NA,NA,NA,NA,NA,NA,NA,NA,NA,NA,NA,NA,NA,NA,NA,NA,NA
Basidiomycota,Agaricomycetes,Agaricales,Stephanosporaceae,NA,NA,NA,NA,NA,NA,NA,NA,NA,NA,NA,NA,NA,NA,NA,NA,NA,NA,NA,NA,NA,NA,NA,NA,NA
Ascomycota,Leotiomycetes,Helotiales,Hyaloscyphaceae,Hyaloscyphaceae_gen_Incertae_sedis,Hyaloscyphaceae_sp;sh__SH0110852.10FU,NA,NA,NA,NA,NA,NA,NA,NA,NA,NA,NA,NA,NA,NA,NA,NA,NA,NA,NA,NA,NA,NA,NA
Ascomycota,Sordariomycetes,Sordariomycetes_ord_Incertae_sedis,Sordariomycetes_fam_Incertae_sedis,Sordariomycetes_gen_Incertae_sedis,Sordariomycetes_sp;sh__SH0149443.10FU,NA,NA,NA,NA,NA,NA,NA,NA,NA,NA,NA,NA,NA,NA,NA,NA,NA,NA,NA,NA,NA,NA,NA
Basidiomycota,Agaricomycetes,Sebacinales,Sebacinales_fam_Incertae_sedis,Sebacinales_gen_Incertae_sedis,Sebacinales_sp;sh__SH0041412.10FU,NA,NA,NA,NA,NA,NA,NA,NA,NA,NA,NA,NA,NA,NA,NA,NA,NA,NA,NA,NA,NA,NA,NA
Ascomycota,Pezizomycetes,Pezizales,Sarcosomataceae,Pseudoplectania,NA,jrk07179,Ascomycota,Pezizomycetes,Pezizales,Sarcosomataceae,,litter_saprotroph,,,,,leaf/fruit/seed,,non-aquatic,,,filamentous_mycelium,apothecium_(hymenium_on_surface),smooth,,,,
Ascomycota,Leotiomycetes,Helotiales,Helotiales_fam_Incertae_sedis,Helotiales_gen_Incertae_sedis,Helotiales_sp;sh__SH0087967.10FU,NA,NA,NA,NA,NA,NA,NA,NA,NA,NA,NA,NA,NA,NA,NA,NA,NA,NA,NA,NA,NA,NA,NA
Ascomycota,Sordariomycetes,Glomerellales,Plectosphaerellaceae,Plectosphaerellaceae_gen_Incertae_sedis,Plectosphaerellaceae_sp;sh__SH0181627.10FU,NA,NA,NA,NA,NA,NA,NA,NA,NA,NA,NA,NA,NA,NA,NA,NA,NA,NA,NA,NA,NA,NA,NA
Basidiomycota,Agaricomycetes,Trechisporales,Hydnodontaceae,Luellia,Luellia_cystidiata;sh__SH0075669.10FU,jrk04814,Basidiomycota,Agaricomycetes,Trechisporales,Hydnodontaceae,,wood_saprotroph,,,,,wood,white_rot,non-aquatic,,,filamentous_mycelium,corticioid,smooth,,,,
Rozellomycota,Rozellomycotina_cls_Incertae_sedis,GS08,GS08_fam_Incertae_sedis,GS08_gen_Incertae_sedis,GS08_sp;sh__SH0048405.10FU,NA,NA,NA,NA,NA,NA,NA,NA,NA,NA,NA,NA,NA,NA,NA,NA,NA,NA,NA,NA,NA,NA,NA
Basidiomycota,Agaricomycetes,Russulales,Russulaceae,Lactarius,Lactarius_trivialis;sh__SH0154994.10FU,jrk04429,Basidiomycota,Agaricomycetes,Russulales,Russulaceae,,ectomycorrhizal,,,,,,,non-aquatic,,,filamentous_mycelium,agaricoid,gills,medium-distance_smooth,/russula-lactarius,,
Ascomycota,Sordariomycetes,Hypocreales,Hypocreaceae,Trichoderma,Trichoderma_spirale;sh__SH0196937.10FU,jrk08977,Ascomycota,Sordariomycetes,Hypocreales,Hypocreaceae,,mycoparasite,foliar_endophyte,hypervariable,foliar_endophyte,leaf/fruit/seed_pathogen,"leaf/fruit/seed,soil,fungal_material",soft_rot,,,,filamentous_mycelium,"perithecium_(hymenium_hidden,_narrow_opening)",closed,,,,
NA,NA,NA,NA,NA,NA,NA,NA,NA,NA,NA,NA,NA,NA,NA,NA,NA,NA,NA,NA,NA,NA,NA,NA,NA,NA,NA,NA,NA
Ascomycota,Lecanoromycetes,NA,NA,NA,NA,NA,NA,NA,NA,NA,NA,NA,NA,NA,NA,NA,NA,NA,NA,NA,NA,NA,NA,NA,NA,NA,NA,NA
Ascomycota,NA,NA,NA,NA,NA,NA,NA,NA,NA,NA,NA,NA,NA,NA,NA,NA,NA,NA,NA,NA,NA,NA,NA,NA,NA,NA,NA,NA
Basidiomycota,Agaricomycetes,Agaricales,Hymenogastraceae,Galerina,Galerina_minima;sh__SH0103020.10FU,jrk03314,Basidiomycota,Agaricomycetes,Agaricales,Hymenogastraceae,,wood_saprotroph,litter_saprotroph,,,leaf/fruit/seed_pathogen,"wood,leaf/fruit/seed",,non-aquatic,,,filamentous_mycelium,agaricoid,gills,,,,
Ascomycota,Archaeorhizomycetes,Archaeorhizomycetales,Archaeorhizomycetaceae,Archaeorhizomyces,Archaeorhizomyces_sp;sh__SH0024006.10FU,jrk00567,Ascomycota,Archaeorhizomycetes,Archaeorhizomycetales,Archaeorhizomycetaceae,,soil_saprotroph,root-associated,,root-associated,root-associated,"roots,soil",,non-aquatic,,,filamentous_mycelium,none,none,,,,
Ascomycota,Pezizomycetes,Pezizales,Pezizales_fam_Incertae_sedis,Pezizales_gen_Incertae_sedis,Pezizales_sp;sh__SH0132060.10FU,NA,NA,NA,NA,NA,NA,NA,NA,NA,NA,NA,NA,NA,NA,NA,NA,NA,NA,NA,NA,NA,NA,NA
Ascomycota,Pezizomycetes,Pezizales,Tuberaceae,Tuber,Tuber_anniae;sh__SH0101575.10FU,jrk09099,Ascomycota,Pezizomycetes,Pezizales,Tuberaceae,,ectomycorrhizal,,,,,,,non-aquatic,,,filamentous_mycelium,gasteroid-hypogeous,closed,short-distance_delicate,/tuber-helvella,,
Ascomycota,Ascomycota_cls_Incertae_sedis,Ascomycota_ord_Incertae_sedis,Ascomycota_fam_Incertae_sedis,Ascomycota_gen_Incertae_sedis,Ascomycota_sp;sh__SH0150599.10FU,NA,NA,NA,NA,NA,NA,NA,NA,NA,NA,NA,NA,NA,NA,NA,NA,NA,NA,NA,NA,NA,NA,NA
Ascomycota,Leotiomycetes,Thelebolales,Pseudeurotiaceae,Geomyces,Geomyces_auratus;sh__SH0156823.10FU,jrk03377,Ascomycota,Leotiomycetes,Thelebolales,Pseudeurotiaceae,,soil_saprotroph,,,,,soil,,partly_aquatic,,,filamentous_mycelium,"cleistothecium_(closed,_spherical)",closed,,,,
Mucoromycota,Umbelopsidomycetes,Umbelopsidales,Umbelopsidaceae,Umbelopsis,Umbelopsis_dimorpha;sh__SH0009095.10FU,jrk09156,Mucoromycota,Umbelopsidomycetes,Umbelopsidales,Umbelopsidaceae,,soil_saprotroph,root-associated,,root-associated,root-associated,"roots,soil",mold,non-aquatic,,,filamentous_mycelium,none,none,,,,
Ascomycota,Leotiomycetes,Helotiales,Helotiales_fam_Incertae_sedis,Helotiales_gen_Incertae_sedis,Helotiales_sp;sh__SH0110599.10FU,NA,NA,NA,NA,NA,NA,NA,NA,NA,NA,NA,NA,NA,NA,NA,NA,NA,NA,NA,NA,NA,NA,NA
NA,NA,NA,NA,NA,NA,NA,NA,NA,NA,NA,NA,NA,NA,NA,NA,NA,NA,NA,NA,NA,NA,NA,NA,NA,NA,NA,NA,NA
Ascomycota,Dothideomycetes,Capnodiales,Capnodiaceae,Chaetocapnodium,Chaetocapnodium_placitae;sh__SH0139626.10FU,jrk01607,Ascomycota,Dothideomycetes,Capnodiales,Capnodiaceae,,sooty_mold,litter_saprotroph,,,,"leaf/fruit/seed,sugar-rich_substrates",,non-aquatic,,,filamentous_mycelium,"perithecium_(hymenium_hidden,_narrow_opening)",closed,,,,
Basidiomycota,Agaricomycetes,Sebacinales,Serendipitaceae,NA,NA,NA,NA,NA,NA,NA,NA,NA,NA,NA,NA,NA,NA,NA,NA,NA,NA,NA,NA,NA,NA,NA,NA,NA
Ascomycota,Eurotiomycetes,Chaetothyriales,Herpotrichiellaceae,Exophiala,Exophiala_sp;sh__SH0177807.10FU,jrk03104,Ascomycota,Eurotiomycetes,Chaetothyriales,Herpotrichiellaceae,,animal_parasite,litter_saprotroph,,root_endophyte_dark_septate,root-associated,"leaf/fruit/seed,animal_material",,partly_aquatic,animal_parasite/opportunistic_human_parasite,,dimorphic_yeast,none,,,,,
Mucoromycota,Endogonomycetes,Endogonales,Endogonaceae,Endogone,Endogone_pisiformis;sh__SH0010045.10FU,jrk02917,Mucoromycota,Endogonomycetes,Endogonales,Endogonaceae,,soil_saprotroph,root_endophyte,ectomycorrhizal_1-2_species_in_E.pisiformis_complex,root_endophyte,root-associated,soil,,non-aquatic,,,filamentous_mycelium,zygosporangium,closed,short-distance_delicate,/endogone3,,
Ascomycota,Eurotiomycetes,Chaetothyriales,Herpotrichiellaceae,Exophiala,Exophiala_jeanselmei;sh__SH0101617.10FU,jrk03104,Ascomycota,Eurotiomycetes,Chaetothyriales,Herpotrichiellaceae,,animal_parasite,litter_saprotroph,,root_endophyte_dark_septate,root-associated,"leaf/fruit/seed,animal_material",,partly_aquatic,animal_parasite/opportunistic_human_parasite,,dimorphic_yeast,none,,,,,
Ascomycota,Sordariomycetes,Sordariales,Sordariaceae,Neurospora,NA,jrk05745,Ascomycota,Sordariomycetes,Sordariales,Sordariaceae,,unspecified_saprotroph,,,,,,,non-aquatic,,,filamentous_mycelium,"perithecium_(hymenium_hidden,_narrow_opening)",closed,,,,
Ascomycota,Leotiomycetes,Helotiales,Mollisiaceae,NA,NA,NA,NA,NA,NA,NA,NA,NA,NA,NA,NA,NA,NA,NA,NA,NA,NA,NA,NA,NA,NA,NA,NA,NA
Basidiomycota,Agaricomycetes,Thelephorales,Thelephoraceae,Tomentella,Tomentella_sp,jrk08875,Basidiomycota,Agaricomycetes,Thelephorales,Thelephoraceae,,ectomycorrhizal,,,,,,,non-aquatic,,,filamentous_mycelium,corticioid,smooth,medium-distance_smooth,/tomentella-thelephora,,
NA,NA,NA,NA,NA,NA,NA,NA,NA,NA,NA,NA,NA,NA,NA,NA,NA,NA,NA,NA,NA,NA,NA,NA,NA,NA,NA,NA,NA
Ascomycota,Leotiomycetes,Helotiales,Gelatinodiscaceae,Neobulgaria,Neobulgaria_sp;sh__SH0123137.10FU,jrk05580,Ascomycota,Leotiomycetes,Helotiales,Gelatinodiscaceae,,wood_saprotroph,,,,,wood,,non-aquatic,,,filamentous_mycelium,apothecium_(hymenium_on_surface),smooth,,,,
Basidiomycota,Agaricomycetes,NA,NA,NA,NA,NA,NA,NA,NA,NA,NA,NA,NA,NA,NA,NA,NA,NA,NA,NA,NA,NA,NA,NA,NA,NA,NA,NA
Mortierellomycota,Mortierellomycetes,Mortierellales,Mortierellaceae,Mortierella,Mortierella_echinula;sh__SH0192861.10FU,jrk05302,Mortierellomycota,Mortierellomycetes,Mortierellales,Mortierellaceae,,soil_saprotroph,root-associated,,root-associated,root-associated,"roots,soil",chitinolytic,partly_aquatic,opportunistic_human_parasite,,filamentous_mycelium,none,none,,,,
Basidiomycota,Agaricomycetes,Sebacinales,Serendipitaceae,Serendipita,Serendipita_sp;sh__SH0003310.10FU,jrk08004,Basidiomycota,Agaricomycetes,Sebacinales,Serendipitaceae,,root_endophyte,soil_saprotroph,ectomycorrhizal_1%_species/ericoid_mycorrhizal_many_species/orchid_mycorrhizal,root_endophyte,,soil,,non-aquatic,,,filamentous_mycelium,none,none,,,,
Ascomycota,Leotiomycetes,Helotiales,Helotiales_fam_Incertae_sedis,Helotiales_gen_Incertae_sedis,Helotiales_sp;sh__SH0101866.10FU,NA,NA,NA,NA,NA,NA,NA,NA,NA,NA,NA,NA,NA,NA,NA,NA,NA,NA,NA,NA,NA,NA,NA
Ascomycota,Leotiomycetes,Leotiomycetes_ord_Incertae_sedis,Leotiomycetes_fam_Incertae_sedis,Leotiomycetes_gen_Incertae_sedis,Leotiomycetes_sp;sh__SH0144080.10FU,NA,NA,NA,NA,NA,NA,NA,NA,NA,NA,NA,NA,NA,NA,NA,NA,NA,NA,NA,NA,NA,NA,NA
Ascomycota,Pezizomycetes,Pezizales,Pyronemataceae,Pyronemataceae_gen_Incertae_sedis,Pyronemataceae_sp;sh__SH0042893.10FU,NA,NA,NA,NA,NA,NA,NA,NA,NA,NA,NA,NA,NA,NA,NA,NA,NA,NA,NA,NA,NA,NA,NA
Glomeromycota,Archaeosporomycetes,Archaeosporales,Archaeosporaceae,Archaeosporaceae_gen_Incertae_sedis,Archaeosporaceae_sp;sh__SH0122384.10FU,NA,NA,NA,NA,NA,NA,NA,NA,NA,NA,NA,NA,NA,NA,NA,NA,NA,NA,NA,NA,NA,NA,NA
Ascomycota,Leotiomycetes,Helotiales,Helotiales_fam_Incertae_sedis,Helotiales_gen_Incertae_sedis,Helotiales_sp;sh__SH0013194.10FU,NA,NA,NA,NA,NA,NA,NA,NA,NA,NA,NA,NA,NA,NA,NA,NA,NA,NA,NA,NA,NA,NA,NA
Basidiomycota,Agaricomycetes,Cantharellales,Cantharellales_fam_Incertae_sedis,Cantharellales_gen_Incertae_sedis,Cantharellales_sp;sh__SH0165317.10FU,NA,NA,NA,NA,NA,NA,NA,NA,NA,NA,NA,NA,NA,NA,NA,NA,NA,NA,NA,NA,NA,NA,NA
Ascomycota,Eurotiomycetes,Chaetothyriales,Chaetothyriales_fam_Incertae_sedis,Chaetothyriales_gen_Incertae_sedis,Chaetothyriales_sp;sh__SH0062378.10FU,NA,NA,NA,NA,NA,NA,NA,NA,NA,NA,NA,NA,NA,NA,NA,NA,NA,NA,NA,NA,NA,NA,NA
Ascomycota,Dothideomycetes,Pleosporales,Phaeosphaeriaceae,Ophiosphaerella,Ophiosphaerella_sp;sh__SH0161766.10FU,jrk05941,Ascomycota,Dothideomycetes,Pleosporales,Phaeosphaeriaceae,,plant_pathogen,litter_saprotroph,,no_endophytic_capacity,leaf/fruit/seed_pathogen,leaf/fruit/seed,,partly_freshwater_(partly_non-aquatic),,,filamentous_mycelium,"perithecium_(hymenium_hidden,_narrow_opening)",closed,,,,
Mortierellomycota,Mortierellomycetes,Mortierellales,Mortierellaceae,Mortierella,Mortierella_macrocystis;sh__SH0089555.10FU,jrk05302,Mortierellomycota,Mortierellomycetes,Mortierellales,Mortierellaceae,,soil_saprotroph,root-associated,,root-associated,root-associated,"roots,soil",chitinolytic,partly_aquatic,opportunistic_human_parasite,,filamentous_mycelium,none,none,,,,
Basidiomycota,Agaricomycetes,Auriculariales,Oliveoniaceae,Oliveonia,Oliveonia_sp;sh__SH0161571.10FU,jrk05892,Basidiomycota,Agaricomycetes,Auriculariales,Oliveoniaceae,,wood_saprotroph,,,,,wood,,non-aquatic,,,filamentous_mycelium,corticioid,smooth,,,,
Ascomycota,Eurotiomycetes,Eurotiales,NA,NA,NA,NA,NA,NA,NA,NA,NA,NA,NA,NA,NA,NA,NA,NA,NA,NA,NA,NA,NA,NA,NA,NA,NA,NA
Ascomycota,Leotiomycetes,Leotiomycetes_ord_Incertae_sedis,Leotiomycetes_fam_Incertae_sedis,Leotiomycetes_gen_Incertae_sedis,Leotiomycetes_sp;sh__SH0008462.10FU,NA,NA,NA,NA,NA,NA,NA,NA,NA,NA,NA,NA,NA,NA,NA,NA,NA,NA,NA,NA,NA,NA,NA
Basidiomycota,Agaricomycetes,Agaricales,Cortinariaceae,Cortinarius,NA,jrk02100,Basidiomycota,Agaricomycetes,Agaricales,Cortinariaceae,,ectomycorrhizal,,,,,,,non-aquatic,,,filamentous_mycelium,agaricoid,gills,medium-distance_fringe,/cortinarius,,
Ascomycota,Eurotiomycetes,Chaetothyriales,Chaetothyriales_fam_Incertae_sedis,Chaetothyriales_gen_Incertae_sedis,Chaetothyriales_sp;sh__SH0062378.10FU,NA,NA,NA,NA,NA,NA,NA,NA,NA,NA,NA,NA,NA,NA,NA,NA,NA,NA,NA,NA,NA,NA,NA
Basidiomycota,Agaricomycetes,Agaricales,Clavariaceae,Clavulinopsis,Clavulinopsis_luteoalba;sh__SH0120239.10FU,jrk01853,Basidiomycota,Agaricomycetes,Agaricales,Clavariaceae,,soil_saprotroph,unspecified_symbiotroph,CHEGD_symbiotrophs,root-associated,root-associated,"roots,soil",,non-aquatic,,,filamentous_mycelium,clavarioid,smooth,,,,
Basidiomycota,Agaricomycetes,Agaricales,Clavariaceae,Clavaria,Clavaria_sp;sh__SH0167546.10FU,jrk01836,Basidiomycota,Agaricomycetes,Agaricales,Clavariaceae,,soil_saprotroph,unspecified_symbiotroph,CHEGD_symbiotrophs,root-associated,root-associated,"roots,soil",,non-aquatic,,,filamentous_mycelium,clavarioid,smooth,,,,
Ascomycota,Leotiomycetes,Helotiales,NA,NA,NA,NA,NA,NA,NA,NA,NA,NA,NA,NA,NA,NA,NA,NA,NA,NA,NA,NA,NA,NA,NA,NA,NA,NA
Basidiomycota,Agaricomycetes,Agaricales,Entolomataceae,Entoloma,Entoloma_rhombisporum;sh__SH0074664.10FU,jrk02963,Basidiomycota,Agaricomycetes,Agaricales,Entolomataceae,,soil_saprotroph,unspecified_symbiotroph,"CHEGD_symbiotrophs,ectomycorrhizal_ca_10%_of_species",root-associated,root-associated,"roots,soil",,non-aquatic,,,filamentous_mycelium,agaricoid,gills,medium-distance_smooth,/entoloma,,
Ascomycota,Eurotiomycetes,Eurotiales,Elaphomycetaceae,Elaphomyces,NA,jrk02855,Ascomycota,Eurotiomycetes,Eurotiales,Elaphomycetaceae,,ectomycorrhizal,,,,,,,non-aquatic,,,filamentous_mycelium,gasteroid-hypogeous,closed,short-distance_delicate,/elaphomyces,,
Basidiomycota,Agaricomycetes,Agaricales,Mycenaceae,Mycena,Mycena_pearsoniana;sh__SH0146211.10FU,jrk05357,Basidiomycota,Agaricomycetes,Agaricales,Mycenaceae,,litter_saprotroph,root-associated,wood_saprotroph_many_species,root-associated,leaf/fruit/seed_pathogen,leaf/fruit/seed,,non-aquatic,,,filamentous_mycelium,agaricoid,gills,,,,
Ascomycota,NA,NA,NA,NA,NA,NA,NA,NA,NA,NA,NA,NA,NA,NA,NA,NA,NA,NA,NA,NA,NA,NA,NA,NA,NA,NA,NA,NA
Ascomycota,Dothideomycetes,Venturiales,Venturiaceae,Fagicola,Fagicola_fagi;sh__SH0171985.10FU,,Ascomycota,Dothideomycetes,Venturiales,Venturiaceae,,litter_saprotroph,,,,,leaf/fruit/seed,,non-aquatic,,,filamentous_mycelium,"perithecium_(hymenium_hidden,_narrow_opening)",,,,,
Ascomycota,Leotiomycetes,Helotiales,Helotiales_fam_Incertae_sedis,Helotiales_gen_Incertae_sedis,Helotiales_sp;sh__SH0146424.10FU,NA,NA,NA,NA,NA,NA,NA,NA,NA,NA,NA,NA,NA,NA,NA,NA,NA,NA,NA,NA,NA,NA,NA
Ascomycota,Dothideomycetes,Dothideomycetes_ord_Incertae_sedis,Dothideomycetes_fam_Incertae_sedis,Dothideomycetes_gen_Incertae_sedis,Dothideomycetes_sp;sh__SH0073663.10FU,NA,NA,NA,NA,NA,NA,NA,NA,NA,NA,NA,NA,NA,NA,NA,NA,NA,NA,NA,NA,NA,NA,NA
Ascomycota,NA,NA,NA,NA,NA,NA,NA,NA,NA,NA,NA,NA,NA,NA,NA,NA,NA,NA,NA,NA,NA,NA,NA,NA,NA,NA,NA,NA
Ascomycota,Dothideomycetes,Capnodiales,Capnodiales_fam_Incertae_sedis,Capnodiales_gen_Incertae_sedis,Capnodiales_sp;sh__SH0148169.10FU,NA,NA,NA,NA,NA,NA,NA,NA,NA,NA,NA,NA,NA,NA,NA,NA,NA,NA,NA,NA,NA,NA,NA
Ascomycota,Leotiomycetes,Helotiales,Mollisiaceae,NA,NA,NA,NA,NA,NA,NA,NA,NA,NA,NA,NA,NA,NA,NA,NA,NA,NA,NA,NA,NA,NA,NA,NA,NA
Ascomycota,NA,NA,NA,NA,NA,NA,NA,NA,NA,NA,NA,NA,NA,NA,NA,NA,NA,NA,NA,NA,NA,NA,NA,NA,NA,NA,NA,NA
NA,NA,NA,NA,NA,NA,NA,NA,NA,NA,NA,NA,NA,NA,NA,NA,NA,NA,NA,NA,NA,NA,NA,NA,NA,NA,NA,NA,NA
NA,NA,NA,NA,NA,NA,NA,NA,NA,NA,NA,NA,NA,NA,NA,NA,NA,NA,NA,NA,NA,NA,NA,NA,NA,NA,NA,NA,NA
Ascomycota,Leotiomycetes,Leotiales,Tympanidaceae,Tympanidaceae_gen_Incertae_sedis,Tympanidaceae_sp;sh__SH0144307.10FU,NA,NA,NA,NA,NA,NA,NA,NA,NA,NA,NA,NA,NA,NA,NA,NA,NA,NA,NA,NA,NA,NA,NA
Ascomycota,Leotiomycetes,Helotiales,Mollisiaceae,Mollisia,Mollisia_novobrunsvicensis;sh__SH0074285.10FU,jrk05247,Ascomycota,Leotiomycetes,Helotiales,Mollisiaceae,,plant_pathogen,litter_saprotroph,,foliar_endophyte,leaf/fruit/seed_pathogen,leaf/fruit/seed,soft_rot,partly_freshwater_(partly_non-aquatic),,,filamentous_mycelium,apothecium_(hymenium_on_surface),smooth,,,,
NA,NA,NA,NA,NA,NA,NA,NA,NA,NA,NA,NA,NA,NA,NA,NA,NA,NA,NA,NA,NA,NA,NA,NA,NA,NA,NA,NA,NA
Basidiomycota,Microbotryomycetes,Leucosporidiales,Leucosporidiaceae,Leucosporidium,Leucosporidium_sp;sh__SH0194958.10FU,jrk04665,Basidiomycota,Microbotryomycetes,Microbotryales,Leucosporidiaceae,,soil_saprotroph,,,,,soil,,partly_aquatic,,,yeast,none,none,,,,
Basidiomycota,NA,NA,NA,NA,NA,NA,NA,NA,NA,NA,NA,NA,NA,NA,NA,NA,NA,NA,NA,NA,NA,NA,NA,NA,NA,NA,NA,NA
Basidiomycota,Agaricomycetes,Atheliales,Byssocorticiaceae,Athelopsis,Athelopsis_lembospora;sh__SH0010538.10FU,jrk00756,Basidiomycota,Agaricomycetes,Atheliales,Atheliaceae,,wood_saprotroph,,,,,wood,white_rot,non-aquatic,,,filamentous_mycelium,corticioid,smooth,,,,
Ascomycota,Leotiomycetes,Helotiales,Ascocorticiaceae,NA,NA,NA,NA,NA,NA,NA,NA,NA,NA,NA,NA,NA,NA,NA,NA,NA,NA,NA,NA,NA,NA,NA,NA,NA
Ascomycota,Eurotiomycetes,Chaetothyriales,Chaetothyriales_fam_Incertae_sedis,Chaetothyriales_gen_Incertae_sedis,Chaetothyriales_sp;sh__SH0062378.10FU,NA,NA,NA,NA,NA,NA,NA,NA,NA,NA,NA,NA,NA,NA,NA,NA,NA,NA,NA,NA,NA,NA,NA
Ascomycota,Sordariomycetes,Hypocreales,Hypocreaceae,Trichoderma,NA,jrk08977,Ascomycota,Sordariomycetes,Hypocreales,Hypocreaceae,,mycoparasite,foliar_endophyte,hypervariable,foliar_endophyte,leaf/fruit/seed_pathogen,"leaf/fruit/seed,soil,fungal_material",soft_rot,,,,filamentous_mycelium,"perithecium_(hymenium_hidden,_narrow_opening)",closed,,,,
Ascomycota,Sordariomycetes,Myrmecridiales,Myrmecridiaceae,Myrmecridium,NA,jrk05468,Ascomycota,Sordariomycetes,Myrmecridiales,Myrmecridiaceae,,soil_saprotroph,,,,,soil,,partly_aquatic,,,filamentous_mycelium,none,none,,,,
Basidiomycota,Agaricomycetes,Trechisporales,Hydnodontaceae,Luellia,Luellia_cystidiata;sh__SH0075669.10FU,jrk04814,Basidiomycota,Agaricomycetes,Trechisporales,Hydnodontaceae,,wood_saprotroph,,,,,wood,white_rot,non-aquatic,,,filamentous_mycelium,corticioid,smooth,,,,
Basidiomycota,Agaricomycetes,Auriculariales,Auriculariales_fam_Incertae_sedis,Auriculariales_gen_Incertae_sedis,Auriculariales_sp;sh__SH0161533.10FU,NA,NA,NA,NA,NA,NA,NA,NA,NA,NA,NA,NA,NA,NA,NA,NA,NA,NA,NA,NA,NA,NA,NA
Chytridiomycota,Chytridiomycota_cls_Incertae_sedis,Chytridiomycota_ord_Incertae_sedis,Chytridiomycota_fam_Incertae_sedis,Chytridiomycota_gen_Incertae_sedis,Chytridiomycota_sp;sh__SH0180597.10FU,NA,NA,NA,NA,NA,NA,NA,NA,NA,NA,NA,NA,NA,NA,NA,NA,NA,NA,NA,NA,NA,NA,NA
Ascomycota,Leotiomycetes,Leotiomycetes_ord_Incertae_sedis,Leotiomycetes_fam_Incertae_sedis,Leotiomycetes_gen_Incertae_sedis,Leotiomycetes_sp;sh__SH0008382.10FU,NA,NA,NA,NA,NA,NA,NA,NA,NA,NA,NA,NA,NA,NA,NA,NA,NA,NA,NA,NA,NA,NA,NA
Basidiomycota,Tremellomycetes,Tremellales,Cuniculitremaceae,Fellomyces,Fellomyces_horovitziae;sh__SH0185730.10FU,jrk03150,Basidiomycota,Tremellomycetes,Tremellales,Cuniculitremaceae,,unspecified_saprotroph,,mycoparasite_some_species,,,,,non-aquatic,,,yeast,none,,,,,
NA,NA,NA,NA,NA,NA,NA,NA,NA,NA,NA,NA,NA,NA,NA,NA,NA,NA,NA,NA,NA,NA,NA,NA,NA,NA,NA,NA,NA
Mortierellomycota,Mortierellomycetes,Mortierellales,Mortierellaceae,NA,NA,NA,NA,NA,NA,NA,NA,NA,NA,NA,NA,NA,NA,NA,NA,NA,NA,NA,NA,NA,NA,NA,NA,NA
Basidiomycota,Agaricomycetes,Russulales,Russulaceae,Lactarius,Lactarius_barrowsii;sh__SH0155031.10FU,jrk04429,Basidiomycota,Agaricomycetes,Russulales,Russulaceae,,ectomycorrhizal,,,,,,,non-aquatic,,,filamentous_mycelium,agaricoid,gills,medium-distance_smooth,/russula-lactarius,,
Basidiomycota,Agaricomycetes,Sebacinales,Serendipitaceae,Serendipita,Serendipita_sp;sh__SH0003317.10FU,jrk08004,Basidiomycota,Agaricomycetes,Sebacinales,Serendipitaceae,,root_endophyte,soil_saprotroph,ectomycorrhizal_1%_species/ericoid_mycorrhizal_many_species/orchid_mycorrhizal,root_endophyte,,soil,,non-aquatic,,,filamentous_mycelium,none,none,,,,
Ascomycota,Eurotiomycetes,Onygenales,Onygenales_fam_Incertae_sedis,Onygenales_gen_Incertae_sedis,Onygenales_sp;sh__SH0019946.10FU,NA,NA,NA,NA,NA,NA,NA,NA,NA,NA,NA,NA,NA,NA,NA,NA,NA,NA,NA,NA,NA,NA,NA
Basidiomycota,Agaricomycetes,Trechisporales,Hydnodontaceae,Subulicystidium,Subulicystidium_sp;sh__SH0075672.10FU,jrk08503,Basidiomycota,Agaricomycetes,Trechisporales,Hydnodontaceae,,wood_saprotroph,,,,,wood,white_rot,non-aquatic,,,filamentous_mycelium,corticioid,smooth,,,,
Ascomycota,Leotiomycetes,Helotiales,Helotiales_fam_Incertae_sedis,Helotiales_gen_Incertae_sedis,Helotiales_sp;sh__SH0008342.10FU,NA,NA,NA,NA,NA,NA,NA,NA,NA,NA,NA,NA,NA,NA,NA,NA,NA,NA,NA,NA,NA,NA,NA
Ascomycota,Dothideomycetes,Dothideomycetes_ord_Incertae_sedis,Dothideomycetes_fam_Incertae_sedis,NA,NA,NA,NA,NA,NA,NA,NA,NA,NA,NA,NA,NA,NA,NA,NA,NA,NA,NA,NA,NA,NA,NA,NA,NA
Ascomycota,NA,NA,NA,NA,NA,NA,NA,NA,NA,NA,NA,NA,NA,NA,NA,NA,NA,NA,NA,NA,NA,NA,NA,NA,NA,NA,NA,NA
Basidiomycota,Tremellomycetes,Tremellales,Tremellaceae,Filobasidiella,Filobasidiella_sp;sh__SH0148397.10FU,jrk03176,Basidiomycota,Tremellomycetes,Tremellales,Tremellaceae,synonym of Cryptococcus,animal_parasite,,mycoparasite_some_species,no_endophytic_capacity,,animal_material,,non-aquatic,vertebrate_parasite,,dimorphic_yeast,none,,,,,
Basidiomycota,Agaricomycetes,Sebacinales,Sebacinales_fam_Incertae_sedis,Sebacinales_gen_Incertae_sedis,Sebacinales_sp;sh__SH0066777.10FU,NA,NA,NA,NA,NA,NA,NA,NA,NA,NA,NA,NA,NA,NA,NA,NA,NA,NA,NA,NA,NA,NA,NA
Ascomycota,Leotiomycetes,Helotiales,Helotiales_fam_Incertae_sedis,Acidomelania,Acidomelania_panicicola;sh__SH0074306.10FU,jrk00071,Ascomycota,Leotiomycetes,Helotiales,Helotiales family incertae sedis,,root_endophyte,soil_saprotroph,,root_endophyte,,soil,,non-aquatic,,,filamentous_mycelium,none,none,,,,
Basidiomycota,Agaricomycetes,Agaricales,Hymenogastraceae,Hebeloma,Hebeloma_pseudoamarescens;sh__SH0176704.10FU,jrk03722,Basidiomycota,Agaricomycetes,Agaricales,Hymenogastraceae,,ectomycorrhizal,,,,,,,non-aquatic,,,filamentous_mycelium,agaricoid,gills,short-distance_delicate,/hebeloma-alnicola,,
Basidiomycota,Tremellomycetes,Tremellales,Tremellales_fam_Incertae_sedis,Tremellales_gen_Incertae_sedis,Tremellales_sp;sh__SH0074645.10FU,NA,NA,NA,NA,NA,NA,NA,NA,NA,NA,NA,NA,NA,NA,NA,NA,NA,NA,NA,NA,NA,NA,NA
Ascomycota,Leotiomycetes,Helotiales,Discinellaceae,Pezoloma,Pezoloma_ericae;sh__SH0172522.10FU,jrk06336,Ascomycota,Leotiomycetes,Helotiales,Discinellaceae,,root_endophyte,soil_saprotroph,,root_endophyte,leaf/fruit/seed_pathogen,soil,,partly_aquatic,,,filamentous_mycelium,apothecium_(hymenium_on_surface),smooth,,,,
Basidiomycota,Basidiomycota_cls_Incertae_sedis,Basidiomycota_ord_Incertae_sedis,Basidiomycota_fam_Incertae_sedis,Basidiomycota_gen_Incertae_sedis,Basidiomycota_sp;sh__SH0020368.10FU,NA,NA,NA,NA,NA,NA,NA,NA,NA,NA,NA,NA,NA,NA,NA,NA,NA,NA,NA,NA,NA,NA,NA
Basidiomycota,Agaricomycetes,Agaricales,Clavariaceae,Clavariaceae_gen_Incertae_sedis,Clavariaceae_sp;sh__SH0142194.10FU,NA,NA,NA,NA,NA,NA,NA,NA,NA,NA,NA,NA,NA,NA,NA,NA,NA,NA,NA,NA,NA,NA,NA
Ascomycota,Sordariomycetes,Sordariomycetes_ord_Incertae_sedis,Sordariomycetes_fam_Incertae_sedis,Sordariomycetes_gen_Incertae_sedis,Sordariomycetes_sp;sh__SH0065140.10FU,NA,NA,NA,NA,NA,NA,NA,NA,NA,NA,NA,NA,NA,NA,NA,NA,NA,NA,NA,NA,NA,NA,NA
Basidiomycota,Agaricomycetes,Cantharellales,Hydnaceae,Hydnum,Hydnum_repandum;sh__SH0072506.10FU,jrk03988,Basidiomycota,Agaricomycetes,Cantharellales,Hydnaceae,,ectomycorrhizal,,,,,,,non-aquatic,,,filamentous_mycelium,agaricoid,hydnoid,medium-distance_smooth,/cantharellus,,
Rozellomycota,Rozellomycota_cls_Incertae_sedis,Rozellomycota_ord_Incertae_sedis,Rozellomycota_fam_Incertae_sedis,Rozellomycota_gen_Incertae_sedis,Rozellomycota_sp;sh__SH0191144.10FU,NA,NA,NA,NA,NA,NA,NA,NA,NA,NA,NA,NA,NA,NA,NA,NA,NA,NA,NA,NA,NA,NA,NA
Ascomycota,Candelariomycetes,Candelariales,Pycnoraceae,Pycnora,Pycnora_sp;sh__SH0084928.10FU,jrk07339,Ascomycota,Candelariomycetes,Candelariales,Pycnoraceae,,lichenized,,,,,,,non-aquatic,,,thallus_photosynthetic,apothecium_(hymenium_on_surface),smooth,,,chlorococcoid,
Ascomycota,Lecanoromycetes,Pertusariales,Megasporaceae,Aspicilia,Aspicilia_sp;sh__SH0085135.10FU,jrk00695,Ascomycota,Lecanoromycetes,Pertusariales,Megasporaceae,,lichenized,,,,,,,non-aquatic,,,thallus_photosynthetic,apothecium_(hymenium_on_surface),smooth,,,chlorococcoid,
Basidiomycota,Agaricomycetes,Sebacinales,Serendipitaceae,Serendipita,Serendipita_sp;sh__SH0041485.10FU,jrk08004,Basidiomycota,Agaricomycetes,Sebacinales,Serendipitaceae,,root_endophyte,soil_saprotroph,ectomycorrhizal_1%_species/ericoid_mycorrhizal_many_species/orchid_mycorrhizal,root_endophyte,,soil,,non-aquatic,,,filamentous_mycelium,none,none,,,,
Basidiomycota,Agaricomycetes,Russulales,Russulaceae,Russula,Russula_velenovskyi;sh__SH0152076.10FU,jrk07726,Basidiomycota,Agaricomycetes,Russulales,Russulaceae,,ectomycorrhizal,,,,,,,non-aquatic,,,filamentous_mycelium,agaricoid,gills,contact,/russula-lactarius,,
Basidiomycota,Agaricomycetes,Boletales,Boletaceae,Leccinum,Leccinum_variicolor;sh__SH0175607.10FU,jrk04527,Basidiomycota,Agaricomycetes,Boletales,Boletaceae,,ectomycorrhizal,,,,,,,non-aquatic,,,filamentous_mycelium,agaricoid,poroid,long-distance,/boletus,,
Ascomycota,Ascomycota_cls_Incertae_sedis,Ascomycota_ord_Incertae_sedis,Ascomycota_fam_Incertae_sedis,Ascomycota_gen_Incertae_sedis,Ascomycota_sp,NA,NA,NA,NA,NA,NA,NA,NA,NA,NA,NA,NA,NA,NA,NA,NA,NA,NA,NA,NA,NA,NA,NA
Basidiomycota,Tremellomycetes,Tremellales,Bulleraceae,Fonsecazyma,Fonsecazyma_mujuensis;sh__SH0080421.10FU,jrk03239,Basidiomycota,Tremellomycetes,Tremellales,Bulleraceae,,unspecified_saprotroph,,,,,,,non-aquatic,,,yeast,none,,,,,
Ascomycota,Dothideomycetes,Dothideomycetes_ord_Incertae_sedis,Dothideomycetes_fam_Incertae_sedis,Dothideomycetes_gen_Incertae_sedis,Dothideomycetes_sp;sh__SH0118529.10FU,NA,NA,NA,NA,NA,NA,NA,NA,NA,NA,NA,NA,NA,NA,NA,NA,NA,NA,NA,NA,NA,NA,NA
Basidiomycota,Agaricomycetes,Agaricales,Cortinariaceae,Cortinarius,NA,jrk02100,Basidiomycota,Agaricomycetes,Agaricales,Cortinariaceae,,ectomycorrhizal,,,,,,,non-aquatic,,,filamentous_mycelium,agaricoid,gills,medium-distance_fringe,/cortinarius,,
Ascomycota,Leotiomycetes,Helotiales,Pezizellaceae,Chalara,Chalara_holubovae;sh__SH0188215.10FU,jrk01652,Ascomycota,Leotiomycetes,Helotiales,Pezizellaceae,,litter_saprotroph,plant_pathogen,hypervariable,foliar_endophyte,"wood_pathogen,leaf/fruit/seed_pathogen","wood,leaf/fruit/seed",soft_rot,non-aquatic,,,filamentous_mycelium,None,none,,,,
Ascomycota,Saccharomycetes,Saccharomycetales,Saccharomycetales_fam_Incertae_sedis,Saccharomycetales_gen_Incertae_sedis,Saccharomycetales_sp,NA,NA,NA,NA,NA,NA,NA,NA,NA,NA,NA,NA,NA,NA,NA,NA,NA,NA,NA,NA,NA,NA,NA
Ascomycota,Leotiomycetes,Helotiales,Helotiales_fam_Incertae_sedis,Helotiales_gen_Incertae_sedis,Helotiales_sp;sh__SH0013129.10FU,NA,NA,NA,NA,NA,NA,NA,NA,NA,NA,NA,NA,NA,NA,NA,NA,NA,NA,NA,NA,NA,NA,NA
Ascomycota,Leotiomycetes,Helotiales,Helotiales_fam_Incertae_sedis,Helotiales_gen_Incertae_sedis,Helotiales_sp;sh__SH0134749.10FU,NA,NA,NA,NA,NA,NA,NA,NA,NA,NA,NA,NA,NA,NA,NA,NA,NA,NA,NA,NA,NA,NA,NA
Ascomycota,Eurotiomycetes,Eurotiales,Aspergillaceae,NA,NA,NA,NA,NA,NA,NA,NA,NA,NA,NA,NA,NA,NA,NA,NA,NA,NA,NA,NA,NA,NA,NA,NA,NA
Ascomycota,Leotiomycetes,Helotiales,Helotiales_fam_Incertae_sedis,Helotiales_gen_Incertae_sedis,Helotiales_sp,NA,NA,NA,NA,NA,NA,NA,NA,NA,NA,NA,NA,NA,NA,NA,NA,NA,NA,NA,NA,NA,NA,NA
Mucoromycota,Umbelopsidomycetes,Umbelopsidales,Umbelopsidaceae,Umbelopsis,Umbelopsis_ovata;sh__SH0009075.10FU,jrk09156,Mucoromycota,Umbelopsidomycetes,Umbelopsidales,Umbelopsidaceae,,soil_saprotroph,root-associated,,root-associated,root-associated,"roots,soil",mold,non-aquatic,,,filamentous_mycelium,none,none,,,,
Ascomycota,Lecanoromycetes,Lecanorales,Cladoniaceae,Cladonia,Cladonia_strepsilis;sh__SH0136027.10FU,jrk01803,Ascomycota,Lecanoromycetes,Lecanorales,Cladoniaceae,,lichenized,,,,,,,non-aquatic,,,thallus_photosynthetic,apothecium_(hymenium_on_surface),smooth,,,chlorococcoid,
Ascomycota,Leotiomycetes,Leotiomycetes_ord_Incertae_sedis,Leotiomycetes_fam_Incertae_sedis,Leotiomycetes_gen_Incertae_sedis,Leotiomycetes_sp;sh__SH0134848.10FU,NA,NA,NA,NA,NA,NA,NA,NA,NA,NA,NA,NA,NA,NA,NA,NA,NA,NA,NA,NA,NA,NA,NA
Basidiomycota,Agaricomycetes,Sebacinales,Sebacinaceae,Sebacina,Sebacina_sp,jrk07952,Basidiomycota,Agaricomycetes,Sebacinales,Sebacinaceae,,ectomycorrhizal,,,,,,,non-aquatic,,,filamentous_mycelium,corticioid,smooth,short-distance_delicate,/sebacina,,
Ascomycota,NA,NA,NA,NA,NA,NA,NA,NA,NA,NA,NA,NA,NA,NA,NA,NA,NA,NA,NA,NA,NA,NA,NA,NA,NA,NA,NA,NA
Ascomycota,Sordariomycetes,Hypocreales,Nectriaceae,Fusarium,Fusarium_lateritium;sh__SH0084952.10FU,jrk03281,Ascomycota,Sordariomycetes,Hypocreales,Nectriaceae,,plant_pathogen,litter_saprotroph,"hypervariable,_saprotroph,_pathogen,damping-off_pathogen",foliar_endophyte,leaf/fruit/seed_pathogen,"leaf/fruit/seed,roots,soil,animal_material",soft_rot,partly_aquatic,opportunistic_human_parasite,,filamentous_mycelium,none,,,,,
Rozellomycota,Rozellomycota_cls_Incertae_sedis,Rozellomycota_ord_Incertae_sedis,Rozellomycota_fam_Incertae_sedis,Rozellomycota_gen_Incertae_sedis,Rozellomycota_sp;sh__SH0012145.10FU,NA,NA,NA,NA,NA,NA,NA,NA,NA,NA,NA,NA,NA,NA,NA,NA,NA,NA,NA,NA,NA,NA,NA
Ascomycota,Leotiomycetes,Leotiales,Leotiales_fam_Incertae_sedis,Leotiales_gen_Incertae_sedis,Leotiales_sp;sh__SH0087034.10FU,NA,NA,NA,NA,NA,NA,NA,NA,NA,NA,NA,NA,NA,NA,NA,NA,NA,NA,NA,NA,NA,NA,NA
Ascomycota,Dothideomycetes,Pleosporales,Didymosphaeriaceae,Paraphaeosphaeria,Paraphaeosphaeria_sp;sh__SH0152748.10FU,jrk06145,Ascomycota,Dothideomycetes,Pleosporales,Didymosphaeriaceae,,wood_saprotroph,,,no_endophytic_capacity,,wood,,partly_aquatic,,,filamentous_mycelium,"perithecium_(hymenium_hidden,_narrow_opening)",closed,,,,
Chytridiomycota,Rhizophydiomycetes,Rhizophydiales,Rhizophydiales_fam_Incertae_sedis,Rhizophydiales_gen_Incertae_sedis,Rhizophydiales_sp;sh__SH0147760.10FU,NA,NA,NA,NA,NA,NA,NA,NA,NA,NA,NA,NA,NA,NA,NA,NA,NA,NA,NA,NA,NA,NA,NA
Basidiomycota,Agaricomycetes,Agaricales,Clavariaceae,Camarophyllopsis,Camarophyllopsis_sp;sh__SH0012623.10FU,jrk01362,Basidiomycota,Agaricomycetes,Agaricales,Clavariaceae,,soil_saprotroph,unspecified_symbiotroph,CHEGD_symbiotrophs,root-associated,root-associated,"roots,soil",,non-aquatic,,,filamentous_mycelium,agaricoid,gills,,,,
NA,NA,NA,NA,NA,NA,NA,NA,NA,NA,NA,NA,NA,NA,NA,NA,NA,NA,NA,NA,NA,NA,NA,NA,NA,NA,NA,NA,NA
Basidiomycota,Cystobasidiomycetes,Cystobasidiomycetes_ord_Incertae_sedis,Cystobasidiomycetes_fam_Incertae_sedis,Cystobasidiomycetes_gen_Incertae_sedis,Cystobasidiomycetes_sp;sh__SH0135368.10FU,NA,NA,NA,NA,NA,NA,NA,NA,NA,NA,NA,NA,NA,NA,NA,NA,NA,NA,NA,NA,NA,NA,NA
Mucoromycota,Endogonomycetes,Endogonomycetes_ord_Incertae_sedis,Endogonomycetes_fam_Incertae_sedis,Endogonomycetes_gen_Incertae_sedis,Endogonomycetes_sp;sh__SH0132336.10FU,NA,NA,NA,NA,NA,NA,NA,NA,NA,NA,NA,NA,NA,NA,NA,NA,NA,NA,NA,NA,NA,NA,NA
Ascomycota,Leotiomycetes,NA,NA,NA,NA,NA,NA,NA,NA,NA,NA,NA,NA,NA,NA,NA,NA,NA,NA,NA,NA,NA,NA,NA,NA,NA,NA,NA
Basidiomycota,Agaricomycetes,Hymenochaetales,Hymenochaetales_fam_Incertae_sedis,Hymenochaetales_gen_Incertae_sedis,Hymenochaetales_sp;sh__SH0147468.10FU,NA,NA,NA,NA,NA,NA,NA,NA,NA,NA,NA,NA,NA,NA,NA,NA,NA,NA,NA,NA,NA,NA,NA
Basidiomycota,Agaricomycetes,Agaricales,Amanitaceae,Amanita,Amanita_rubescens;sh__SH0177685.10FU,jrk00264,Basidiomycota,Agaricomycetes,Agaricales,Amanitaceae,,ectomycorrhizal,,,,,,,non-aquatic,,,filamentous_mycelium,agaricoid,gills,contact,/amanita,,
Mucoromycota,Umbelopsidomycetes,Umbelopsidales,Umbelopsidaceae,Umbelopsis,Umbelopsis_sp;sh__SH0009100.10FU,jrk09156,Mucoromycota,Umbelopsidomycetes,Umbelopsidales,Umbelopsidaceae,,soil_saprotroph,root-associated,,root-associated,root-associated,"roots,soil",mold,non-aquatic,,,filamentous_mycelium,none,none,,,,
Basidiomycota,Agaricomycetes,Agaricales,Bolbitiaceae,Conocybe,Conocybe_sp;sh__SH0105675.10FU,jrk02027,Basidiomycota,Agaricomycetes,Agaricales,Bolbitiaceae,,soil_saprotroph,,litter_saprotroph_or_dung_saprotroph_some_species,,,soil,,non-aquatic,,,filamentous_mycelium,agaricoid,gills,,,,
Basidiomycota,Geminibasidiomycetes,Geminibasidiales,Geminibasidiaceae,Geminibasidium,Geminibasidium_sp;sh__SH0174159.10FU,jrk03363,Basidiomycota,Geminibasidiomycetes,Geminibasidiales,Geminibasidiaceae,,soil_saprotroph,,extremophile_xerophile_and_heat_resistant,,,soil,,non-aquatic,,,filamentous_mycelium,none,none,,,,
Ascomycota,Archaeorhizomycetes,Archaeorhizomycetales,NA,NA,NA,NA,NA,NA,NA,NA,NA,NA,NA,NA,NA,NA,NA,NA,NA,NA,NA,NA,NA,NA,NA,NA,NA,NA
NA,NA,NA,NA,NA,NA,NA,NA,NA,NA,NA,NA,NA,NA,NA,NA,NA,NA,NA,NA,NA,NA,NA,NA,NA,NA,NA,NA,NA
Ascomycota,Ascomycota_cls_Incertae_sedis,Ascomycota_ord_Incertae_sedis,Ascomycota_fam_Incertae_sedis,Ascomycota_gen_Incertae_sedis,Ascomycota_sp;sh__SH0085114.10FU,NA,NA,NA,NA,NA,NA,NA,NA,NA,NA,NA,NA,NA,NA,NA,NA,NA,NA,NA,NA,NA,NA,NA
Ascomycota,Leotiomycetes,Leotiomycetes_ord_Incertae_sedis,Leotiomycetes_fam_Incertae_sedis,Leotiomycetes_gen_Incertae_sedis,Leotiomycetes_sp;sh__SH0008382.10FU,NA,NA,NA,NA,NA,NA,NA,NA,NA,NA,NA,NA,NA,NA,NA,NA,NA,NA,NA,NA,NA,NA,NA
Ascomycota,Leotiomycetes,NA,NA,NA,NA,NA,NA,NA,NA,NA,NA,NA,NA,NA,NA,NA,NA,NA,NA,NA,NA,NA,NA,NA,NA,NA,NA,NA
Ascomycota,NA,NA,NA,NA,NA,NA,NA,NA,NA,NA,NA,NA,NA,NA,NA,NA,NA,NA,NA,NA,NA,NA,NA,NA,NA,NA,NA,NA
Ascomycota,Dothideomycetes,Mycosphaerellales,Mycosphaerellaceae,NA,NA,NA,NA,NA,NA,NA,NA,NA,NA,NA,NA,NA,NA,NA,NA,NA,NA,NA,NA,NA,NA,NA,NA,NA
Ascomycota,Dothideomycetes,Pleosporales,Melanommataceae,Melanommataceae_gen_Incertae_sedis,Melanommataceae_sp;sh__SH0097185.10FU,NA,NA,NA,NA,NA,NA,NA,NA,NA,NA,NA,NA,NA,NA,NA,NA,NA,NA,NA,NA,NA,NA,NA
Basidiomycota,Tremellomycetes,Tremellales,Bulleraceae,Genolevuria,Genolevuria_amylolytica;sh__SH0019384.10FU,jrk03374,Basidiomycota,Tremellomycetes,Tremellales,Bulleraceae,,unspecified_saprotroph,epiphyte,,,,,,non-aquatic,,,yeast,none,,,,,
Ascomycota,Dothideomycetes,Dothideales,NA,NA,NA,NA,NA,NA,NA,NA,NA,NA,NA,NA,NA,NA,NA,NA,NA,NA,NA,NA,NA,NA,NA,NA,NA,NA
Ascomycota,Ascomycota_cls_Incertae_sedis,Ascomycota_ord_Incertae_sedis,Ascomycota_fam_Incertae_sedis,Ascomycota_gen_Incertae_sedis,Ascomycota_sp;sh__SH0163273.10FU,NA,NA,NA,NA,NA,NA,NA,NA,NA,NA,NA,NA,NA,NA,NA,NA,NA,NA,NA,NA,NA,NA,NA
Ascomycota,Leotiomycetes,Helotiales,Helotiales_fam_Incertae_sedis,Helotiales_gen_Incertae_sedis,Helotiales_sp;sh__SH0008478.10FU,NA,NA,NA,NA,NA,NA,NA,NA,NA,NA,NA,NA,NA,NA,NA,NA,NA,NA,NA,NA,NA,NA,NA
Chytridiomycota,Chytridiomycetes,Chytridiales,Chytridiales_fam_Incertae_sedis,Chytridiales_gen_Incertae_sedis,Chytridiales_sp;sh__SH0118695.10FU,NA,NA,NA,NA,NA,NA,NA,NA,NA,NA,NA,NA,NA,NA,NA,NA,NA,NA,NA,NA,NA,NA,NA
Basidiomycota,Tremellomycetes,Tremellales,Bulleraceae,Genolevuria,Genolevuria_sp;sh__SH0071342.10FU,jrk03374,Basidiomycota,Tremellomycetes,Tremellales,Bulleraceae,,unspecified_saprotroph,epiphyte,,,,,,non-aquatic,,,yeast,none,,,,,
Ascomycota,Ascomycota_cls_Incertae_sedis,Ascomycota_ord_Incertae_sedis,Ascomycota_fam_Incertae_sedis,Ascomycota_gen_Incertae_sedis,Ascomycota_sp;sh__SH0079719.10FU,NA,NA,NA,NA,NA,NA,NA,NA,NA,NA,NA,NA,NA,NA,NA,NA,NA,NA,NA,NA,NA,NA,NA
Ascomycota,Leotiomycetes,Helotiales,Helotiales_fam_Incertae_sedis,Helotiales_gen_Incertae_sedis,Helotiales_sp,NA,NA,NA,NA,NA,NA,NA,NA,NA,NA,NA,NA,NA,NA,NA,NA,NA,NA,NA,NA,NA,NA,NA
Basidiomycota,Agaricomycetes,Atheliales,Atheliaceae,Piloderma,Piloderma_sphaerosporum;sh__SH0195945.10FU,jrk06623,Basidiomycota,Agaricomycetes,Atheliales,Atheliaceae,,ectomycorrhizal,,,,,,,non-aquatic,,,filamentous_mycelium,corticioid,smooth,medium-distance_fringe,/piloderma,,
Basidiomycota,Agaricomycetes,Thelephorales,Thelephoraceae,NA,NA,NA,NA,NA,NA,NA,NA,NA,NA,NA,NA,NA,NA,NA,NA,NA,NA,NA,NA,NA,NA,NA,NA,NA
Ascomycota,Leotiomycetes,NA,NA,NA,NA,NA,NA,NA,NA,NA,NA,NA,NA,NA,NA,NA,NA,NA,NA,NA,NA,NA,NA,NA,NA,NA,NA,NA
Ascomycota,Archaeorhizomycetes,Archaeorhizomycetales,Archaeorhizomycetales_fam_Incertae_sedis,Archaeorhizomycetales_gen_Incertae_sedis,Archaeorhizomycetales_sp;sh__SH0176967.10FU,NA,NA,NA,NA,NA,NA,NA,NA,NA,NA,NA,NA,NA,NA,NA,NA,NA,NA,NA,NA,NA,NA,NA
Ascomycota,Dothideomycetes,Venturiales,Sympoventuriaceae,Pseudosigmoidea,Pseudosigmoidea_excentrica;sh__SH0009649.10FU,jrk07205,Ascomycota,Dothideomycetes,Venturiales,Sympoventuriaceae,,soil_saprotroph,root_endophyte_dark_septate,,root_endophyte_dark_septate,,soil,,non-aquatic,,,filamentous_mycelium,"perithecium_(hymenium_hidden,_narrow_opening)",closed,,,,
Ascomycota,Leotiomycetes,Helotiales,Helotiales_fam_Incertae_sedis,Helotiales_gen_Incertae_sedis,Helotiales_sp;sh__SH0008374.10FU,NA,NA,NA,NA,NA,NA,NA,NA,NA,NA,NA,NA,NA,NA,NA,NA,NA,NA,NA,NA,NA,NA,NA
Glomeromycota,Archaeosporomycetes,Archaeosporales,Ambisporaceae,Ambispora,Ambispora_sp;sh__SH0005568.10FU,jrk00278,Glomeromycota,Archaeosporomycetes,Archaeosporales,Ambisporaceae,,arbuscular_mycorrhizal,root-associated,,root_endophyte,,,,,,,filamentous_mycelium,none,none,,,,
Ascomycota,Leotiomycetes,Leotiomycetes_ord_Incertae_sedis,Leotiomycetes_fam_Incertae_sedis,Leotiomycetes_gen_Incertae_sedis,Leotiomycetes_sp;sh__SH0008535.10FU,NA,NA,NA,NA,NA,NA,NA,NA,NA,NA,NA,NA,NA,NA,NA,NA,NA,NA,NA,NA,NA,NA,NA
Ascomycota,Sordariomycetes,Hypocreales,Hypocreaceae,Hypocreaceae_gen_Incertae_sedis,Hypocreaceae_sp;sh__SH0197188.10FU,NA,NA,NA,NA,NA,NA,NA,NA,NA,NA,NA,NA,NA,NA,NA,NA,NA,NA,NA,NA,NA,NA,NA
Basidiomycota,Agaricomycetes,Agaricales,Clavariaceae,Clavariaceae_gen_Incertae_sedis,Clavariaceae_sp;sh__SH0142093.10FU,NA,NA,NA,NA,NA,NA,NA,NA,NA,NA,NA,NA,NA,NA,NA,NA,NA,NA,NA,NA,NA,NA,NA
Basidiomycota,Agaricomycetes,Agaricales,Entolomataceae,Entoloma,Entoloma_cyaneolilacinum;sh__SH0160636.10FU,jrk02963,Basidiomycota,Agaricomycetes,Agaricales,Entolomataceae,,soil_saprotroph,unspecified_symbiotroph,"CHEGD_symbiotrophs,ectomycorrhizal_ca_10%_of_species",root-associated,root-associated,"roots,soil",,non-aquatic,,,filamentous_mycelium,agaricoid,gills,medium-distance_smooth,/entoloma,,
Ascomycota,Ascomycota_cls_Incertae_sedis,Ascomycota_ord_Incertae_sedis,Ascomycota_fam_Incertae_sedis,Ascomycota_gen_Incertae_sedis,Ascomycota_sp;sh__SH0215139.10FU,NA,NA,NA,NA,NA,NA,NA,NA,NA,NA,NA,NA,NA,NA,NA,NA,NA,NA,NA,NA,NA,NA,NA
Basidiomycota,Agaricomycetes,Trechisporales,Hydnodontaceae,Trechispora,Trechispora_sp;sh__SH0086506.10FU,jrk08926,Basidiomycota,Agaricomycetes,Trechisporales,Hydnodontaceae,,wood_saprotroph,,,,,wood,white_rot,non-aquatic,,,filamentous_mycelium,corticioid,poroid,,,,
Basidiomycota,Agaricomycetes,Agaricales,Mycenaceae,Mycena,Mycena_filopes;sh__SH0146283.10FU,jrk05357,Basidiomycota,Agaricomycetes,Agaricales,Mycenaceae,,litter_saprotroph,root-associated,wood_saprotroph_many_species,root-associated,leaf/fruit/seed_pathogen,leaf/fruit/seed,,non-aquatic,,,filamentous_mycelium,agaricoid,gills,,,,
Ascomycota,Leotiomycetes,Helotiales,Helotiales_fam_Incertae_sedis,NA,NA,NA,NA,NA,NA,NA,NA,NA,NA,NA,NA,NA,NA,NA,NA,NA,NA,NA,NA,NA,NA,NA,NA,NA
Basidiomycota,Agaricomycetes,Sebacinales,Sebacinaceae,Sebacina,Sebacina_sp;sh__SH0136679.10FU,jrk07952,Basidiomycota,Agaricomycetes,Sebacinales,Sebacinaceae,,ectomycorrhizal,,,,,,,non-aquatic,,,filamentous_mycelium,corticioid,smooth,short-distance_delicate,/sebacina,,
Basidiomycota,Agaricomycetes,Agaricales,Cortinariaceae,Cortinarius,NA,jrk02100,Basidiomycota,Agaricomycetes,Agaricales,Cortinariaceae,,ectomycorrhizal,,,,,,,non-aquatic,,,filamentous_mycelium,agaricoid,gills,medium-distance_fringe,/cortinarius,,
Ascomycota,Dothideomycetes,Venturiales,Venturiaceae,Venturiaceae_gen_Incertae_sedis,Venturiaceae_sp;sh__SH0056780.10FU,NA,NA,NA,NA,NA,NA,NA,NA,NA,NA,NA,NA,NA,NA,NA,NA,NA,NA,NA,NA,NA,NA,NA
NA,NA,NA,NA,NA,NA,NA,NA,NA,NA,NA,NA,NA,NA,NA,NA,NA,NA,NA,NA,NA,NA,NA,NA,NA,NA,NA,NA,NA
Basidiomycota,Agaricomycetes,Sebacinales,NA,NA,NA,NA,NA,NA,NA,NA,NA,NA,NA,NA,NA,NA,NA,NA,NA,NA,NA,NA,NA,NA,NA,NA,NA,NA
Ascomycota,Leotiomycetes,Helotiales,NA,NA,NA,NA,NA,NA,NA,NA,NA,NA,NA,NA,NA,NA,NA,NA,NA,NA,NA,NA,NA,NA,NA,NA,NA,NA
Ascomycota,Leotiomycetes,Helotiales,Helotiales_fam_Incertae_sedis,Helotiales_gen_Incertae_sedis,Helotiales_sp;sh__SH0119754.10FU,NA,NA,NA,NA,NA,NA,NA,NA,NA,NA,NA,NA,NA,NA,NA,NA,NA,NA,NA,NA,NA,NA,NA
Ascomycota,Dothideomycetes,Venturiales,Venturiaceae,Venturiaceae_gen_Incertae_sedis,Venturiaceae_sp;sh__SH0056826.10FU,NA,NA,NA,NA,NA,NA,NA,NA,NA,NA,NA,NA,NA,NA,NA,NA,NA,NA,NA,NA,NA,NA,NA
Ascomycota,Leotiomycetes,Helotiales,Helotiales_fam_Incertae_sedis,Helotiales_gen_Incertae_sedis,Helotiales_sp,NA,NA,NA,NA,NA,NA,NA,NA,NA,NA,NA,NA,NA,NA,NA,NA,NA,NA,NA,NA,NA,NA,NA
Basidiomycota,Tremellomycetes,Cystofilobasidiales,Mrakiaceae,Itersonilia,Itersonilia_pannonica;sh__SH0021903.10FU,jrk04199,Basidiomycota,Tremellomycetes,Cystofilobasidiales,Mrakiaceae,,plant_pathogen,,,,leaf/fruit/seed_pathogen,,,non-aquatic,,,dimorphic_yeast,none,none,,,,
NA,NA,NA,NA,NA,NA,NA,NA,NA,NA,NA,NA,NA,NA,NA,NA,NA,NA,NA,NA,NA,NA,NA,NA,NA,NA,NA,NA,NA
Ascomycota,Leotiomycetes,Rhytismatales,Rhytismataceae,Rhytismataceae_gen_Incertae_sedis,Rhytismataceae_sp;sh__SH0167015.10FU,NA,NA,NA,NA,NA,NA,NA,NA,NA,NA,NA,NA,NA,NA,NA,NA,NA,NA,NA,NA,NA,NA,NA
Basidiomycota,Agaricomycetes,Agaricales,Inocybaceae,Inocybe,Inocybe_turfae;sh__SH0170145.10FU,jrk04145,Basidiomycota,Agaricomycetes,Agaricales,Inocybaceae,,ectomycorrhizal,,,,,,,non-aquatic,,,filamentous_mycelium,agaricoid,gills,short-distance_delicate,/inocybe,,
Basidiomycota,Agaricomycetes,Agaricales,Clavariaceae,Clavariaceae_gen_Incertae_sedis,Clavariaceae_sp;sh__SH0086579.10FU,NA,NA,NA,NA,NA,NA,NA,NA,NA,NA,NA,NA,NA,NA,NA,NA,NA,NA,NA,NA,NA,NA,NA
Ascomycota,Eurotiomycetes,Chaetothyriales,Herpotrichiellaceae,Capronia,Capronia_sp;sh__SH0062089.10FU,jrk01430,Ascomycota,Eurotiomycetes,Chaetothyriales,Herpotrichiellaceae,,soil_saprotroph,root_endophyte_dark_septate,"mycoparasite_some_species,animal_pathogen_some_species",root_endophyte_dark_septate,,soil,,partly_aquatic,animal_parasite/opportunistic_human_parasite,,dimorphic_yeast,"perithecium_(hymenium_hidden,_narrow_opening)",,,,,
NA,NA,NA,NA,NA,NA,NA,NA,NA,NA,NA,NA,NA,NA,NA,NA,NA,NA,NA,NA,NA,NA,NA,NA,NA,NA,NA,NA,NA
Ascomycota,Dothideomycetes,Mycosphaerellales,Teratosphaeriaceae,Lapidomyces,Lapidomyces_hispanicus;sh__SH0072125.10FU,jrk04465,Ascomycota,Dothideomycetes,Capnodiales,Teratosphaeriaceae,,unspecified_saprotroph,rock-inhabiting,,,,soil,,non-aquatic,,,filamentous_mycelium,"perithecium_(hymenium_hidden,_narrow_opening)",closed,,,,
Fungi_phy_Incertae_sedis,Fungi_cls_Incertae_sedis,Fungi_ord_Incertae_sedis,Fungi_fam_Incertae_sedis,Fungi_gen_Incertae_sedis,Fungi_sp;sh__SH0128301.10FU,NA,NA,NA,NA,NA,NA,NA,NA,NA,NA,NA,NA,NA,NA,NA,NA,NA,NA,NA,NA,NA,NA,NA
Ascomycota,Dothideomycetes,Venturiales,Venturiaceae,Venturia,Venturia_sp;sh__SH0171996.10FU,jrk09274,Ascomycota,Dothideomycetes,Venturiales,Venturiaceae,,plant_pathogen,litter_saprotroph,,,leaf/fruit/seed_pathogen,leaf/fruit/seed,,non-aquatic,,,filamentous_mycelium,"perithecium_(hymenium_hidden,_narrow_opening)",closed,,,,
Basidiomycota,Agaricomycetes,Agaricales,Mycenaceae,Mycenaceae_gen_Incertae_sedis,Mycenaceae_sp;sh__SH0021002.10FU,NA,NA,NA,NA,NA,NA,NA,NA,NA,NA,NA,NA,NA,NA,NA,NA,NA,NA,NA,NA,NA,NA,NA
Basidiomycota,Agaricomycetes,Agaricomycetes_ord_Incertae_sedis,Agaricomycetes_fam_Incertae_sedis,Agaricomycetes_gen_Incertae_sedis,Agaricomycetes_sp;sh__SH0031724.10FU,NA,NA,NA,NA,NA,NA,NA,NA,NA,NA,NA,NA,NA,NA,NA,NA,NA,NA,NA,NA,NA,NA,NA
Mucoromycota,Umbelopsidomycetes,Umbelopsidales,Umbelopsidaceae,Umbelopsis,Umbelopsis_gibberispora;sh__SH0047858.10FU,jrk09156,Mucoromycota,Umbelopsidomycetes,Umbelopsidales,Umbelopsidaceae,,soil_saprotroph,root-associated,,root-associated,root-associated,"roots,soil",mold,non-aquatic,,,filamentous_mycelium,none,none,,,,
Basidiomycota,Agaricomycetes,Hymenochaetales,Rickenellaceae,Peniophorella,Peniophorella_pallida;sh__SH0156498.10FU,jrk06292,Basidiomycota,Agaricomycetes,Hymenochaetales,Hymenochaetales family incertae sedis,,wood_saprotroph,,,,,wood,white_rot,non-aquatic,,,filamentous_mycelium,corticioid,smooth,,,,
Basidiomycota,Agaricomycetes,Boletales,Suillaceae,Suillus,Suillus_punctipes;sh__SH0145053.10FU,jrk08511,Basidiomycota,Agaricomycetes,Boletales,Suillaceae,,ectomycorrhizal,,,,,,,non-aquatic,,Pinaceae,filamentous_mycelium,agaricoid,poroid,long-distance,/suillus-rhizopogon,,
Basidiomycota,Agaricomycetes,Hymenochaetales,Hymenochaetales_fam_Incertae_sedis,Hymenochaetales_gen_Incertae_sedis,Hymenochaetales_sp;sh__SH0147468.10FU,NA,NA,NA,NA,NA,NA,NA,NA,NA,NA,NA,NA,NA,NA,NA,NA,NA,NA,NA,NA,NA,NA,NA
Ascomycota,Ascomycota_cls_Incertae_sedis,Ascomycota_ord_Incertae_sedis,Ascomycota_fam_Incertae_sedis,Ascomycota_gen_Incertae_sedis,Ascomycota_sp;sh__SH0051119.10FU,NA,NA,NA,NA,NA,NA,NA,NA,NA,NA,NA,NA,NA,NA,NA,NA,NA,NA,NA,NA,NA,NA,NA
Rozellomycota,Rozellomycota_cls_Incertae_sedis,Rozellomycota_ord_Incertae_sedis,Rozellomycota_fam_Incertae_sedis,Rozellomycota_gen_Incertae_sedis,Rozellomycota_sp;sh__SH0009023.10FU,NA,NA,NA,NA,NA,NA,NA,NA,NA,NA,NA,NA,NA,NA,NA,NA,NA,NA,NA,NA,NA,NA,NA
Basidiomycota,Agaricomycetes,Agaricomycetes_ord_Incertae_sedis,Agaricomycetes_fam_Incertae_sedis,Agaricomycetes_gen_Incertae_sedis,Agaricomycetes_sp;sh__SH0193061.10FU,NA,NA,NA,NA,NA,NA,NA,NA,NA,NA,NA,NA,NA,NA,NA,NA,NA,NA,NA,NA,NA,NA,NA
NA,NA,NA,NA,NA,NA,NA,NA,NA,NA,NA,NA,NA,NA,NA,NA,NA,NA,NA,NA,NA,NA,NA,NA,NA,NA,NA,NA,NA
Rozellomycota,Rozellomycota_cls_Incertae_sedis,Rozellomycota_ord_Incertae_sedis,Rozellomycota_fam_Incertae_sedis,Rozellomycota_gen_Incertae_sedis,Rozellomycota_sp;sh__SH0012145.10FU,NA,NA,NA,NA,NA,NA,NA,NA,NA,NA,NA,NA,NA,NA,NA,NA,NA,NA,NA,NA,NA,NA,NA
Ascomycota,Leotiomycetes,Leotiales,Leotiales_fam_Incertae_sedis,Leotiales_gen_Incertae_sedis,Leotiales_sp;sh__SH0158745.10FU,NA,NA,NA,NA,NA,NA,NA,NA,NA,NA,NA,NA,NA,NA,NA,NA,NA,NA,NA,NA,NA,NA,NA
Ascomycota,Dothideomycetes,Mycosphaerellales,Teratosphaeriaceae,NA,NA,NA,NA,NA,NA,NA,NA,NA,NA,NA,NA,NA,NA,NA,NA,NA,NA,NA,NA,NA,NA,NA,NA,NA
Basidiomycota,Agaricomycetes,Agaricales,Psathyrellaceae,Psathyrella,Psathyrella_flexuosipes;sh__SH0158084.10FU,jrk06986,Basidiomycota,Agaricomycetes,Agaricales,Psathyrellaceae,,wood_saprotroph,litter_saprotroph,,,,"wood,leaf/fruit/seed",,partly_aquatic,,,filamentous_mycelium,agaricoid,gills,,,,
Ascomycota,Leotiomycetes,Helotiales,Helotiales_fam_Incertae_sedis,Helotiales_gen_Incertae_sedis,Helotiales_sp;sh__SH0008452.10FU,NA,NA,NA,NA,NA,NA,NA,NA,NA,NA,NA,NA,NA,NA,NA,NA,NA,NA,NA,NA,NA,NA,NA
Ascomycota,Leotiomycetes,Leotiales,Tympanidaceae,Tympanidaceae_gen_Incertae_sedis,Tympanidaceae_sp;sh__SH0144405.10FU,NA,NA,NA,NA,NA,NA,NA,NA,NA,NA,NA,NA,NA,NA,NA,NA,NA,NA,NA,NA,NA,NA,NA
Ascomycota,NA,NA,NA,NA,NA,NA,NA,NA,NA,NA,NA,NA,NA,NA,NA,NA,NA,NA,NA,NA,NA,NA,NA,NA,NA,NA,NA,NA
Ascomycota,Lecanoromycetes,Lecanorales,Cladoniaceae,Cladonia,NA,jrk01803,Ascomycota,Lecanoromycetes,Lecanorales,Cladoniaceae,,lichenized,,,,,,,non-aquatic,,,thallus_photosynthetic,apothecium_(hymenium_on_surface),smooth,,,chlorococcoid,
Ascomycota,Archaeorhizomycetes,Archaeorhizomycetales,Archaeorhizomycetales_fam_Incertae_sedis,Archaeorhizomycetales_gen_Incertae_sedis,Archaeorhizomycetales_sp;sh__SH0177121.10FU,NA,NA,NA,NA,NA,NA,NA,NA,NA,NA,NA,NA,NA,NA,NA,NA,NA,NA,NA,NA,NA,NA,NA
Ascomycota,Eurotiomycetes,Chaetothyriales,Herpotrichiellaceae,Capronia,Capronia_coronata;sh__SH0164971.10FU,jrk01430,Ascomycota,Eurotiomycetes,Chaetothyriales,Herpotrichiellaceae,,soil_saprotroph,root_endophyte_dark_septate,"mycoparasite_some_species,animal_pathogen_some_species",root_endophyte_dark_septate,,soil,,partly_aquatic,animal_parasite/opportunistic_human_parasite,,dimorphic_yeast,"perithecium_(hymenium_hidden,_narrow_opening)",,,,,
Basidiomycota,Agaricomycetes,Russulales,Russulaceae,Russula,Russula_versicolor;sh__SH0152381.10FU,jrk07726,Basidiomycota,Agaricomycetes,Russulales,Russulaceae,,ectomycorrhizal,,,,,,,non-aquatic,,,filamentous_mycelium,agaricoid,gills,contact,/russula-lactarius,,
Ascomycota,Eurotiomycetes,Chaetothyriales,Herpotrichiellaceae,Herpotrichiellaceae_gen_Incertae_sedis,Herpotrichiellaceae_sp;sh__SH0062337.10FU,NA,NA,NA,NA,NA,NA,NA,NA,NA,NA,NA,NA,NA,NA,NA,NA,NA,NA,NA,NA,NA,NA,NA
Basidiomycota,Agaricomycetes,Agaricales,Clavariaceae,Clavariaceae_gen_Incertae_sedis,Clavariaceae_sp;sh__SH0113003.10FU,NA,NA,NA,NA,NA,NA,NA,NA,NA,NA,NA,NA,NA,NA,NA,NA,NA,NA,NA,NA,NA,NA,NA
Basidiomycota,Basidiomycota_cls_Incertae_sedis,Basidiomycota_ord_Incertae_sedis,Basidiomycota_fam_Incertae_sedis,Basidiomycota_gen_Incertae_sedis,Basidiomycota_sp;sh__SH0020369.10FU,NA,NA,NA,NA,NA,NA,NA,NA,NA,NA,NA,NA,NA,NA,NA,NA,NA,NA,NA,NA,NA,NA,NA
Ascomycota,Leotiomycetes,Leotiales,Leotiales_fam_Incertae_sedis,Leotiales_gen_Incertae_sedis,Leotiales_sp;sh__SH0158745.10FU,NA,NA,NA,NA,NA,NA,NA,NA,NA,NA,NA,NA,NA,NA,NA,NA,NA,NA,NA,NA,NA,NA,NA
Ascomycota,Dothideomycetes,Dothideomycetes_ord_Incertae_sedis,Dothideomycetes_fam_Incertae_sedis,Dothideomycetes_gen_Incertae_sedis,Dothideomycetes_sp;sh__SH0180410.10FU,NA,NA,NA,NA,NA,NA,NA,NA,NA,NA,NA,NA,NA,NA,NA,NA,NA,NA,NA,NA,NA,NA,NA
Ascomycota,Leotiomycetes,Helotiales,Helotiales_fam_Incertae_sedis,Helotiales_gen_Incertae_sedis,Helotiales_sp;sh__SH0013717.10FU,NA,NA,NA,NA,NA,NA,NA,NA,NA,NA,NA,NA,NA,NA,NA,NA,NA,NA,NA,NA,NA,NA,NA
Ascomycota,Eurotiomycetes,Chaetothyriales,Herpotrichiellaceae,Capronia,Capronia_sp;sh__SH0062266.10FU,jrk01430,Ascomycota,Eurotiomycetes,Chaetothyriales,Herpotrichiellaceae,,soil_saprotroph,root_endophyte_dark_septate,"mycoparasite_some_species,animal_pathogen_some_species",root_endophyte_dark_septate,,soil,,partly_aquatic,animal_parasite/opportunistic_human_parasite,,dimorphic_yeast,"perithecium_(hymenium_hidden,_narrow_opening)",,,,,
Ascomycota,Dothideomycetes,Pleosporales,Dictyosporiaceae,Dictyosporiaceae_gen_Incertae_sedis,Dictyosporiaceae_sp;sh__SH0079823.10FU,NA,NA,NA,NA,NA,NA,NA,NA,NA,NA,NA,NA,NA,NA,NA,NA,NA,NA,NA,NA,NA,NA,NA
Basidiomycota,Agaricomycetes,Thelephorales,Thelephoraceae,Pseudotomentella,Pseudotomentella_sp;sh__SH0174594.10FU,jrk07228,Basidiomycota,Agaricomycetes,Thelephorales,Thelephoraceae,,ectomycorrhizal,,,,,,,non-aquatic,,,filamentous_mycelium,corticioid,smooth,medium-distance_smooth,/pseudotomentella,,
Basidiomycota,Agaricomycetes,Agaricales,Clavariaceae,Clavaria,Clavaria_neonigrita;sh__SH0086398.10FU,jrk01836,Basidiomycota,Agaricomycetes,Agaricales,Clavariaceae,,soil_saprotroph,unspecified_symbiotroph,CHEGD_symbiotrophs,root-associated,root-associated,"roots,soil",,non-aquatic,,,filamentous_mycelium,clavarioid,smooth,,,,
Ascomycota,Eurotiomycetes,Chaetothyriales,Herpotrichiellaceae,Capronia,Capronia_sp;sh__SH0150827.10FU,jrk01430,Ascomycota,Eurotiomycetes,Chaetothyriales,Herpotrichiellaceae,,soil_saprotroph,root_endophyte_dark_septate,"mycoparasite_some_species,animal_pathogen_some_species",root_endophyte_dark_septate,,soil,,partly_aquatic,animal_parasite/opportunistic_human_parasite,,dimorphic_yeast,"perithecium_(hymenium_hidden,_narrow_opening)",,,,,
Basidiomycota,Agaricomycetes,Agaricales,Amanitaceae,Amanita,Amanita_submembranacea;sh__SH0103794.10FU,jrk00264,Basidiomycota,Agaricomycetes,Agaricales,Amanitaceae,,ectomycorrhizal,,,,,,,non-aquatic,,,filamentous_mycelium,agaricoid,gills,contact,/amanita,,
Basidiomycota,Tremellomycetes,Tremellales,Tremellales_fam_Incertae_sedis,NA,NA,NA,NA,NA,NA,NA,NA,NA,NA,NA,NA,NA,NA,NA,NA,NA,NA,NA,NA,NA,NA,NA,NA,NA
Ascomycota,Dothideomycetes,Pleosporales,NA,NA,NA,NA,NA,NA,NA,NA,NA,NA,NA,NA,NA,NA,NA,NA,NA,NA,NA,NA,NA,NA,NA,NA,NA,NA
Ascomycota,Ascomycota_cls_Incertae_sedis,Ascomycota_ord_Incertae_sedis,Ascomycota_fam_Incertae_sedis,Ascomycota_gen_Incertae_sedis,Ascomycota_sp;sh__SH0085758.10FU,NA,NA,NA,NA,NA,NA,NA,NA,NA,NA,NA,NA,NA,NA,NA,NA,NA,NA,NA,NA,NA,NA,NA
Mucoromycota,Umbelopsidomycetes,GS23,GS23_fam_Incertae_sedis,GS23_gen_Incertae_sedis,GS23_sp;sh__SH0086925.10FU,NA,NA,NA,NA,NA,NA,NA,NA,NA,NA,NA,NA,NA,NA,NA,NA,NA,NA,NA,NA,NA,NA,NA
Ascomycota,NA,NA,NA,NA,NA,NA,NA,NA,NA,NA,NA,NA,NA,NA,NA,NA,NA,NA,NA,NA,NA,NA,NA,NA,NA,NA,NA,NA
Fungi_phy_Incertae_sedis,Fungi_cls_Incertae_sedis,Fungi_ord_Incertae_sedis,Fungi_fam_Incertae_sedis,Fungi_gen_Incertae_sedis,Fungi_sp;sh__SH0153982.10FU,NA,NA,NA,NA,NA,NA,NA,NA,NA,NA,NA,NA,NA,NA,NA,NA,NA,NA,NA,NA,NA,NA,NA
Basidiomycota,Agaricomycetes,Agaricales,Clavariaceae,Clavariaceae_gen_Incertae_sedis,Clavariaceae_sp;sh__SH0138649.10FU,NA,NA,NA,NA,NA,NA,NA,NA,NA,NA,NA,NA,NA,NA,NA,NA,NA,NA,NA,NA,NA,NA,NA
Rozellomycota,Rozellomycota_cls_Incertae_sedis,Rozellomycota_ord_Incertae_sedis,Rozellomycota_fam_Incertae_sedis,Rozellomycota_gen_Incertae_sedis,Rozellomycota_sp;sh__SH0151066.10FU,NA,NA,NA,NA,NA,NA,NA,NA,NA,NA,NA,NA,NA,NA,NA,NA,NA,NA,NA,NA,NA,NA,NA
NA,NA,NA,NA,NA,NA,NA,NA,NA,NA,NA,NA,NA,NA,NA,NA,NA,NA,NA,NA,NA,NA,NA,NA,NA,NA,NA,NA,NA
Basidiomycota,Agaricomycetes,Thelephorales,Thelephoraceae,Tomentella,Tomentella_sp;sh__SH0125346.10FU,jrk08875,Basidiomycota,Agaricomycetes,Thelephorales,Thelephoraceae,,ectomycorrhizal,,,,,,,non-aquatic,,,filamentous_mycelium,corticioid,smooth,medium-distance_smooth,/tomentella-thelephora,,
Chytridiomycota,Chytridiomycota_cls_Incertae_sedis,Chytridiomycota_ord_Incertae_sedis,Chytridiomycota_fam_Incertae_sedis,Chytridiomycota_gen_Incertae_sedis,Chytridiomycota_sp;sh__SH0084345.10FU,NA,NA,NA,NA,NA,NA,NA,NA,NA,NA,NA,NA,NA,NA,NA,NA,NA,NA,NA,NA,NA,NA,NA
Basidiomycota,Agaricomycetes,Polyporales,Polyporales_fam_Incertae_sedis,Polyporales_gen_Incertae_sedis,Polyporales_sp;sh__SH0143840.10FU,NA,NA,NA,NA,NA,NA,NA,NA,NA,NA,NA,NA,NA,NA,NA,NA,NA,NA,NA,NA,NA,NA,NA
Ascomycota,Leotiomycetes,Helotiales,Ascocorticiaceae,Ascocorticium,Ascocorticium_sp;sh__SH0104017.10FU,jrk00657,Ascomycota,Leotiomycetes,Helotiales,Ascocorticiaceae,,wood_saprotroph,,,,,wood,,non-aquatic,,,filamentous_mycelium,other,smooth,,,,
Ascomycota,Leotiomycetes,Leotiomycetes_ord_Incertae_sedis,Leotiomycetes_fam_Incertae_sedis,Leotiomycetes_gen_Incertae_sedis,Leotiomycetes_sp;sh__SH0188042.10FU,NA,NA,NA,NA,NA,NA,NA,NA,NA,NA,NA,NA,NA,NA,NA,NA,NA,NA,NA,NA,NA,NA,NA
Ascomycota,Sordariomycetes,Sordariales,Chaetomiaceae,Humicola,Humicola_nigrescens;sh__SH0166229.10FU,jrk03934,Ascomycota,Sordariomycetes,Sordariales,Chaetomiaceae,,wood_saprotroph,,,,,wood,soft_rot,non-aquatic,,,filamentous_mycelium,none,none,,,,
Basidiomycota,Agaricomycetes,Agaricales,Strophariaceae,NA,NA,NA,NA,NA,NA,NA,NA,NA,NA,NA,NA,NA,NA,NA,NA,NA,NA,NA,NA,NA,NA,NA,NA,NA
Basidiomycota,Tremellomycetes,Filobasidiales,Piskurozymaceae,Solicoccozyma,Solicoccozyma_terrea;sh__SH0150363.10FU,jrk08137,Basidiomycota,Tremellomycetes,Filobasidiales,Piskurozymaceae,,soil_saprotroph,epiphyte,,,,soil,,partly_aquatic,,,yeast,none,none,,,,
Ascomycota,Sordariomycetes,Hypocreales,Bionectriaceae,Nectriopsis,Nectriopsis_fuliginicola;sh__SH0141079.10FU,jrk05547,Ascomycota,Sordariomycetes,Hypocreales,Bionectriaceae,,lichen_parasite,protistan_parasite,,,,"fungal_material,algal_material",,non-aquatic,,,filamentous_mycelium,"perithecium_(hymenium_hidden,_narrow_opening)",closed,,,,
Basidiomycota,Agaricomycetes,NA,NA,NA,NA,NA,NA,NA,NA,NA,NA,NA,NA,NA,NA,NA,NA,NA,NA,NA,NA,NA,NA,NA,NA,NA,NA,NA
Basidiomycota,Agaricomycetes,Agaricales,Entolomataceae,Entoloma,Entoloma_turci;sh__SH0081346.10FU,jrk02963,Basidiomycota,Agaricomycetes,Agaricales,Entolomataceae,,soil_saprotroph,unspecified_symbiotroph,"CHEGD_symbiotrophs,ectomycorrhizal_ca_10%_of_species",root-associated,root-associated,"roots,soil",,non-aquatic,,,filamentous_mycelium,agaricoid,gills,medium-distance_smooth,/entoloma,,
Ascomycota,Eurotiomycetes,Chaetothyriales,Herpotrichiellaceae,Capronia,Capronia_sp;sh__SH0001806.10FU,jrk01430,Ascomycota,Eurotiomycetes,Chaetothyriales,Herpotrichiellaceae,,soil_saprotroph,root_endophyte_dark_septate,"mycoparasite_some_species,animal_pathogen_some_species",root_endophyte_dark_septate,,soil,,partly_aquatic,animal_parasite/opportunistic_human_parasite,,dimorphic_yeast,"perithecium_(hymenium_hidden,_narrow_opening)",,,,,
Basidiomycota,Agaricomycetes,Agaricales,Clavariaceae,Hyphodontiella,Hyphodontiella_multiseptata;sh__SH0158805.10FU,jrk04034,Basidiomycota,Agaricomycetes,Agaricales,Clavariaceae,,wood_saprotroph,,,,,wood,,non-aquatic,,,filamentous_mycelium,corticioid,smooth,,,,
Ascomycota,Ascomycota_cls_Incertae_sedis,Ascomycota_ord_Incertae_sedis,Ascomycota_fam_Incertae_sedis,Ascomycota_gen_Incertae_sedis,Ascomycota_sp;sh__SH0003554.10FU,NA,NA,NA,NA,NA,NA,NA,NA,NA,NA,NA,NA,NA,NA,NA,NA,NA,NA,NA,NA,NA,NA,NA
Basidiomycota,Agaricomycetes,Agaricales,Inocybaceae,Inocybe,Inocybe_othini;sh__SH0178948.10FU,jrk04145,Basidiomycota,Agaricomycetes,Agaricales,Inocybaceae,,ectomycorrhizal,,,,,,,non-aquatic,,,filamentous_mycelium,agaricoid,gills,short-distance_delicate,/inocybe,,
Ascomycota,Sordariomycetes,Hypocreales,Hypocreales_fam_Incertae_sedis,Hypocreales_gen_Incertae_sedis,Hypocreales_sp;sh__SH0180519.10FU,NA,NA,NA,NA,NA,NA,NA,NA,NA,NA,NA,NA,NA,NA,NA,NA,NA,NA,NA,NA,NA,NA,NA
Ascomycota,Eurotiomycetes,Chaetothyriales,Herpotrichiellaceae,Capronia,Capronia_sp,jrk01430,Ascomycota,Eurotiomycetes,Chaetothyriales,Herpotrichiellaceae,,soil_saprotroph,root_endophyte_dark_septate,"mycoparasite_some_species,animal_pathogen_some_species",root_endophyte_dark_septate,,soil,,partly_aquatic,animal_parasite/opportunistic_human_parasite,,dimorphic_yeast,"perithecium_(hymenium_hidden,_narrow_opening)",,,,,
NA,NA,NA,NA,NA,NA,NA,NA,NA,NA,NA,NA,NA,NA,NA,NA,NA,NA,NA,NA,NA,NA,NA,NA,NA,NA,NA,NA,NA
Ascomycota,Eurotiomycetes,Chaetothyriales,Herpotrichiellaceae,Capronia,Capronia_sp,jrk01430,Ascomycota,Eurotiomycetes,Chaetothyriales,Herpotrichiellaceae,,soil_saprotroph,root_endophyte_dark_septate,"mycoparasite_some_species,animal_pathogen_some_species",root_endophyte_dark_septate,,soil,,partly_aquatic,animal_parasite/opportunistic_human_parasite,,dimorphic_yeast,"perithecium_(hymenium_hidden,_narrow_opening)",,,,,
Ascomycota,Sordariomycetes,Xylariales,Diatrypaceae,Diatrypaceae_gen_Incertae_sedis,Diatrypaceae_sp;sh__SH0150975.10FU,NA,NA,NA,NA,NA,NA,NA,NA,NA,NA,NA,NA,NA,NA,NA,NA,NA,NA,NA,NA,NA,NA,NA
Ascomycota,Leotiomycetes,Helotiales,Pezizellaceae,Chalara,Chalara_insignis;sh__SH0082767.10FU,jrk01652,Ascomycota,Leotiomycetes,Helotiales,Pezizellaceae,,litter_saprotroph,plant_pathogen,hypervariable,foliar_endophyte,"wood_pathogen,leaf/fruit/seed_pathogen","wood,leaf/fruit/seed",soft_rot,non-aquatic,,,filamentous_mycelium,None,none,,,,
Mortierellomycota,Mortierellomycetes,Mortierellales,Mortierellaceae,Mortierella,Mortierella_pulchella;sh__SH0089562.10FU,jrk05302,Mortierellomycota,Mortierellomycetes,Mortierellales,Mortierellaceae,,soil_saprotroph,root-associated,,root-associated,root-associated,"roots,soil",chitinolytic,partly_aquatic,opportunistic_human_parasite,,filamentous_mycelium,none,none,,,,
Entorrhizomycota,Entorrhizomycetes,Entorrhizales,Entorrhizaceae,Juncorrhiza,Juncorrhiza_oxycarpi;sh__SH0004972.10FU,NA,NA,NA,NA,NA,NA,NA,NA,NA,NA,NA,NA,NA,NA,NA,NA,NA,NA,NA,NA,NA,NA,NA
NA,NA,NA,NA,NA,NA,NA,NA,NA,NA,NA,NA,NA,NA,NA,NA,NA,NA,NA,NA,NA,NA,NA,NA,NA,NA,NA,NA,NA
Basidiomycota,Agaricomycetes,Cantharellales,Ceratobasidiaceae,Ceratobasidium,Ceratobasidium_sp;sh__SH0155269.10FU,jrk01540,Basidiomycota,Agaricomycetes,Cantharellales,Ceratobasidiaceae,,plant_pathogen,litter_saprotroph,ectomycorrhizal_1%_of_species/Orchid_Mycorrhizal_most_species,,leaf/fruit/seed_pathogen,"leaf/fruit/seed,roots,soil",,non-aquatic,,,filamentous_mycelium,corticioid,smooth,,,,
Ascomycota,NA,NA,NA,NA,NA,NA,NA,NA,NA,NA,NA,NA,NA,NA,NA,NA,NA,NA,NA,NA,NA,NA,NA,NA,NA,NA,NA,NA
Basidiomycota,Agaricomycetes,Atheliales,Byssocorticiaceae,Byssocorticium,Byssocorticium_sp;sh__SH0082990.10FU,jrk01271,Basidiomycota,Agaricomycetes,Atheliales,Atheliaceae,,ectomycorrhizal,,,,,,,non-aquatic,,,filamentous_mycelium,corticioid,smooth,medium-distance_fringe,/byssocorticium,,
Basidiomycota,Agaricomycetes,Agaricales,Cortinariaceae,Cortinarius,NA,jrk02100,Basidiomycota,Agaricomycetes,Agaricales,Cortinariaceae,,ectomycorrhizal,,,,,,,non-aquatic,,,filamentous_mycelium,agaricoid,gills,medium-distance_fringe,/cortinarius,,
Basidiomycota,Agaricomycetes,Polyporales,Meruliaceae,Scopuloides,Scopuloides_hydnoides,jrk07922,Basidiomycota,Agaricomycetes,Polyporales,Meruliaceae,,wood_saprotroph,,,,,wood,white_rot,non-aquatic,,,filamentous_mycelium,corticioid,smooth,,,,
Ascomycota,NA,NA,NA,NA,NA,NA,NA,NA,NA,NA,NA,NA,NA,NA,NA,NA,NA,NA,NA,NA,NA,NA,NA,NA,NA,NA,NA,NA
Basidiomycota,Agaricomycetes,Russulales,Russulaceae,Russula,Russula_vinososordida;sh__SH0152589.10FU,jrk07726,Basidiomycota,Agaricomycetes,Russulales,Russulaceae,,ectomycorrhizal,,,,,,,non-aquatic,,,filamentous_mycelium,agaricoid,gills,contact,/russula-lactarius,,
Basidiomycota,Agaricomycetes,Auriculariales,Oliveoniaceae,Oliveonia,Oliveonia_sp;sh__SH0048870.10FU,jrk05892,Basidiomycota,Agaricomycetes,Auriculariales,Oliveoniaceae,,wood_saprotroph,,,,,wood,,non-aquatic,,,filamentous_mycelium,corticioid,smooth,,,,
Ascomycota,Eurotiomycetes,Chaetothyriales,NA,NA,NA,NA,NA,NA,NA,NA,NA,NA,NA,NA,NA,NA,NA,NA,NA,NA,NA,NA,NA,NA,NA,NA,NA,NA
Ascomycota,Sordariomycetes,NA,NA,NA,NA,NA,NA,NA,NA,NA,NA,NA,NA,NA,NA,NA,NA,NA,NA,NA,NA,NA,NA,NA,NA,NA,NA,NA
Basidiomycota,Agaricomycetes,Agaricales,Amanitaceae,Amanita,Amanita_alpinicola;sh__SH0156929.10FU,jrk00264,Basidiomycota,Agaricomycetes,Agaricales,Amanitaceae,,ectomycorrhizal,,,,,,,non-aquatic,,,filamentous_mycelium,agaricoid,gills,contact,/amanita,,
Ascomycota,Ascomycota_cls_Incertae_sedis,Ascomycota_ord_Incertae_sedis,Ascomycota_fam_Incertae_sedis,Ascomycota_gen_Incertae_sedis,Ascomycota_sp;sh__SH0108362.10FU,NA,NA,NA,NA,NA,NA,NA,NA,NA,NA,NA,NA,NA,NA,NA,NA,NA,NA,NA,NA,NA,NA,NA
Basidiomycota,Agaricomycetes,Thelephorales,Thelephoraceae,Tomentella,Tomentella_sp;sh__SH0127869.10FU,jrk08875,Basidiomycota,Agaricomycetes,Thelephorales,Thelephoraceae,,ectomycorrhizal,,,,,,,non-aquatic,,,filamentous_mycelium,corticioid,smooth,medium-distance_smooth,/tomentella-thelephora,,
Basidiomycota,Agaricomycetes,Sebacinales,Serendipitaceae,Serendipita,Serendipita_sp,jrk08004,Basidiomycota,Agaricomycetes,Sebacinales,Serendipitaceae,,root_endophyte,soil_saprotroph,ectomycorrhizal_1%_species/ericoid_mycorrhizal_many_species/orchid_mycorrhizal,root_endophyte,,soil,,non-aquatic,,,filamentous_mycelium,none,none,,,,
Ascomycota,Leotiomycetes,Helotiales,Pezizellaceae,Chalara,Chalara_pseudoaffinis;sh__SH0134834.10FU,jrk01652,Ascomycota,Leotiomycetes,Helotiales,Pezizellaceae,,litter_saprotroph,plant_pathogen,hypervariable,foliar_endophyte,"wood_pathogen,leaf/fruit/seed_pathogen","wood,leaf/fruit/seed",soft_rot,non-aquatic,,,filamentous_mycelium,None,none,,,,
Mucoromycota,Endogonomycetes,GS21,GS21_fam_Incertae_sedis,GS21_gen_Incertae_sedis,GS21_sp;sh__SH0195568.10FU,NA,NA,NA,NA,NA,NA,NA,NA,NA,NA,NA,NA,NA,NA,NA,NA,NA,NA,NA,NA,NA,NA,NA
Basidiomycota,Microbotryomycetes,Kriegeriales,Kriegeriales_fam_Incertae_sedis,Kriegeriales_gen_Incertae_sedis,Kriegeriales_sp;sh__SH0195273.10FU,NA,NA,NA,NA,NA,NA,NA,NA,NA,NA,NA,NA,NA,NA,NA,NA,NA,NA,NA,NA,NA,NA,NA
Basidiomycota,Agaricomycetes,Agaricales,Stephanosporaceae,Lindtneria,NA,jrk09588,Basidiomycota,Agaricomycetes,Agaricales,Stephanosporaceae,,wood_saprotroph,,,,,wood,white_rot,non-aquatic,,,filamentous_mycelium,corticioid,smooth,,,,
Rozellomycota,Rozellomycotina_cls_Incertae_sedis,GS11,GS11_fam_Incertae_sedis,GS11_gen_Incertae_sedis,GS11_sp;sh__SH0148677.10FU,NA,NA,NA,NA,NA,NA,NA,NA,NA,NA,NA,NA,NA,NA,NA,NA,NA,NA,NA,NA,NA,NA,NA
Basidiomycota,Agaricomycetes,Agaricales,Clavariaceae,Clavaria,Clavaria_falcata;sh__SH0006130.10FU,jrk01836,Basidiomycota,Agaricomycetes,Agaricales,Clavariaceae,,soil_saprotroph,unspecified_symbiotroph,CHEGD_symbiotrophs,root-associated,root-associated,"roots,soil",,non-aquatic,,,filamentous_mycelium,clavarioid,smooth,,,,
Ascomycota,Ascomycota_cls_Incertae_sedis,Ascomycota_ord_Incertae_sedis,Ascomycota_fam_Incertae_sedis,Ascomycota_gen_Incertae_sedis,Ascomycota_sp;sh__SH0181024.10FU,NA,NA,NA,NA,NA,NA,NA,NA,NA,NA,NA,NA,NA,NA,NA,NA,NA,NA,NA,NA,NA,NA,NA
Ascomycota,Eurotiomycetes,Chaetothyriales,Herpotrichiellaceae,Capronia,Capronia_sp;sh__SH0183766.10FU,jrk01430,Ascomycota,Eurotiomycetes,Chaetothyriales,Herpotrichiellaceae,,soil_saprotroph,root_endophyte_dark_septate,"mycoparasite_some_species,animal_pathogen_some_species",root_endophyte_dark_septate,,soil,,partly_aquatic,animal_parasite/opportunistic_human_parasite,,dimorphic_yeast,"perithecium_(hymenium_hidden,_narrow_opening)",,,,,
Basidiomycota,Agaricomycetes,Agaricales,Clavariaceae,Clavaria,Clavaria_sp;sh__SH0167545.10FU,jrk01836,Basidiomycota,Agaricomycetes,Agaricales,Clavariaceae,,soil_saprotroph,unspecified_symbiotroph,CHEGD_symbiotrophs,root-associated,root-associated,"roots,soil",,non-aquatic,,,filamentous_mycelium,clavarioid,smooth,,,,
Ascomycota,Leotiomycetes,Helotiales,Hyaloscyphaceae,Meliniomyces,Meliniomyces_sp;sh__SH0112554.10FU,jrk05054,Ascomycota,Leotiomycetes,Helotiales,Hyaloscyphaceae,,root_endophyte,soil_saprotroph,ectomycorrhizal_M._bicolor/ericoid_mycorrhizal_M._variabilis,root_endophyte,,soil,,non-aquatic,,,filamentous_mycelium,None,none,short-distance_delicate,/meliniomyces,,
Ascomycota,Dothideomycetes,Capnodiales,Capnodiales_fam_Incertae_sedis,Capnodiales_gen_Incertae_sedis,Capnodiales_sp,NA,NA,NA,NA,NA,NA,NA,NA,NA,NA,NA,NA,NA,NA,NA,NA,NA,NA,NA,NA,NA,NA,NA
Basidiomycota,Agaricomycetes,Agaricales,Clavariaceae,Clavariaceae_gen_Incertae_sedis,Clavariaceae_sp;sh__SH0142298.10FU,NA,NA,NA,NA,NA,NA,NA,NA,NA,NA,NA,NA,NA,NA,NA,NA,NA,NA,NA,NA,NA,NA,NA
Rozellomycota,Rozellomycota_cls_Incertae_sedis,Rozellomycota_ord_Incertae_sedis,Rozellomycota_fam_Incertae_sedis,Rozellomycota_gen_Incertae_sedis,Rozellomycota_sp;sh__SH0191155.10FU,NA,NA,NA,NA,NA,NA,NA,NA,NA,NA,NA,NA,NA,NA,NA,NA,NA,NA,NA,NA,NA,NA,NA
Chytridiomycota,Rhizophydiomycetes,Rhizophydiales,Rhizophydiales_fam_Incertae_sedis,Rhizophydiales_gen_Incertae_sedis,Rhizophydiales_sp;sh__SH0021422.10FU,NA,NA,NA,NA,NA,NA,NA,NA,NA,NA,NA,NA,NA,NA,NA,NA,NA,NA,NA,NA,NA,NA,NA
Ascomycota,Leotiomycetes,Helotiales,Helotiales_fam_Incertae_sedis,Helotiales_gen_Incertae_sedis,Helotiales_sp;sh__SH0013148.10FU,NA,NA,NA,NA,NA,NA,NA,NA,NA,NA,NA,NA,NA,NA,NA,NA,NA,NA,NA,NA,NA,NA,NA
Ascomycota,NA,NA,NA,NA,NA,NA,NA,NA,NA,NA,NA,NA,NA,NA,NA,NA,NA,NA,NA,NA,NA,NA,NA,NA,NA,NA,NA,NA
Mucoromycota,Umbelopsidomycetes,Umbelopsidales,Umbelopsidaceae,Umbelopsis,Umbelopsis_changbaiensis;sh__SH0009081.10FU,jrk09156,Mucoromycota,Umbelopsidomycetes,Umbelopsidales,Umbelopsidaceae,,soil_saprotroph,root-associated,,root-associated,root-associated,"roots,soil",mold,non-aquatic,,,filamentous_mycelium,none,none,,,,
Basidiomycota,Agaricomycetes,Thelephorales,Thelephoraceae,Tomentellopsis,Tomentellopsis_sp;sh__SH0138623.10FU,jrk08877,Basidiomycota,Agaricomycetes,Thelephorales,Thelephoraceae,,ectomycorrhizal,,,,,,,non-aquatic,,,filamentous_mycelium,corticioid,smooth,medium-distance_smooth,/tomentellopsis,,
Ascomycota,Leotiomycetes,Leotiomycetes_ord_Incertae_sedis,Leotiomycetes_fam_Incertae_sedis,Leotiomycetes_gen_Incertae_sedis,Leotiomycetes_sp;sh__SH0008389.10FU,NA,NA,NA,NA,NA,NA,NA,NA,NA,NA,NA,NA,NA,NA,NA,NA,NA,NA,NA,NA,NA,NA,NA
NA,NA,NA,NA,NA,NA,NA,NA,NA,NA,NA,NA,NA,NA,NA,NA,NA,NA,NA,NA,NA,NA,NA,NA,NA,NA,NA,NA,NA
Rozellomycota,Rozellomycota_cls_Incertae_sedis,Rozellomycota_ord_Incertae_sedis,Rozellomycota_fam_Incertae_sedis,Rozellomycota_gen_Incertae_sedis,Rozellomycota_sp;sh__SH0008284.10FU,NA,NA,NA,NA,NA,NA,NA,NA,NA,NA,NA,NA,NA,NA,NA,NA,NA,NA,NA,NA,NA,NA,NA
Ascomycota,NA,NA,NA,NA,NA,NA,NA,NA,NA,NA,NA,NA,NA,NA,NA,NA,NA,NA,NA,NA,NA,NA,NA,NA,NA,NA,NA,NA
Ascomycota,Leotiomycetes,Helotiales,Helotiales_fam_Incertae_sedis,Leohumicola,Leohumicola_sp;sh__SH0118613.10FU,jrk04577,Ascomycota,Leotiomycetes,Helotiales,Helotiales family incertae sedis,,soil_saprotroph,ericoid_mycorrhizal,,root_endophyte_dark_septate,root-associated,"soil,roots",,non-aquatic,,,filamentous_mycelium,none,none,,,,
Ascomycota,Dothideomycetes,Pleosporales,Didymosphaeriaceae,Paraphaeosphaeria,NA,jrk06145,Ascomycota,Dothideomycetes,Pleosporales,Didymosphaeriaceae,,wood_saprotroph,,,no_endophytic_capacity,,wood,,partly_aquatic,,,filamentous_mycelium,"perithecium_(hymenium_hidden,_narrow_opening)",closed,,,,
Ascomycota,Leotiomycetes,Helotiales,Helotiales_fam_Incertae_sedis,Helotiales_gen_Incertae_sedis,Helotiales_sp;sh__SH0162796.10FU,NA,NA,NA,NA,NA,NA,NA,NA,NA,NA,NA,NA,NA,NA,NA,NA,NA,NA,NA,NA,NA,NA,NA
Basidiomycota,Agaricomycetes,Agaricales,Hygrophoraceae,Hygrocybe,Hygrocybe_punicea;sh__SH0183912.10FU,jrk03999,Basidiomycota,Agaricomycetes,Agaricales,Hygrophoraceae,,soil_saprotroph,unspecified_symbiotroph,CHEGD_symbiotrophs,root-associated,root-associated,"roots,soil",,non-aquatic,,,filamentous_mycelium,agaricoid,gills,,,,
Basidiomycota,Agaricomycetes,Thelephorales,Thelephoraceae,Polyozellus,Polyozellus_sciastrus;sh__SH0099194.10FU,jrk06856,Basidiomycota,Agaricomycetes,Thelephorales,Thelephoraceae,,ectomycorrhizal,,,,,,,non-aquatic,,,filamentous_mycelium,clavarioid,smooth,medium-distance_smooth,/pseudotomentella,,
Basidiomycota,Agaricomycetes,Hymenochaetales,Hymenochaetales_fam_Incertae_sedis,Hymenochaetales_gen_Incertae_sedis,Hymenochaetales_sp,NA,NA,NA,NA,NA,NA,NA,NA,NA,NA,NA,NA,NA,NA,NA,NA,NA,NA,NA,NA,NA,NA,NA
Ascomycota,Leotiomycetes,Helotiales,Helotiales_fam_Incertae_sedis,NA,NA,NA,NA,NA,NA,NA,NA,NA,NA,NA,NA,NA,NA,NA,NA,NA,NA,NA,NA,NA,NA,NA,NA,NA
Ascomycota,Sordariomycetes,Diaporthales,Cytosporaceae,Cytospora,Cytospora_prunicola;sh__SH0017044.10FU,jrk02361,Ascomycota,Sordariomycetes,Diaporthales,Cytosporaceae,,plant_pathogen,litter_saprotroph,,foliar_endophyte,leaf/fruit/seed_pathogen,leaf/fruit/seed,soft_rot,partly_aquatic,,,filamentous_mycelium,"perithecium_(hymenium_hidden,_narrow_opening)",closed,,,,
Ascomycota,Leotiomycetes,Leotiomycetes_ord_Incertae_sedis,Leotiomycetes_fam_Incertae_sedis,Leotiomycetes_gen_Incertae_sedis,Leotiomycetes_sp;sh__SH0158609.10FU,NA,NA,NA,NA,NA,NA,NA,NA,NA,NA,NA,NA,NA,NA,NA,NA,NA,NA,NA,NA,NA,NA,NA
Ascomycota,Archaeorhizomycetes,Archaeorhizomycetales,Archaeorhizomycetaceae,Archaeorhizomyces,Archaeorhizomyces_sp;sh__SH0024016.10FU,jrk00567,Ascomycota,Archaeorhizomycetes,Archaeorhizomycetales,Archaeorhizomycetaceae,,soil_saprotroph,root-associated,,root-associated,root-associated,"roots,soil",,non-aquatic,,,filamentous_mycelium,none,none,,,,
Basidiomycota,Agaricomycetes,Sebacinales,Serendipitaceae,Serendipita,Serendipita_sp,jrk08004,Basidiomycota,Agaricomycetes,Sebacinales,Serendipitaceae,,root_endophyte,soil_saprotroph,ectomycorrhizal_1%_species/ericoid_mycorrhizal_many_species/orchid_mycorrhizal,root_endophyte,,soil,,non-aquatic,,,filamentous_mycelium,none,none,,,,
Basidiomycota,Agaricomycetes,Thelephorales,Thelephoraceae,Thelephoraceae_gen_Incertae_sedis,Thelephoraceae_sp;sh__SH0128072.10FU,NA,NA,NA,NA,NA,NA,NA,NA,NA,NA,NA,NA,NA,NA,NA,NA,NA,NA,NA,NA,NA,NA,NA
Ascomycota,Leotiomycetes,Helotiales,Helotiales_fam_Incertae_sedis,Helotiales_gen_Incertae_sedis,Helotiales_sp;sh__SH0008477.10FU,NA,NA,NA,NA,NA,NA,NA,NA,NA,NA,NA,NA,NA,NA,NA,NA,NA,NA,NA,NA,NA,NA,NA
Basidiomycota,Agaricomycetes,Thelephorales,Thelephoraceae,NA,NA,NA,NA,NA,NA,NA,NA,NA,NA,NA,NA,NA,NA,NA,NA,NA,NA,NA,NA,NA,NA,NA,NA,NA
Ascomycota,Leotiomycetes,Rhytismatales,Rhytismataceae,Lophodermium,Lophodermium_pinastri;sh__SH0115766.10FU,jrk04797,Ascomycota,Leotiomycetes,Rhytismatales,Rhytismataceae,,plant_pathogen,litter_saprotroph,,foliar_endophyte,leaf/fruit/seed_pathogen,leaf/fruit/seed,,partly_freshwater_(partly_non-aquatic),,,filamentous_mycelium,apothecium_(hymenium_on_surface),smooth,,,,
Ascomycota,Pezizomycotina_cls_Incertae_sedis,Pezizomycotina_ord_Incertae_sedis,Pezizomycotina_fam_Incertae_sedis,Pezizomycotina_gen_Incertae_sedis,Pezizomycotina_sp;sh__SH0017281.10FU,NA,NA,NA,NA,NA,NA,NA,NA,NA,NA,NA,NA,NA,NA,NA,NA,NA,NA,NA,NA,NA,NA,NA
Basidiomycota,Agaricomycetes,Agaricales,Cortinariaceae,Cortinarius,NA,jrk02100,Basidiomycota,Agaricomycetes,Agaricales,Cortinariaceae,,ectomycorrhizal,,,,,,,non-aquatic,,,filamentous_mycelium,agaricoid,gills,medium-distance_fringe,/cortinarius,,
Rozellomycota,Rozellomycota_cls_Incertae_sedis,Rozellomycota_ord_Incertae_sedis,Rozellomycota_fam_Incertae_sedis,Rozellomycota_gen_Incertae_sedis,Rozellomycota_sp;sh__SH0023863.10FU,NA,NA,NA,NA,NA,NA,NA,NA,NA,NA,NA,NA,NA,NA,NA,NA,NA,NA,NA,NA,NA,NA,NA
Ascomycota,Orbiliomycetes,Orbiliales,Orbiliaceae,Helicoon,Helicoon_myosuroides;sh__SH0172022.10FU,jrk03752,Ascomycota,Orbiliomycetes,Orbiliales,Orbiliaceae,"polyphyletic, some species belong to Pleurotheciales (Sordariomycetes)",wood_saprotroph,litter_saprotroph,,,,"wood,leaf/fruit/seed",,partly_freshwater_(partly_non-aquatic),,,filamentous_mycelium,apothecium_(hymenium_on_surface),smooth,,,,
Ascomycota,Dothideomycetes,Cladosporiales,Cladosporiaceae,Toxicocladosporium,Toxicocladosporium_sp;sh__SH0183166.10FU,jrk08902,Ascomycota,Dothideomycetes,Capnodiales,Cladosporiaceae,,plant_pathogen,foliar_endophyte,,foliar_endophyte,leaf/fruit/seed_pathogen,leaf/fruit/seed,,partly_aquatic,,,filamentous_mycelium,"perithecium_(hymenium_hidden,_narrow_opening)",closed,,,,
Mortierellomycota,Mortierellomycetes,Mortierellales,Mortierellaceae,Mortierella,Mortierella_sp;sh__SH0008115.10FU,jrk05302,Mortierellomycota,Mortierellomycetes,Mortierellales,Mortierellaceae,,soil_saprotroph,root-associated,,root-associated,root-associated,"roots,soil",chitinolytic,partly_aquatic,opportunistic_human_parasite,,filamentous_mycelium,none,none,,,,
Ascomycota,Leotiomycetes,Helotiales,Helotiales_fam_Incertae_sedis,Helotiales_gen_Incertae_sedis,Helotiales_sp;sh__SH0146008.10FU,NA,NA,NA,NA,NA,NA,NA,NA,NA,NA,NA,NA,NA,NA,NA,NA,NA,NA,NA,NA,NA,NA,NA
Ascomycota,Sordariomycetes,Hypocreales,Clavicipitaceae,NA,NA,NA,NA,NA,NA,NA,NA,NA,NA,NA,NA,NA,NA,NA,NA,NA,NA,NA,NA,NA,NA,NA,NA,NA
Ascomycota,Eurotiomycetes,Chaetothyriales,Herpotrichiellaceae,NA,NA,NA,NA,NA,NA,NA,NA,NA,NA,NA,NA,NA,NA,NA,NA,NA,NA,NA,NA,NA,NA,NA,NA,NA
Rozellomycota,Rozellomycota_cls_Incertae_sedis,Rozellomycota_ord_Incertae_sedis,Rozellomycota_fam_Incertae_sedis,Rozellomycota_gen_Incertae_sedis,Rozellomycota_sp;sh__SH0155566.10FU,NA,NA,NA,NA,NA,NA,NA,NA,NA,NA,NA,NA,NA,NA,NA,NA,NA,NA,NA,NA,NA,NA,NA
Ascomycota,Eurotiomycetes,Chaetothyriales,Herpotrichiellaceae,Capronia,Capronia_sp;sh__SH0061979.10FU,jrk01430,Ascomycota,Eurotiomycetes,Chaetothyriales,Herpotrichiellaceae,,soil_saprotroph,root_endophyte_dark_septate,"mycoparasite_some_species,animal_pathogen_some_species",root_endophyte_dark_septate,,soil,,partly_aquatic,animal_parasite/opportunistic_human_parasite,,dimorphic_yeast,"perithecium_(hymenium_hidden,_narrow_opening)",,,,,
Chytridiomycota,Rhizophydiomycetes,Rhizophydiales,Alphamycetaceae,Betamyces,Betamyces_sp;sh__SH0038044.10FU,jrk00998,Chytridiomycota,Rhizophydiomycetes,Rhizophydiales,Alphamycetaceae,,pollen_saprotroph,,,,,pollen,,partly_freshwater_(partly_non-aquatic),,,zoosporic-rhizomycelial_(chytrid-like),zoosporangium,closed,,,,
Ascomycota,Eurotiomycetes,Chaetothyriales,Herpotrichiellaceae,Capronia,Capronia_sp;sh__SH0003936.10FU,jrk01430,Ascomycota,Eurotiomycetes,Chaetothyriales,Herpotrichiellaceae,,soil_saprotroph,root_endophyte_dark_septate,"mycoparasite_some_species,animal_pathogen_some_species",root_endophyte_dark_septate,,soil,,partly_aquatic,animal_parasite/opportunistic_human_parasite,,dimorphic_yeast,"perithecium_(hymenium_hidden,_narrow_opening)",,,,,
Fungi_phy_Incertae_sedis,Fungi_cls_Incertae_sedis,Fungi_ord_Incertae_sedis,Fungi_fam_Incertae_sedis,Fungi_gen_Incertae_sedis,Fungi_sp;sh__SH0136844.10FU,NA,NA,NA,NA,NA,NA,NA,NA,NA,NA,NA,NA,NA,NA,NA,NA,NA,NA,NA,NA,NA,NA,NA
Ascomycota,Lecanoromycetes,Ostropales,Stictidaceae,Cryptodiscus,Cryptodiscus_sp;sh__SH0106452.10FU,jrk02196,Ascomycota,Lecanoromycetes,Ostropales,Stictidaceae,,lichen_parasite,fungal_decomposer,saprotroph_unspecified_some_species,,,"fungal_material,algal_material",,non-aquatic,,,filamentous_mycelium,apothecium_(hymenium_on_surface),smooth,,,,
NA,NA,NA,NA,NA,NA,NA,NA,NA,NA,NA,NA,NA,NA,NA,NA,NA,NA,NA,NA,NA,NA,NA,NA,NA,NA,NA,NA,NA
Mucoromycota,Endogonomycetes,GS22,GS22_fam_Incertae_sedis,GS22_gen_Incertae_sedis,GS22_sp,NA,NA,NA,NA,NA,NA,NA,NA,NA,NA,NA,NA,NA,NA,NA,NA,NA,NA,NA,NA,NA,NA,NA
Basidiomycota,Agaricomycetes,Agaricales,Cortinariaceae,Cortinarius,Cortinarius_panellus;sh__SH0171153.10FU,jrk02100,Basidiomycota,Agaricomycetes,Agaricales,Cortinariaceae,,ectomycorrhizal,,,,,,,non-aquatic,,,filamentous_mycelium,agaricoid,gills,medium-distance_fringe,/cortinarius,,
Ascomycota,Sordariomycetes,Hypocreales,Clavicipitaceae,Clavicipitaceae_gen_Incertae_sedis,Clavicipitaceae_sp;sh__SH0151192.10FU,NA,NA,NA,NA,NA,NA,NA,NA,NA,NA,NA,NA,NA,NA,NA,NA,NA,NA,NA,NA,NA,NA,NA
Ascomycota,Eurotiomycetes,Chaetothyriales,Herpotrichiellaceae,Capronia,Capronia_sp;sh__SH0001809.10FU,jrk01430,Ascomycota,Eurotiomycetes,Chaetothyriales,Herpotrichiellaceae,,soil_saprotroph,root_endophyte_dark_septate,"mycoparasite_some_species,animal_pathogen_some_species",root_endophyte_dark_septate,,soil,,partly_aquatic,animal_parasite/opportunistic_human_parasite,,dimorphic_yeast,"perithecium_(hymenium_hidden,_narrow_opening)",,,,,
Basidiomycota,Agaricomycetes,Agaricales,NA,NA,NA,NA,NA,NA,NA,NA,NA,NA,NA,NA,NA,NA,NA,NA,NA,NA,NA,NA,NA,NA,NA,NA,NA,NA
Basidiomycota,Agaricomycetes,Thelephorales,Thelephoraceae,Thelephoraceae_gen_Incertae_sedis,Thelephoraceae_sp,NA,NA,NA,NA,NA,NA,NA,NA,NA,NA,NA,NA,NA,NA,NA,NA,NA,NA,NA,NA,NA,NA,NA
Basidiomycota,Agaricomycetes,Agaricales,Cortinariaceae,Cortinarius,NA,jrk02100,Basidiomycota,Agaricomycetes,Agaricales,Cortinariaceae,,ectomycorrhizal,,,,,,,non-aquatic,,,filamentous_mycelium,agaricoid,gills,medium-distance_fringe,/cortinarius,,
Ascomycota,Eurotiomycetes,Chaetothyriales,Herpotrichiellaceae,Capronia,Capronia_sp,jrk01430,Ascomycota,Eurotiomycetes,Chaetothyriales,Herpotrichiellaceae,,soil_saprotroph,root_endophyte_dark_septate,"mycoparasite_some_species,animal_pathogen_some_species",root_endophyte_dark_septate,,soil,,partly_aquatic,animal_parasite/opportunistic_human_parasite,,dimorphic_yeast,"perithecium_(hymenium_hidden,_narrow_opening)",,,,,
Basidiomycota,Agaricomycetes,Agaricomycetes_ord_Incertae_sedis,Agaricomycetes_fam_Incertae_sedis,Agaricomycetes_gen_Incertae_sedis,Agaricomycetes_sp;sh__SH0031722.10FU,NA,NA,NA,NA,NA,NA,NA,NA,NA,NA,NA,NA,NA,NA,NA,NA,NA,NA,NA,NA,NA,NA,NA
Ascomycota,Sordariomycetes,Sordariales,Sordariales_fam_Incertae_sedis,Sordariales_gen_Incertae_sedis,Sordariales_sp;sh__SH0175548.10FU,NA,NA,NA,NA,NA,NA,NA,NA,NA,NA,NA,NA,NA,NA,NA,NA,NA,NA,NA,NA,NA,NA,NA
Basidiomycota,Agaricomycetes,NA,NA,NA,NA,NA,NA,NA,NA,NA,NA,NA,NA,NA,NA,NA,NA,NA,NA,NA,NA,NA,NA,NA,NA,NA,NA,NA
Ascomycota,Dothideomycetes,Pleosporales,Leptosphaeriaceae,Paraleptosphaeria,Paraleptosphaeria_rumicis;sh__SH0184250.10FU,jrk06114,Ascomycota,Dothideomycetes,Pleosporales,Leptosphaeriaceae,,wood_saprotroph,,,no_endophytic_capacity,,wood,,non-aquatic,,,filamentous_mycelium,"perithecium_(hymenium_hidden,_narrow_opening)",closed,,,,
Basidiomycota,Agaricomycetes,Thelephorales,Thelephoraceae,Tomentella,Tomentella_sp;sh__SH0143289.10FU,jrk08875,Basidiomycota,Agaricomycetes,Thelephorales,Thelephoraceae,,ectomycorrhizal,,,,,,,non-aquatic,,,filamentous_mycelium,corticioid,smooth,medium-distance_smooth,/tomentella-thelephora,,
Ascomycota,Leotiomycetes,NA,NA,NA,NA,NA,NA,NA,NA,NA,NA,NA,NA,NA,NA,NA,NA,NA,NA,NA,NA,NA,NA,NA,NA,NA,NA,NA
Ascomycota,Sordariomycetes,Amphisphaeriales,Sporocadaceae,Pestalotiopsis,NA,jrk06332,Ascomycota,Sordariomycetes,Amphisphaeriales,Sporocadaceae,,plant_pathogen,,,,leaf/fruit/seed_pathogen,,,partly_aquatic,,,filamentous_mycelium,"perithecium_(hymenium_hidden,_narrow_opening)",closed,,,,
Ascomycota,Ascomycota_cls_Incertae_sedis,Ascomycota_ord_Incertae_sedis,Ascomycota_fam_Incertae_sedis,Ascomycota_gen_Incertae_sedis,Ascomycota_sp;sh__SH0051119.10FU,NA,NA,NA,NA,NA,NA,NA,NA,NA,NA,NA,NA,NA,NA,NA,NA,NA,NA,NA,NA,NA,NA,NA
Basidiomycota,Agaricomycetes,Agaricales,Mycenaceae,Mycena,Mycena_clavicularis;sh__SH0146204.10FU,jrk05357,Basidiomycota,Agaricomycetes,Agaricales,Mycenaceae,,litter_saprotroph,root-associated,wood_saprotroph_many_species,root-associated,leaf/fruit/seed_pathogen,leaf/fruit/seed,,non-aquatic,,,filamentous_mycelium,agaricoid,gills,,,,
Basidiomycota,Tremellomycetes,Filobasidiales,Filobasidiaceae,Heterocephalacria,Heterocephalacria_sp;sh__SH0175261.10FU,jrk03835,Basidiomycota,Tremellomycetes,Filobasidiales,Filobasidiaceae,,lichen_parasite,fungal_decomposer,,,,"fungal_material,algal_material",,partly_aquatic,,,yeast,none,none,,,,
Ascomycota,NA,NA,NA,NA,NA,NA,NA,NA,NA,NA,NA,NA,NA,NA,NA,NA,NA,NA,NA,NA,NA,NA,NA,NA,NA,NA,NA,NA
Ascomycota,Ascomycota_cls_Incertae_sedis,Ascomycota_ord_Incertae_sedis,Ascomycota_fam_Incertae_sedis,Ascomycota_gen_Incertae_sedis,Ascomycota_sp;sh__SH0148056.10FU,NA,NA,NA,NA,NA,NA,NA,NA,NA,NA,NA,NA,NA,NA,NA,NA,NA,NA,NA,NA,NA,NA,NA
Entorrhizomycota,Entorrhizomycetes,Entorrhizales,Entorrhizaceae,Entorrhiza,Entorrhiza_sp;sh__SH0004975.10FU,jrk09729,Entorrhizomycota,Entorrhizomycetes,Entorrhizales,Entorrhizaceae,,plant_pathogen,root-associated,root_gall_forming,,root_pathogen,,,partly_freshwater_(partly_non-aquatic),,"Juncaceae,Cyperaceae",filamentous_mycelium,smut,other,,,,
Ascomycota,Leotiomycetes,Helotiales,NA,NA,NA,NA,NA,NA,NA,NA,NA,NA,NA,NA,NA,NA,NA,NA,NA,NA,NA,NA,NA,NA,NA,NA,NA,NA
Ascomycota,Lecanoromycetes,Lecanoromycetes_ord_Incertae_sedis,Lecanoromycetes_fam_Incertae_sedis,Lecanoromycetes_gen_Incertae_sedis,Lecanoromycetes_sp;sh__SH0167376.10FU,NA,NA,NA,NA,NA,NA,NA,NA,NA,NA,NA,NA,NA,NA,NA,NA,NA,NA,NA,NA,NA,NA,NA
Ascomycota,Leotiomycetes,Leotiales,Tympanidaceae,Tympanidaceae_gen_Incertae_sedis,Tympanidaceae_sp,NA,NA,NA,NA,NA,NA,NA,NA,NA,NA,NA,NA,NA,NA,NA,NA,NA,NA,NA,NA,NA,NA,NA
Ascomycota,Leotiomycetes,Helotiales,Helotiales_fam_Incertae_sedis,Helotiales_gen_Incertae_sedis,Helotiales_sp;sh__SH0008394.10FU,NA,NA,NA,NA,NA,NA,NA,NA,NA,NA,NA,NA,NA,NA,NA,NA,NA,NA,NA,NA,NA,NA,NA
Basidiomycota,Agaricomycetes,Sebacinales,Serendipitaceae,Serendipita,Serendipita_sp,jrk08004,Basidiomycota,Agaricomycetes,Sebacinales,Serendipitaceae,,root_endophyte,soil_saprotroph,ectomycorrhizal_1%_species/ericoid_mycorrhizal_many_species/orchid_mycorrhizal,root_endophyte,,soil,,non-aquatic,,,filamentous_mycelium,none,none,,,,
Ascomycota,Leotiomycetes,Leotiales,Tympanidaceae,Tympanidaceae_gen_Incertae_sedis,Tympanidaceae_sp;sh__SH0087031.10FU,NA,NA,NA,NA,NA,NA,NA,NA,NA,NA,NA,NA,NA,NA,NA,NA,NA,NA,NA,NA,NA,NA,NA
Basidiomycota,Agaricomycetes,Cantharellales,NA,NA,NA,NA,NA,NA,NA,NA,NA,NA,NA,NA,NA,NA,NA,NA,NA,NA,NA,NA,NA,NA,NA,NA,NA,NA
NA,NA,NA,NA,NA,NA,NA,NA,NA,NA,NA,NA,NA,NA,NA,NA,NA,NA,NA,NA,NA,NA,NA,NA,NA,NA,NA,NA,NA
Ascomycota,Sordariomycetes,Microascales,Microascaceae,Cephalotrichum,Cephalotrichum_stemonitis;sh__SH0136914.10FU,jrk01531,Ascomycota,Sordariomycetes,Microascales,Microascaceae,,soil_saprotroph,,,,,soil,,partly_aquatic,,,filamentous_mycelium,none,none,,,,
Basidiomycota,Agaricomycetes,Agaricales,Cortinariaceae,Cortinarius,NA,jrk02100,Basidiomycota,Agaricomycetes,Agaricales,Cortinariaceae,,ectomycorrhizal,,,,,,,non-aquatic,,,filamentous_mycelium,agaricoid,gills,medium-distance_fringe,/cortinarius,,
Basidiomycota,Agaricomycetes,Thelephorales,Thelephoraceae,NA,NA,NA,NA,NA,NA,NA,NA,NA,NA,NA,NA,NA,NA,NA,NA,NA,NA,NA,NA,NA,NA,NA,NA,NA
Ascomycota,Leotiomycetes,Helotiales,Helotiales_fam_Incertae_sedis,Helotiales_gen_Incertae_sedis,Helotiales_sp;sh__SH0008493.10FU,NA,NA,NA,NA,NA,NA,NA,NA,NA,NA,NA,NA,NA,NA,NA,NA,NA,NA,NA,NA,NA,NA,NA
NA,NA,NA,NA,NA,NA,NA,NA,NA,NA,NA,NA,NA,NA,NA,NA,NA,NA,NA,NA,NA,NA,NA,NA,NA,NA,NA,NA,NA
Basidiomycota,Agaricomycetes,Agaricales,Mycenaceae,Atheniella,Atheniella_adonis;sh__SH0018823.10FU,jrk00757,Basidiomycota,Agaricomycetes,Agaricales,Mycenaceae,,wood_saprotroph,soil_saprotroph,,,,"wood,leaf/fruit/seed,soil",,non-aquatic,,,filamentous_mycelium,agaricoid,gills,,,,
Basidiomycota,Agaricomycetes,Agaricales,Tricholomataceae,Tricholoma,Tricholoma_virgatum;sh__SH0063785.10FU,jrk08985,Basidiomycota,Agaricomycetes,Agaricales,Tricholomataceae,,ectomycorrhizal,,,,,,,non-aquatic,,,filamentous_mycelium,agaricoid,gills,medium-distance_fringe,/tricholoma,,
Ascomycota,Leotiomycetes,Helotiales,Leptodontidiaceae,Leptodontidium,Leptodontidium_sp;sh__SH0144802.10FU,jrk04605,Ascomycota,Leotiomycetes,Helotiales,Leptodontidiaceae,,litter_saprotroph,ericoid_mycorrhizal,,root_endophyte_dark_septate,,leaf/fruit/seed,,partly_aquatic,,,filamentous_mycelium,None,none,,,,
Ascomycota,Leotiomycetes,Leotiomycetes_ord_Incertae_sedis,Leotiomycetes_fam_Incertae_sedis,Leotiomycetes_gen_Incertae_sedis,Leotiomycetes_sp;sh__SH0008332.10FU,NA,NA,NA,NA,NA,NA,NA,NA,NA,NA,NA,NA,NA,NA,NA,NA,NA,NA,NA,NA,NA,NA,NA
Ascomycota,Ascomycota_cls_Incertae_sedis,Ascomycota_ord_Incertae_sedis,Ascomycota_fam_Incertae_sedis,Ascomycota_gen_Incertae_sedis,Ascomycota_sp;sh__SH0103490.10FU,NA,NA,NA,NA,NA,NA,NA,NA,NA,NA,NA,NA,NA,NA,NA,NA,NA,NA,NA,NA,NA,NA,NA
NA,NA,NA,NA,NA,NA,NA,NA,NA,NA,NA,NA,NA,NA,NA,NA,NA,NA,NA,NA,NA,NA,NA,NA,NA,NA,NA,NA,NA
Ascomycota,NA,NA,NA,NA,NA,NA,NA,NA,NA,NA,NA,NA,NA,NA,NA,NA,NA,NA,NA,NA,NA,NA,NA,NA,NA,NA,NA,NA
Chytridiomycota,Chytridiomycota_cls_Incertae_sedis,Chytridiomycota_ord_Incertae_sedis,Chytridiomycota_fam_Incertae_sedis,Chytridiomycota_gen_Incertae_sedis,Chytridiomycota_sp,NA,NA,NA,NA,NA,NA,NA,NA,NA,NA,NA,NA,NA,NA,NA,NA,NA,NA,NA,NA,NA,NA,NA
Ascomycota,Dothideomycetes,Venturiales,Sympoventuriaceae,Scolecobasidium,Scolecobasidium_sp;sh__SH0009643.10FU,jrk07903,Ascomycota,Dothideomycetes,Venturiales,Sympoventuriaceae,,animal_parasite,plant_pathogen,,foliar_endophyte,leaf/fruit/seed_pathogen,"leaf/fruit/seed,animal_material",,partly_aquatic,animal_parasite,,filamentous_mycelium,"perithecium_(hymenium_hidden,_narrow_opening)",closed,,,,
Basidiomycota,Tremellomycetes,Tremellales,Tremellales_fam_Incertae_sedis,Tremellales_gen_Incertae_sedis,Tremellales_sp;sh__SH0019398.10FU,NA,NA,NA,NA,NA,NA,NA,NA,NA,NA,NA,NA,NA,NA,NA,NA,NA,NA,NA,NA,NA,NA,NA
Ascomycota,Eurotiomycetes,Chaetothyriales,Herpotrichiellaceae,Capronia,Capronia_sp;sh__SH0062106.10FU,jrk01430,Ascomycota,Eurotiomycetes,Chaetothyriales,Herpotrichiellaceae,,soil_saprotroph,root_endophyte_dark_septate,"mycoparasite_some_species,animal_pathogen_some_species",root_endophyte_dark_septate,,soil,,partly_aquatic,animal_parasite/opportunistic_human_parasite,,dimorphic_yeast,"perithecium_(hymenium_hidden,_narrow_opening)",,,,,
NA,NA,NA,NA,NA,NA,NA,NA,NA,NA,NA,NA,NA,NA,NA,NA,NA,NA,NA,NA,NA,NA,NA,NA,NA,NA,NA,NA,NA
Ascomycota,Archaeorhizomycetes,Archaeorhizomycetales,Archaeorhizomycetales_fam_Incertae_sedis,Archaeorhizomycetales_gen_Incertae_sedis,Archaeorhizomycetales_sp;sh__SH0177121.10FU,NA,NA,NA,NA,NA,NA,NA,NA,NA,NA,NA,NA,NA,NA,NA,NA,NA,NA,NA,NA,NA,NA,NA
Ascomycota,Dothideomycetes,Tubeufiales,Tubeufiaceae,Tubeufiaceae_gen_Incertae_sedis,Tubeufiaceae_sp;sh__SH0164515.10FU,NA,NA,NA,NA,NA,NA,NA,NA,NA,NA,NA,NA,NA,NA,NA,NA,NA,NA,NA,NA,NA,NA,NA
Ascomycota,Lecanoromycetes,Lecanoromycetes_ord_Incertae_sedis,Micropeltidaceae,Micropeltidaceae_gen_Incertae_sedis,Micropeltidaceae_sp;sh__SH0004432.10FU,NA,NA,NA,NA,NA,NA,NA,NA,NA,NA,NA,NA,NA,NA,NA,NA,NA,NA,NA,NA,NA,NA,NA
Rozellomycota,Rozellomycota_cls_Incertae_sedis,Rozellomycota_ord_Incertae_sedis,Rozellomycota_fam_Incertae_sedis,Rozellomycota_gen_Incertae_sedis,Rozellomycota_sp,NA,NA,NA,NA,NA,NA,NA,NA,NA,NA,NA,NA,NA,NA,NA,NA,NA,NA,NA,NA,NA,NA,NA
Ascomycota,Leotiomycetes,Helotiales,Helotiales_fam_Incertae_sedis,NA,NA,NA,NA,NA,NA,NA,NA,NA,NA,NA,NA,NA,NA,NA,NA,NA,NA,NA,NA,NA,NA,NA,NA,NA
Ascomycota,Eurotiomycetes,Sclerococcales,Dactylosporaceae,Sclerococcum,Sclerococcum_ahtii;sh__SH0135176.10FU,jrk07879,Ascomycota,Eurotiomycetes,Sclerococcales,Dactylosporaceae,,lichen_parasite,fungal_decomposer,saprotroph_unspecified_some_species,,,"fungal_material,algal_material",,non-aquatic,,,filamentous_mycelium,apothecium_(hymenium_on_surface),smooth,,,,
Ascomycota,Ascomycota_cls_Incertae_sedis,Ascomycota_ord_Incertae_sedis,Ascomycota_fam_Incertae_sedis,Ascomycota_gen_Incertae_sedis,Ascomycota_sp;sh__SH0008492.10FU,NA,NA,NA,NA,NA,NA,NA,NA,NA,NA,NA,NA,NA,NA,NA,NA,NA,NA,NA,NA,NA,NA,NA
Ascomycota,Dothideomycetes,Pleosporales,Melanommataceae,NA,NA,NA,NA,NA,NA,NA,NA,NA,NA,NA,NA,NA,NA,NA,NA,NA,NA,NA,NA,NA,NA,NA,NA,NA
Basidiomycota,Agaricomycetes,Sebacinales,Serendipitaceae,Serendipita,Serendipita_sp;sh__SH0066879.10FU,jrk08004,Basidiomycota,Agaricomycetes,Sebacinales,Serendipitaceae,,root_endophyte,soil_saprotroph,ectomycorrhizal_1%_species/ericoid_mycorrhizal_many_species/orchid_mycorrhizal,root_endophyte,,soil,,non-aquatic,,,filamentous_mycelium,none,none,,,,
Ascomycota,Eurotiomycetes,Chaetothyriales,Herpotrichiellaceae,Capronia,Capronia_sp;sh__SH0001809.10FU,jrk01430,Ascomycota,Eurotiomycetes,Chaetothyriales,Herpotrichiellaceae,,soil_saprotroph,root_endophyte_dark_septate,"mycoparasite_some_species,animal_pathogen_some_species",root_endophyte_dark_septate,,soil,,partly_aquatic,animal_parasite/opportunistic_human_parasite,,dimorphic_yeast,"perithecium_(hymenium_hidden,_narrow_opening)",,,,,
Basidiomycota,Agaricomycetes,Russulales,Russulaceae,Lactarius,NA,jrk04429,Basidiomycota,Agaricomycetes,Russulales,Russulaceae,,ectomycorrhizal,,,,,,,non-aquatic,,,filamentous_mycelium,agaricoid,gills,medium-distance_smooth,/russula-lactarius,,
Ascomycota,NA,NA,NA,NA,NA,NA,NA,NA,NA,NA,NA,NA,NA,NA,NA,NA,NA,NA,NA,NA,NA,NA,NA,NA,NA,NA,NA,NA
Basidiomycota,Agaricomycetes,Agaricales,Tricholomataceae,Tricholoma,Tricholoma_stiparophyllum;sh__SH0170278.10FU,jrk08985,Basidiomycota,Agaricomycetes,Agaricales,Tricholomataceae,,ectomycorrhizal,,,,,,,non-aquatic,,,filamentous_mycelium,agaricoid,gills,medium-distance_fringe,/tricholoma,,
Ascomycota,Eurotiomycetes,Chaetothyriales,Herpotrichiellaceae,Capronia,Capronia_sp;sh__SH0183766.10FU,jrk01430,Ascomycota,Eurotiomycetes,Chaetothyriales,Herpotrichiellaceae,,soil_saprotroph,root_endophyte_dark_septate,"mycoparasite_some_species,animal_pathogen_some_species",root_endophyte_dark_septate,,soil,,partly_aquatic,animal_parasite/opportunistic_human_parasite,,dimorphic_yeast,"perithecium_(hymenium_hidden,_narrow_opening)",,,,,
Ascomycota,Candelariomycetes,Candelariales,Pycnoraceae,Pycnora,Pycnora_sp;sh__SH0084935.10FU,jrk07339,Ascomycota,Candelariomycetes,Candelariales,Pycnoraceae,,lichenized,,,,,,,non-aquatic,,,thallus_photosynthetic,apothecium_(hymenium_on_surface),smooth,,,chlorococcoid,
Basidiomycota,Agaricomycetes,Russulales,Russulaceae,Russula,Russula_sp;sh__SH0102412.10FU,jrk07726,Basidiomycota,Agaricomycetes,Russulales,Russulaceae,,ectomycorrhizal,,,,,,,non-aquatic,,,filamentous_mycelium,agaricoid,gills,contact,/russula-lactarius,,
Basidiomycota,Agaricomycetes,Agaricales,Clavariaceae,Clavariaceae_gen_Incertae_sedis,Clavariaceae_sp;sh__SH0150049.10FU,NA,NA,NA,NA,NA,NA,NA,NA,NA,NA,NA,NA,NA,NA,NA,NA,NA,NA,NA,NA,NA,NA,NA
Basidiomycota,Agaricomycetes,Agaricales,NA,NA,NA,NA,NA,NA,NA,NA,NA,NA,NA,NA,NA,NA,NA,NA,NA,NA,NA,NA,NA,NA,NA,NA,NA,NA
Ascomycota,Eurotiomycetes,Chaetothyriales,Herpotrichiellaceae,Capronia,Capronia_sp;sh__SH0001809.10FU,jrk01430,Ascomycota,Eurotiomycetes,Chaetothyriales,Herpotrichiellaceae,,soil_saprotroph,root_endophyte_dark_septate,"mycoparasite_some_species,animal_pathogen_some_species",root_endophyte_dark_septate,,soil,,partly_aquatic,animal_parasite/opportunistic_human_parasite,,dimorphic_yeast,"perithecium_(hymenium_hidden,_narrow_opening)",,,,,
Ascomycota,Leotiomycetes,Thelebolales,Pseudeurotiaceae,Gymnostellatospora,Gymnostellatospora_japonica;sh__SH0147851.10FU,jrk03604,Ascomycota,Leotiomycetes,Thelebolales,Pseudeurotiaceae,,soil_saprotroph,,,,,soil,,non-aquatic,,,filamentous_mycelium,"cleistothecium_(closed,_spherical)",closed,,,,
Ascomycota,Leotiomycetes,Leotiales,Mniaeciaceae,Mniaeciaceae_gen_Incertae_sedis,Mniaeciaceae_sp;sh__SH0013035.10FU,NA,NA,NA,NA,NA,NA,NA,NA,NA,NA,NA,NA,NA,NA,NA,NA,NA,NA,NA,NA,NA,NA,NA
Ascomycota,Eurotiomycetes,Chaetothyriales,Chaetothyriales_fam_Incertae_sedis,Chaetothyriales_gen_Incertae_sedis,Chaetothyriales_sp;sh__SH0062378.10FU,NA,NA,NA,NA,NA,NA,NA,NA,NA,NA,NA,NA,NA,NA,NA,NA,NA,NA,NA,NA,NA,NA,NA
Basidiomycota,Agaricomycetes,Sebacinales,Serendipitaceae,Serendipita,Serendipita_sp,jrk08004,Basidiomycota,Agaricomycetes,Sebacinales,Serendipitaceae,,root_endophyte,soil_saprotroph,ectomycorrhizal_1%_species/ericoid_mycorrhizal_many_species/orchid_mycorrhizal,root_endophyte,,soil,,non-aquatic,,,filamentous_mycelium,none,none,,,,
Mortierellomycota,Mortierellomycetes,Mortierellales,Mortierellaceae,Mortierella,Mortierella_gemmifera;sh__SH0154863.10FU,jrk05302,Mortierellomycota,Mortierellomycetes,Mortierellales,Mortierellaceae,,soil_saprotroph,root-associated,,root-associated,root-associated,"roots,soil",chitinolytic,partly_aquatic,opportunistic_human_parasite,,filamentous_mycelium,none,none,,,,
Ascomycota,Ascomycota_cls_Incertae_sedis,Ascomycota_ord_Incertae_sedis,Ascomycota_fam_Incertae_sedis,Ascomycota_gen_Incertae_sedis,Ascomycota_sp;sh__SH0144135.10FU,NA,NA,NA,NA,NA,NA,NA,NA,NA,NA,NA,NA,NA,NA,NA,NA,NA,NA,NA,NA,NA,NA,NA
Basidiomycota,Basidiomycota_cls_Incertae_sedis,Basidiomycota_ord_Incertae_sedis,Basidiomycota_fam_Incertae_sedis,Basidiomycota_gen_Incertae_sedis,Basidiomycota_sp;sh__SH0117949.10FU,NA,NA,NA,NA,NA,NA,NA,NA,NA,NA,NA,NA,NA,NA,NA,NA,NA,NA,NA,NA,NA,NA,NA
Ascomycota,Leotiomycetes,Helotiales,Hyaloscyphaceae,Hyaloscyphaceae_gen_Incertae_sedis,Hyaloscyphaceae_sp;sh__SH0110852.10FU,NA,NA,NA,NA,NA,NA,NA,NA,NA,NA,NA,NA,NA,NA,NA,NA,NA,NA,NA,NA,NA,NA,NA
Mortierellomycota,Mortierellomycetes,Mortierellales,Mortierellaceae,NA,NA,NA,NA,NA,NA,NA,NA,NA,NA,NA,NA,NA,NA,NA,NA,NA,NA,NA,NA,NA,NA,NA,NA,NA
Ascomycota,Leotiomycetes,Helotiales,Helotiales_fam_Incertae_sedis,Helotiales_gen_Incertae_sedis,Helotiales_sp;sh__SH0052307.10FU,NA,NA,NA,NA,NA,NA,NA,NA,NA,NA,NA,NA,NA,NA,NA,NA,NA,NA,NA,NA,NA,NA,NA
Ascomycota,Dothideomycetes,Dothideales,Dothideales_fam_Incertae_sedis,Dothideales_gen_Incertae_sedis,Dothideales_sp;sh__SH0078187.10FU,NA,NA,NA,NA,NA,NA,NA,NA,NA,NA,NA,NA,NA,NA,NA,NA,NA,NA,NA,NA,NA,NA,NA
Basidiomycota,Agaricomycetes,Sebacinales,Sebacinaceae,Sebacina,Sebacina_incrustans;sh__SH0136443.10FU,jrk07952,Basidiomycota,Agaricomycetes,Sebacinales,Sebacinaceae,,ectomycorrhizal,,,,,,,non-aquatic,,,filamentous_mycelium,corticioid,smooth,short-distance_delicate,/sebacina,,
Ascomycota,Pezizomycetes,Pezizales,Pyronemataceae,Pyronemataceae_gen_Incertae_sedis,Pyronemataceae_sp;sh__SH0101334.10FU,NA,NA,NA,NA,NA,NA,NA,NA,NA,NA,NA,NA,NA,NA,NA,NA,NA,NA,NA,NA,NA,NA,NA
Ascomycota,Archaeorhizomycetes,Archaeorhizomycetales,Archaeorhizomycetaceae,Archaeorhizomyces,Archaeorhizomyces_sp;sh__SH0190602.10FU,jrk00567,Ascomycota,Archaeorhizomycetes,Archaeorhizomycetales,Archaeorhizomycetaceae,,soil_saprotroph,root-associated,,root-associated,root-associated,"roots,soil",,non-aquatic,,,filamentous_mycelium,none,none,,,,
Ascomycota,Leotiomycetes,Helotiales,Helotiales_fam_Incertae_sedis,Helotiales_gen_Incertae_sedis,Helotiales_sp;sh__SH0008386.10FU,NA,NA,NA,NA,NA,NA,NA,NA,NA,NA,NA,NA,NA,NA,NA,NA,NA,NA,NA,NA,NA,NA,NA
Ascomycota,Eurotiomycetes,Chaetothyriales,Herpotrichiellaceae,Capronia,Capronia_sp;sh__SH0001809.10FU,jrk01430,Ascomycota,Eurotiomycetes,Chaetothyriales,Herpotrichiellaceae,,soil_saprotroph,root_endophyte_dark_septate,"mycoparasite_some_species,animal_pathogen_some_species",root_endophyte_dark_septate,,soil,,partly_aquatic,animal_parasite/opportunistic_human_parasite,,dimorphic_yeast,"perithecium_(hymenium_hidden,_narrow_opening)",,,,,
Ascomycota,Ascomycota_cls_Incertae_sedis,Ascomycota_ord_Incertae_sedis,Ascomycota_fam_Incertae_sedis,Ascomycota_gen_Incertae_sedis,Ascomycota_sp;sh__SH0008341.10FU,NA,NA,NA,NA,NA,NA,NA,NA,NA,NA,NA,NA,NA,NA,NA,NA,NA,NA,NA,NA,NA,NA,NA
Basidiomycota,Agaricomycetes,Agaricales,Cortinariaceae,Cortinarius,Cortinarius_vanduzerensis;sh__SH0191977.10FU,jrk02100,Basidiomycota,Agaricomycetes,Agaricales,Cortinariaceae,,ectomycorrhizal,,,,,,,non-aquatic,,,filamentous_mycelium,agaricoid,gills,medium-distance_fringe,/cortinarius,,
Ascomycota,Leotiomycetes,Leotiales,Tympanidaceae,Tympanidaceae_gen_Incertae_sedis,Tympanidaceae_sp;sh__SH0144078.10FU,NA,NA,NA,NA,NA,NA,NA,NA,NA,NA,NA,NA,NA,NA,NA,NA,NA,NA,NA,NA,NA,NA,NA
Ascomycota,Eurotiomycetes,Chaetothyriales,Herpotrichiellaceae,Capronia,Capronia_sp;sh__SH0150821.10FU,jrk01430,Ascomycota,Eurotiomycetes,Chaetothyriales,Herpotrichiellaceae,,soil_saprotroph,root_endophyte_dark_septate,"mycoparasite_some_species,animal_pathogen_some_species",root_endophyte_dark_septate,,soil,,partly_aquatic,animal_parasite/opportunistic_human_parasite,,dimorphic_yeast,"perithecium_(hymenium_hidden,_narrow_opening)",,,,,
Ascomycota,Leotiomycetes,NA,NA,NA,NA,NA,NA,NA,NA,NA,NA,NA,NA,NA,NA,NA,NA,NA,NA,NA,NA,NA,NA,NA,NA,NA,NA,NA
Ascomycota,Leotiomycetes,Helotiales,Hyaloscyphaceae,Hyaloscypha,Hyaloscypha_sp;sh__SH0162803.10FU,jrk03965,Ascomycota,Leotiomycetes,Helotiales,Hyaloscyphaceae,,litter_saprotroph,wood_saprotroph,"ectomycorrhizal_H._Bicolor,_H._Finlandica,_ericoid_mycorrhizal_H._Variabilis,_plant_pathogen_some_species",,leaf/fruit/seed_pathogen,"wood,leaf/fruit/seed",,partly_freshwater_(partly_non-aquatic),,mosses,filamentous_mycelium,apothecium_(hymenium_on_surface),smooth,,,,
Ascomycota,Pezizomycetes,Pezizales,Pyronemataceae,Pyronemataceae_gen_Incertae_sedis,Pyronemataceae_sp;sh__SH0201851.10FU,NA,NA,NA,NA,NA,NA,NA,NA,NA,NA,NA,NA,NA,NA,NA,NA,NA,NA,NA,NA,NA,NA,NA
Ascomycota,Ascomycota_cls_Incertae_sedis,Ascomycota_ord_Incertae_sedis,Ascomycota_fam_Incertae_sedis,Ascomycota_gen_Incertae_sedis,Ascomycota_sp;sh__SH0036710.10FU,NA,NA,NA,NA,NA,NA,NA,NA,NA,NA,NA,NA,NA,NA,NA,NA,NA,NA,NA,NA,NA,NA,NA
Rozellomycota,Rozellomycota_cls_Incertae_sedis,Rozellomycota_ord_Incertae_sedis,Rozellomycota_fam_Incertae_sedis,Rozellomycota_gen_Incertae_sedis,Rozellomycota_sp;sh__SH0023863.10FU,NA,NA,NA,NA,NA,NA,NA,NA,NA,NA,NA,NA,NA,NA,NA,NA,NA,NA,NA,NA,NA,NA,NA
Mucoromycota,Endogonomycetes,Endogonales,Endogonaceae,Endogone,Endogone_pisiformis;sh__SH0010045.10FU,jrk02917,Mucoromycota,Endogonomycetes,Endogonales,Endogonaceae,,soil_saprotroph,root_endophyte,ectomycorrhizal_1-2_species_in_E.pisiformis_complex,root_endophyte,root-associated,soil,,non-aquatic,,,filamentous_mycelium,zygosporangium,closed,short-distance_delicate,/endogone3,,
Basidiomycota,Tremellomycetes,Trichosporonales,Tetragoniomycetaceae,Tetragoniomycetaceae_gen_Incertae_sedis,Tetragoniomycetaceae_sp;sh__SH0020263.10FU,NA,NA,NA,NA,NA,NA,NA,NA,NA,NA,NA,NA,NA,NA,NA,NA,NA,NA,NA,NA,NA,NA,NA
NA,NA,NA,NA,NA,NA,NA,NA,NA,NA,NA,NA,NA,NA,NA,NA,NA,NA,NA,NA,NA,NA,NA,NA,NA,NA,NA,NA,NA
Fungi_phy_Incertae_sedis,Fungi_cls_Incertae_sedis,Fungi_ord_Incertae_sedis,Fungi_fam_Incertae_sedis,Fungi_gen_Incertae_sedis,Fungi_sp;sh__SH0118938.10FU,NA,NA,NA,NA,NA,NA,NA,NA,NA,NA,NA,NA,NA,NA,NA,NA,NA,NA,NA,NA,NA,NA,NA
Basidiomycota,Agaricomycetes,Agaricales,Clavariaceae,Clavaria,Clavaria_neonigrita;sh__SH0086398.10FU,jrk01836,Basidiomycota,Agaricomycetes,Agaricales,Clavariaceae,,soil_saprotroph,unspecified_symbiotroph,CHEGD_symbiotrophs,root-associated,root-associated,"roots,soil",,non-aquatic,,,filamentous_mycelium,clavarioid,smooth,,,,
Ascomycota,Lecanoromycetes,NA,NA,NA,NA,NA,NA,NA,NA,NA,NA,NA,NA,NA,NA,NA,NA,NA,NA,NA,NA,NA,NA,NA,NA,NA,NA,NA
Rozellomycota,Rozellomycota_cls_Incertae_sedis,Rozellomycota_ord_Incertae_sedis,Rozellomycota_fam_Incertae_sedis,Rozellomycota_gen_Incertae_sedis,Rozellomycota_sp,NA,NA,NA,NA,NA,NA,NA,NA,NA,NA,NA,NA,NA,NA,NA,NA,NA,NA,NA,NA,NA,NA,NA
Ascomycota,Leotiomycetes,Helotiales,Helotiaceae,Gremmenia,Gremmenia_infestans;sh__SH0188145.10FU,jrk03553,Ascomycota,Leotiomycetes,Helotiales,Hamatocanthoscyphaceae,,plant_pathogen,,,,leaf/fruit/seed_pathogen,,,partly_aquatic,,,filamentous_mycelium,apothecium_(hymenium_on_surface),smooth,,,,
Basidiomycota,Agaricomycetes,Agaricales,Entolomataceae,Entoloma,Entoloma_clandestinum;sh__SH0064086.10FU,jrk02963,Basidiomycota,Agaricomycetes,Agaricales,Entolomataceae,,soil_saprotroph,unspecified_symbiotroph,"CHEGD_symbiotrophs,ectomycorrhizal_ca_10%_of_species",root-associated,root-associated,"roots,soil",,non-aquatic,,,filamentous_mycelium,agaricoid,gills,medium-distance_smooth,/entoloma,,
Basidiomycota,Agaricomycetes,Sebacinales,Serendipitaceae,Serendipita,Serendipita_sp,jrk08004,Basidiomycota,Agaricomycetes,Sebacinales,Serendipitaceae,,root_endophyte,soil_saprotroph,ectomycorrhizal_1%_species/ericoid_mycorrhizal_many_species/orchid_mycorrhizal,root_endophyte,,soil,,non-aquatic,,,filamentous_mycelium,none,none,,,,
Ascomycota,Eurotiomycetes,Chaetothyriales,Herpotrichiellaceae,Capronia,Capronia_sp;sh__SH0001806.10FU,jrk01430,Ascomycota,Eurotiomycetes,Chaetothyriales,Herpotrichiellaceae,,soil_saprotroph,root_endophyte_dark_septate,"mycoparasite_some_species,animal_pathogen_some_species",root_endophyte_dark_septate,,soil,,partly_aquatic,animal_parasite/opportunistic_human_parasite,,dimorphic_yeast,"perithecium_(hymenium_hidden,_narrow_opening)",,,,,
Basidiomycota,Agaricomycetes,Agaricales,Entolomataceae,Entoloma,NA,jrk02963,Basidiomycota,Agaricomycetes,Agaricales,Entolomataceae,,soil_saprotroph,unspecified_symbiotroph,"CHEGD_symbiotrophs,ectomycorrhizal_ca_10%_of_species",root-associated,root-associated,"roots,soil",,non-aquatic,,,filamentous_mycelium,agaricoid,gills,medium-distance_smooth,/entoloma,,
Basidiomycota,Agaricomycetes,Agaricales,Clavariaceae,Clavulinopsis,Clavulinopsis_sp;sh__SH0142094.10FU,jrk01853,Basidiomycota,Agaricomycetes,Agaricales,Clavariaceae,,soil_saprotroph,unspecified_symbiotroph,CHEGD_symbiotrophs,root-associated,root-associated,"roots,soil",,non-aquatic,,,filamentous_mycelium,clavarioid,smooth,,,,
Ascomycota,Leotiomycetes,Leotiomycetes_ord_Incertae_sedis,Leotiomycetes_fam_Incertae_sedis,Leotiomycetes_gen_Incertae_sedis,Leotiomycetes_sp;sh__SH0076830.10FU,NA,NA,NA,NA,NA,NA,NA,NA,NA,NA,NA,NA,NA,NA,NA,NA,NA,NA,NA,NA,NA,NA,NA
Ascomycota,Pezizomycetes,Pezizales,Helvellaceae,Helvella,Helvella_floriforma;sh__SH0101867.10FU,jrk03779,Ascomycota,Pezizomycetes,Pezizales,Helvellaceae,,ectomycorrhizal,,,,,,,non-aquatic,,,filamentous_mycelium,apothecium_(hymenium_on_surface),smooth,contact,/tuber-helvella,,
Ascomycota,Archaeorhizomycetes,Archaeorhizomycetales,Archaeorhizomycetaceae,Archaeorhizomyces,Archaeorhizomyces_sp;sh__SH0170210.10FU,jrk00567,Ascomycota,Archaeorhizomycetes,Archaeorhizomycetales,Archaeorhizomycetaceae,,soil_saprotroph,root-associated,,root-associated,root-associated,"roots,soil",,non-aquatic,,,filamentous_mycelium,none,none,,,,
Basidiomycota,Agaricomycetes,Agaricales,Inocybaceae,Inocybe,Inocybe_sp,jrk04145,Basidiomycota,Agaricomycetes,Agaricales,Inocybaceae,,ectomycorrhizal,,,,,,,non-aquatic,,,filamentous_mycelium,agaricoid,gills,short-distance_delicate,/inocybe,,
Ascomycota,Dothideomycetes,Pleosporales,Lentitheciaceae,NA,NA,NA,NA,NA,NA,NA,NA,NA,NA,NA,NA,NA,NA,NA,NA,NA,NA,NA,NA,NA,NA,NA,NA,NA
Basidiomycota,Agaricomycetes,Agaricales,Cortinariaceae,Cortinarius,Cortinarius_valgus;sh__SH0171134.10FU,jrk02100,Basidiomycota,Agaricomycetes,Agaricales,Cortinariaceae,,ectomycorrhizal,,,,,,,non-aquatic,,,filamentous_mycelium,agaricoid,gills,medium-distance_fringe,/cortinarius,,
Ascomycota,Eurotiomycetes,Chaetothyriales,Chaetothyriales_fam_Incertae_sedis,Chaetothyriales_gen_Incertae_sedis,Chaetothyriales_sp;sh__SH0062378.10FU,NA,NA,NA,NA,NA,NA,NA,NA,NA,NA,NA,NA,NA,NA,NA,NA,NA,NA,NA,NA,NA,NA,NA
Basidiomycota,Agaricomycetes,Sebacinales,Serendipitaceae,Serendipita,Serendipita_sp;sh__SH0003279.10FU,jrk08004,Basidiomycota,Agaricomycetes,Sebacinales,Serendipitaceae,,root_endophyte,soil_saprotroph,ectomycorrhizal_1%_species/ericoid_mycorrhizal_many_species/orchid_mycorrhizal,root_endophyte,,soil,,non-aquatic,,,filamentous_mycelium,none,none,,,,
Basidiomycota,Agaricomycetes,Cantharellales,Botryobasidiaceae,Botryobasidium,Botryobasidium_laeve;sh__SH0174501.10FU,jrk01120,Basidiomycota,Agaricomycetes,Cantharellales,Botryobasidiaceae,,wood_saprotroph,,,,,wood,white_rot,non-aquatic,,,filamentous_mycelium,corticioid,smooth,,,,
Basidiomycota,Agaricomycetes,Agaricales,Agaricales_fam_Incertae_sedis,Fayodia,Fayodia_gracilipes;sh__SH0164639.10FU,jrk03145,Basidiomycota,Agaricomycetes,Agaricales,Agaricales family incertae sedis,,litter_saprotroph,,,,,leaf/fruit/seed,,non-aquatic,,,filamentous_mycelium,agaricoid,gills,,,,
Rozellomycota,Rozellomycota_cls_Incertae_sedis,Rozellomycota_ord_Incertae_sedis,Rozellomycota_fam_Incertae_sedis,Rozellomycota_gen_Incertae_sedis,Rozellomycota_sp;sh__SH0146815.10FU,NA,NA,NA,NA,NA,NA,NA,NA,NA,NA,NA,NA,NA,NA,NA,NA,NA,NA,NA,NA,NA,NA,NA
Ascomycota,Eurotiomycetes,Chaetothyriales,NA,NA,NA,NA,NA,NA,NA,NA,NA,NA,NA,NA,NA,NA,NA,NA,NA,NA,NA,NA,NA,NA,NA,NA,NA,NA
Basidiomycota,Agaricomycetes,Sebacinales,Serendipitaceae,Serendipitaceae_gen_Incertae_sedis,Serendipitaceae_sp;sh__SH0003269.10FU,NA,NA,NA,NA,NA,NA,NA,NA,NA,NA,NA,NA,NA,NA,NA,NA,NA,NA,NA,NA,NA,NA,NA
Ascomycota,Leotiomycetes,Helotiales,Mollisiaceae,Mollisia,Mollisia_cinerea;sh__SH0074283.10FU,jrk05247,Ascomycota,Leotiomycetes,Helotiales,Mollisiaceae,,plant_pathogen,litter_saprotroph,,foliar_endophyte,leaf/fruit/seed_pathogen,leaf/fruit/seed,soft_rot,partly_freshwater_(partly_non-aquatic),,,filamentous_mycelium,apothecium_(hymenium_on_surface),smooth,,,,
Rozellomycota,Rozellomycota_cls_Incertae_sedis,Rozellomycota_ord_Incertae_sedis,Rozellomycota_fam_Incertae_sedis,Rozellomycota_gen_Incertae_sedis,Rozellomycota_sp,NA,NA,NA,NA,NA,NA,NA,NA,NA,NA,NA,NA,NA,NA,NA,NA,NA,NA,NA,NA,NA,NA,NA
Ascomycota,Leotiomycetes,Leotiomycetes_ord_Incertae_sedis,Leotiomycetes_fam_Incertae_sedis,Leotiomycetes_gen_Incertae_sedis,Leotiomycetes_sp;sh__SH0008544.10FU,NA,NA,NA,NA,NA,NA,NA,NA,NA,NA,NA,NA,NA,NA,NA,NA,NA,NA,NA,NA,NA,NA,NA
Mucoromycota,Umbelopsidomycetes,Umbelopsidales,Umbelopsidaceae,Umbelopsis,Umbelopsis_sp;sh__SH0009093.10FU,jrk09156,Mucoromycota,Umbelopsidomycetes,Umbelopsidales,Umbelopsidaceae,,soil_saprotroph,root-associated,,root-associated,root-associated,"roots,soil",mold,non-aquatic,,,filamentous_mycelium,none,none,,,,
Basidiomycota,Agaricomycetes,Polyporales,Polyporaceae,Trametes,Trametes_versicolor;sh__SH0022334.10FU,jrk08915,Basidiomycota,Agaricomycetes,Polyporales,Polyporaceae,,wood_saprotroph,,wood_pathogen_some_species,,,wood,white_rot,partly_aquatic,,,filamentous_mycelium,polyporoid,poroid,,,,
Ascomycota,Leotiomycetes,Helotiales,Hyaloscyphaceae,Hyaloscyphaceae_gen_Incertae_sedis,Hyaloscyphaceae_sp;sh__SH0110911.10FU,NA,NA,NA,NA,NA,NA,NA,NA,NA,NA,NA,NA,NA,NA,NA,NA,NA,NA,NA,NA,NA,NA,NA
Basidiomycota,Agaricomycetes,Thelephorales,Thelephoraceae,Tomentella,Tomentella_sp;sh__SH0127820.10FU,jrk08875,Basidiomycota,Agaricomycetes,Thelephorales,Thelephoraceae,,ectomycorrhizal,,,,,,,non-aquatic,,,filamentous_mycelium,corticioid,smooth,medium-distance_smooth,/tomentella-thelephora,,
Basidiomycota,Agaricomycetes,Agaricales,NA,NA,NA,NA,NA,NA,NA,NA,NA,NA,NA,NA,NA,NA,NA,NA,NA,NA,NA,NA,NA,NA,NA,NA,NA,NA
Ascomycota,Archaeorhizomycetes,Archaeorhizomycetales,Archaeorhizomycetaceae,Archaeorhizomyces,Archaeorhizomyces_sp;sh__SH0024015.10FU,jrk00567,Ascomycota,Archaeorhizomycetes,Archaeorhizomycetales,Archaeorhizomycetaceae,,soil_saprotroph,root-associated,,root-associated,root-associated,"roots,soil",,non-aquatic,,,filamentous_mycelium,none,none,,,,
Ascomycota,NA,NA,NA,NA,NA,NA,NA,NA,NA,NA,NA,NA,NA,NA,NA,NA,NA,NA,NA,NA,NA,NA,NA,NA,NA,NA,NA,NA
Ascomycota,Dothideomycetes,Tubeufiales,Tubeufiaceae,NA,NA,NA,NA,NA,NA,NA,NA,NA,NA,NA,NA,NA,NA,NA,NA,NA,NA,NA,NA,NA,NA,NA,NA,NA
Ascomycota,Orbiliomycetes,Orbiliales,Orbiliales_fam_Incertae_sedis,Orbiliales_gen_Incertae_sedis,Orbiliales_sp;sh__SH0148190.10FU,NA,NA,NA,NA,NA,NA,NA,NA,NA,NA,NA,NA,NA,NA,NA,NA,NA,NA,NA,NA,NA,NA,NA
Ascomycota,Leotiomycetes,Helotiales,NA,NA,NA,NA,NA,NA,NA,NA,NA,NA,NA,NA,NA,NA,NA,NA,NA,NA,NA,NA,NA,NA,NA,NA,NA,NA
Basidiomycota,Agaricomycetes,Auriculariales,Hyaloriaceae,Myxarium,NA,jrk05479,Basidiomycota,Agaricomycetes,Auriculariales,Hyaloriaceae,,wood_saprotroph,,,,,wood,,non-aquatic,,,filamentous_mycelium,tremelloid,smooth,,,,
Basidiomycota,Agaricomycetes,Sebacinales,Serendipitaceae,Serendipitaceae_gen_Incertae_sedis,Serendipitaceae_sp;sh__SH0188430.10FU,NA,NA,NA,NA,NA,NA,NA,NA,NA,NA,NA,NA,NA,NA,NA,NA,NA,NA,NA,NA,NA,NA,NA
Ascomycota,Ascomycota_cls_Incertae_sedis,Ascomycota_ord_Incertae_sedis,Ascomycota_fam_Incertae_sedis,Ascomycota_gen_Incertae_sedis,Ascomycota_sp;sh__SH0179386.10FU,NA,NA,NA,NA,NA,NA,NA,NA,NA,NA,NA,NA,NA,NA,NA,NA,NA,NA,NA,NA,NA,NA,NA
Basidiomycota,Agaricomycetes,Agaricomycetes_ord_Incertae_sedis,Agaricomycetes_fam_Incertae_sedis,Agaricomycetes_gen_Incertae_sedis,Agaricomycetes_sp;sh__SH0006145.10FU,NA,NA,NA,NA,NA,NA,NA,NA,NA,NA,NA,NA,NA,NA,NA,NA,NA,NA,NA,NA,NA,NA,NA
Ascomycota,Ascomycota_cls_Incertae_sedis,Ascomycota_ord_Incertae_sedis,Ascomycota_fam_Incertae_sedis,Ascomycota_gen_Incertae_sedis,Ascomycota_sp;sh__SH0069808.10FU,NA,NA,NA,NA,NA,NA,NA,NA,NA,NA,NA,NA,NA,NA,NA,NA,NA,NA,NA,NA,NA,NA,NA
Basidiomycota,Agaricomycetes,Agaricales,Cortinariaceae,Cortinarius,Cortinarius_magispilomeus;sh__SH0191900.10FU,jrk02100,Basidiomycota,Agaricomycetes,Agaricales,Cortinariaceae,,ectomycorrhizal,,,,,,,non-aquatic,,,filamentous_mycelium,agaricoid,gills,medium-distance_fringe,/cortinarius,,
Ascomycota,Leotiomycetes,Helotiales,NA,NA,NA,NA,NA,NA,NA,NA,NA,NA,NA,NA,NA,NA,NA,NA,NA,NA,NA,NA,NA,NA,NA,NA,NA,NA
Entorrhizomycota,Entorrhizomycota_cls_Incertae_sedis,Entorrhizomycota_ord_Incertae_sedis,Entorrhizomycota_fam_Incertae_sedis,Entorrhizomycota_gen_Incertae_sedis,Entorrhizomycota_sp;sh__SH0147125.10FU,NA,NA,NA,NA,NA,NA,NA,NA,NA,NA,NA,NA,NA,NA,NA,NA,NA,NA,NA,NA,NA,NA,NA
Chytridiomycota,Spizellomycetes,Spizellomycetales,Spizellomycetales_fam_Incertae_sedis,Spizellomycetales_gen_Incertae_sedis,Spizellomycetales_sp;sh__SH0161813.10FU,NA,NA,NA,NA,NA,NA,NA,NA,NA,NA,NA,NA,NA,NA,NA,NA,NA,NA,NA,NA,NA,NA,NA
Ascomycota,Leotiomycetes,Helotiales,Helotiales_fam_Incertae_sedis,Helotiales_gen_Incertae_sedis,Helotiales_sp;sh__SH0134833.10FU,NA,NA,NA,NA,NA,NA,NA,NA,NA,NA,NA,NA,NA,NA,NA,NA,NA,NA,NA,NA,NA,NA,NA
Ascomycota,Archaeorhizomycetes,Archaeorhizomycetales,Archaeorhizomycetaceae,NA,NA,NA,NA,NA,NA,NA,NA,NA,NA,NA,NA,NA,NA,NA,NA,NA,NA,NA,NA,NA,NA,NA,NA,NA
Glomeromycota,Archaeosporomycetes,Archaeosporales,Ambisporaceae,Ambispora,Ambispora_sp,jrk00278,Glomeromycota,Archaeosporomycetes,Archaeosporales,Ambisporaceae,,arbuscular_mycorrhizal,root-associated,,root_endophyte,,,,,,,filamentous_mycelium,none,none,,,,
Ascomycota,Sordariomycetes,Hypocreales,Hypocreales_fam_Incertae_sedis,Hypocreales_gen_Incertae_sedis,Hypocreales_sp;sh__SH0174920.10FU,NA,NA,NA,NA,NA,NA,NA,NA,NA,NA,NA,NA,NA,NA,NA,NA,NA,NA,NA,NA,NA,NA,NA
Ascomycota,Leotiomycetes,Helotiales,NA,NA,NA,NA,NA,NA,NA,NA,NA,NA,NA,NA,NA,NA,NA,NA,NA,NA,NA,NA,NA,NA,NA,NA,NA,NA
Fungi_phy_Incertae_sedis,Fungi_cls_Incertae_sedis,Fungi_ord_Incertae_sedis,Fungi_fam_Incertae_sedis,Fungi_gen_Incertae_sedis,Fungi_sp,NA,NA,NA,NA,NA,NA,NA,NA,NA,NA,NA,NA,NA,NA,NA,NA,NA,NA,NA,NA,NA,NA,NA
Ascomycota,Sordariomycetes,Amphisphaeriales,Sporocadaceae,Pestalotiopsis,NA,jrk06332,Ascomycota,Sordariomycetes,Amphisphaeriales,Sporocadaceae,,plant_pathogen,,,,leaf/fruit/seed_pathogen,,,partly_aquatic,,,filamentous_mycelium,"perithecium_(hymenium_hidden,_narrow_opening)",closed,,,,
Basidiomycota,Agaricomycetes,Auriculariales,Auriculariales_fam_Incertae_sedis,Auriculariales_gen_Incertae_sedis,Auriculariales_sp,NA,NA,NA,NA,NA,NA,NA,NA,NA,NA,NA,NA,NA,NA,NA,NA,NA,NA,NA,NA,NA,NA,NA
Ascomycota,Leotiomycetes,Helotiales,Pezizellaceae,Chalara,Chalara_pseudoaffinis;sh__SH0134834.10FU,jrk01652,Ascomycota,Leotiomycetes,Helotiales,Pezizellaceae,,litter_saprotroph,plant_pathogen,hypervariable,foliar_endophyte,"wood_pathogen,leaf/fruit/seed_pathogen","wood,leaf/fruit/seed",soft_rot,non-aquatic,,,filamentous_mycelium,None,none,,,,
Basidiomycota,Agaricomycetes,Agaricales,Cortinariaceae,Cortinarius,NA,jrk02100,Basidiomycota,Agaricomycetes,Agaricales,Cortinariaceae,,ectomycorrhizal,,,,,,,non-aquatic,,,filamentous_mycelium,agaricoid,gills,medium-distance_fringe,/cortinarius,,
Basidiomycota,Agaricomycetes,Agaricales,Cortinariaceae,Phlegmacium,Phlegmacium_triumphans;sh__SH0192308.10FU,NA,NA,NA,NA,NA,NA,NA,NA,NA,NA,NA,NA,NA,NA,NA,NA,NA,NA,NA,NA,NA,NA,NA
Ascomycota,Ascomycota_cls_Incertae_sedis,Ascomycota_ord_Incertae_sedis,Ascomycota_fam_Incertae_sedis,Ascomycota_gen_Incertae_sedis,Ascomycota_sp;sh__SH0177368.10FU,NA,NA,NA,NA,NA,NA,NA,NA,NA,NA,NA,NA,NA,NA,NA,NA,NA,NA,NA,NA,NA,NA,NA
Ascomycota,Leotiomycetes,Helotiales,Helotiaceae,NA,NA,NA,NA,NA,NA,NA,NA,NA,NA,NA,NA,NA,NA,NA,NA,NA,NA,NA,NA,NA,NA,NA,NA,NA
NA,NA,NA,NA,NA,NA,NA,NA,NA,NA,NA,NA,NA,NA,NA,NA,NA,NA,NA,NA,NA,NA,NA,NA,NA,NA,NA,NA,NA
Ascomycota,Leotiomycetes,Helotiales,Discinellaceae,Pezoloma,Pezoloma_ericae;sh__SH0172522.10FU,jrk06336,Ascomycota,Leotiomycetes,Helotiales,Discinellaceae,,root_endophyte,soil_saprotroph,,root_endophyte,leaf/fruit/seed_pathogen,soil,,partly_aquatic,,,filamentous_mycelium,apothecium_(hymenium_on_surface),smooth,,,,
Entorrhizomycota,Entorrhizomycetes,Entorrhizomycetes_ord_Incertae_sedis,Entorrhizomycetes_fam_Incertae_sedis,Entorrhizomycetes_gen_Incertae_sedis,Entorrhizomycetes_sp;sh__SH0020598.10FU,NA,NA,NA,NA,NA,NA,NA,NA,NA,NA,NA,NA,NA,NA,NA,NA,NA,NA,NA,NA,NA,NA,NA
Ascomycota,Leotiomycetes,Helotiales,Helotiales_fam_Incertae_sedis,Helotiales_gen_Incertae_sedis,Helotiales_sp;sh__SH0008454.10FU,NA,NA,NA,NA,NA,NA,NA,NA,NA,NA,NA,NA,NA,NA,NA,NA,NA,NA,NA,NA,NA,NA,NA
Ascomycota,Leotiomycetes,Helotiales,Helotiales_fam_Incertae_sedis,Leohumicola,Leohumicola_sp;sh__SH0118613.10FU,jrk04577,Ascomycota,Leotiomycetes,Helotiales,Helotiales family incertae sedis,,soil_saprotroph,ericoid_mycorrhizal,,root_endophyte_dark_septate,root-associated,"soil,roots",,non-aquatic,,,filamentous_mycelium,none,none,,,,
Basidiomycota,Agaricomycetes,Sebacinales,Serendipitaceae,Serendipitaceae_gen_Incertae_sedis,Serendipitaceae_sp,NA,NA,NA,NA,NA,NA,NA,NA,NA,NA,NA,NA,NA,NA,NA,NA,NA,NA,NA,NA,NA,NA,NA
Basidiomycota,Agaricomycetes,Hymenochaetales,Schizoporaceae,Hyphodontia,Hyphodontia_sp;sh__SH0167177.10FU,jrk04032,Basidiomycota,Agaricomycetes,Hymenochaetales,Schizoporaceae,,wood_saprotroph,,,,,wood,white_rot,non-aquatic,,,filamentous_mycelium,corticioid,smooth,,,,
Basidiomycota,Agaricomycetes,Cantharellales,Hydnaceae,Sistotrema,Sistotrema_sp;sh__SH0159356.10FU,jrk08105,Basidiomycota,Agaricomycetes,Cantharellales,Cantharellales family incertae sedis,,litter_saprotroph,,ectomycorrhizal_many_species,,,leaf/fruit/seed,,non-aquatic,,,filamentous_mycelium,corticioid,smooth,medium-distance_fringe,/cantharellus,,
Basidiomycota,Agaricomycetes,Agaricales,Cortinariaceae,Cortinarius,Cortinarius_obtusorum;sh__SH0191798.10FU,jrk02100,Basidiomycota,Agaricomycetes,Agaricales,Cortinariaceae,,ectomycorrhizal,,,,,,,non-aquatic,,,filamentous_mycelium,agaricoid,gills,medium-distance_fringe,/cortinarius,,
Ascomycota,Leotiomycetes,Helotiales,Helotiales_fam_Incertae_sedis,Helotiales_gen_Incertae_sedis,Helotiales_sp;sh__SH0183785.10FU,NA,NA,NA,NA,NA,NA,NA,NA,NA,NA,NA,NA,NA,NA,NA,NA,NA,NA,NA,NA,NA,NA,NA
Ascomycota,Leotiomycetes,Helotiales,NA,NA,NA,NA,NA,NA,NA,NA,NA,NA,NA,NA,NA,NA,NA,NA,NA,NA,NA,NA,NA,NA,NA,NA,NA,NA
Ascomycota,Dothideomycetes,Dothideomycetes_ord_Incertae_sedis,Dothideomycetes_fam_Incertae_sedis,Dothideomycetes_gen_Incertae_sedis,Dothideomycetes_sp;sh__SH0185808.10FU,NA,NA,NA,NA,NA,NA,NA,NA,NA,NA,NA,NA,NA,NA,NA,NA,NA,NA,NA,NA,NA,NA,NA
Ascomycota,Sordariomycetes,Sordariales,Chaetomiaceae,Chaetomium,Chaetomium_sp;sh__SH0141524.10FU,jrk01622,Ascomycota,Sordariomycetes,Sordariales,Chaetomiaceae,,litter_saprotroph,foliar_endophyte,hypervariable,foliar_endophyte,,"wood,leaf/fruit/seed,soil,dung",soft_rot,partly_aquatic,,,filamentous_mycelium,"perithecium_(hymenium_hidden,_narrow_opening)",closed,,,,
Basidiomycota,Tremellomycetes,Tremellomycetes_ord_Incertae_sedis,Tremellomycetes_fam_Incertae_sedis,Tremellomycetes_gen_Incertae_sedis,Tremellomycetes_sp;sh__SH0124005.10FU,NA,NA,NA,NA,NA,NA,NA,NA,NA,NA,NA,NA,NA,NA,NA,NA,NA,NA,NA,NA,NA,NA,NA
Ascomycota,Leotiomycetes,Helotiales,Helotiales_fam_Incertae_sedis,Helotiales_gen_Incertae_sedis,Helotiales_sp;sh__SH0008363.10FU,NA,NA,NA,NA,NA,NA,NA,NA,NA,NA,NA,NA,NA,NA,NA,NA,NA,NA,NA,NA,NA,NA,NA
Ascomycota,Dothideomycetes,Venturiales,NA,NA,NA,NA,NA,NA,NA,NA,NA,NA,NA,NA,NA,NA,NA,NA,NA,NA,NA,NA,NA,NA,NA,NA,NA,NA
Mucoromycota,Endogonomycetes,GS22,GS22_fam_Incertae_sedis,GS22_gen_Incertae_sedis,GS22_sp;sh__SH0116919.10FU,NA,NA,NA,NA,NA,NA,NA,NA,NA,NA,NA,NA,NA,NA,NA,NA,NA,NA,NA,NA,NA,NA,NA
Ascomycota,Dothideomycetes,Capnodiales,Capnodiales_fam_Incertae_sedis,Capnodiales_gen_Incertae_sedis,Capnodiales_sp,NA,NA,NA,NA,NA,NA,NA,NA,NA,NA,NA,NA,NA,NA,NA,NA,NA,NA,NA,NA,NA,NA,NA
Ascomycota,Lecanoromycetes,Ostropales,Stictidaceae,Cryptodiscus,Cryptodiscus_sp;sh__SH0106452.10FU,jrk02196,Ascomycota,Lecanoromycetes,Ostropales,Stictidaceae,,lichen_parasite,fungal_decomposer,saprotroph_unspecified_some_species,,,"fungal_material,algal_material",,non-aquatic,,,filamentous_mycelium,apothecium_(hymenium_on_surface),smooth,,,,
Ascomycota,Eurotiomycetes,Sclerococcales,Dactylosporaceae,Sclerococcum,Sclerococcum_ahtii;sh__SH0135176.10FU,jrk07879,Ascomycota,Eurotiomycetes,Sclerococcales,Dactylosporaceae,,lichen_parasite,fungal_decomposer,saprotroph_unspecified_some_species,,,"fungal_material,algal_material",,non-aquatic,,,filamentous_mycelium,apothecium_(hymenium_on_surface),smooth,,,,
Ascomycota,Sordariomycetes,Hypocreales,Bionectriaceae,Nectriopsis,Nectriopsis_fuliginicola;sh__SH0141079.10FU,jrk05547,Ascomycota,Sordariomycetes,Hypocreales,Bionectriaceae,,lichen_parasite,protistan_parasite,,,,"fungal_material,algal_material",,non-aquatic,,,filamentous_mycelium,"perithecium_(hymenium_hidden,_narrow_opening)",closed,,,,
Ascomycota,Eurotiomycetes,Chaetothyriales,Herpotrichiellaceae,Capronia,Capronia_sp;sh__SH0062205.10FU,jrk01430,Ascomycota,Eurotiomycetes,Chaetothyriales,Herpotrichiellaceae,,soil_saprotroph,root_endophyte_dark_septate,"mycoparasite_some_species,animal_pathogen_some_species",root_endophyte_dark_septate,,soil,,partly_aquatic,animal_parasite/opportunistic_human_parasite,,dimorphic_yeast,"perithecium_(hymenium_hidden,_narrow_opening)",,,,,
Basidiomycota,Agaricomycetes,Auriculariales,Auriculariales_fam_Incertae_sedis,Auriculariales_gen_Incertae_sedis,Auriculariales_sp;sh__SH0160143.10FU,NA,NA,NA,NA,NA,NA,NA,NA,NA,NA,NA,NA,NA,NA,NA,NA,NA,NA,NA,NA,NA,NA,NA
Basidiomycota,Agaricomycetes,Agaricales,Mycenaceae,Mycena,Mycena_sp;sh__SH0149117.10FU,jrk05357,Basidiomycota,Agaricomycetes,Agaricales,Mycenaceae,,litter_saprotroph,root-associated,wood_saprotroph_many_species,root-associated,leaf/fruit/seed_pathogen,leaf/fruit/seed,,non-aquatic,,,filamentous_mycelium,agaricoid,gills,,,,
Ascomycota,Eurotiomycetes,Chaetothyriales,Herpotrichiellaceae,Capronia,Capronia_sp;sh__SH0150827.10FU,jrk01430,Ascomycota,Eurotiomycetes,Chaetothyriales,Herpotrichiellaceae,,soil_saprotroph,root_endophyte_dark_septate,"mycoparasite_some_species,animal_pathogen_some_species",root_endophyte_dark_septate,,soil,,partly_aquatic,animal_parasite/opportunistic_human_parasite,,dimorphic_yeast,"perithecium_(hymenium_hidden,_narrow_opening)",,,,,
Ascomycota,Pezizomycetes,Pezizales,Pyronemataceae,NA,NA,NA,NA,NA,NA,NA,NA,NA,NA,NA,NA,NA,NA,NA,NA,NA,NA,NA,NA,NA,NA,NA,NA,NA
Basidiomycota,Agaricomycetes,Sebacinales,NA,NA,NA,NA,NA,NA,NA,NA,NA,NA,NA,NA,NA,NA,NA,NA,NA,NA,NA,NA,NA,NA,NA,NA,NA,NA
Mucoromycota,Umbelopsidomycetes,Umbelopsidales,Umbelopsidaceae,Umbelopsis,Umbelopsis_sp;sh__SH0009086.10FU,jrk09156,Mucoromycota,Umbelopsidomycetes,Umbelopsidales,Umbelopsidaceae,,soil_saprotroph,root-associated,,root-associated,root-associated,"roots,soil",mold,non-aquatic,,,filamentous_mycelium,none,none,,,,
Ascomycota,Dothideomycetes,Pleosporales,Phaeosphaeriaceae,NA,NA,NA,NA,NA,NA,NA,NA,NA,NA,NA,NA,NA,NA,NA,NA,NA,NA,NA,NA,NA,NA,NA,NA,NA
Ascomycota,Eurotiomycetes,Chaetothyriales,Herpotrichiellaceae,Capronia,Capronia_sp;sh__SH0150827.10FU,jrk01430,Ascomycota,Eurotiomycetes,Chaetothyriales,Herpotrichiellaceae,,soil_saprotroph,root_endophyte_dark_septate,"mycoparasite_some_species,animal_pathogen_some_species",root_endophyte_dark_septate,,soil,,partly_aquatic,animal_parasite/opportunistic_human_parasite,,dimorphic_yeast,"perithecium_(hymenium_hidden,_narrow_opening)",,,,,
Basidiomycota,Agaricomycetes,Auriculariales,Auriculariales_fam_Incertae_sedis,Auriculariales_gen_Incertae_sedis,Auriculariales_sp;sh__SH0160142.10FU,NA,NA,NA,NA,NA,NA,NA,NA,NA,NA,NA,NA,NA,NA,NA,NA,NA,NA,NA,NA,NA,NA,NA
Ascomycota,Lecanoromycetes,Lecanorales,Lecanoraceae,Lecanora,Lecanora_farinaria;sh__SH0130481.10FU,jrk04523,Ascomycota,Lecanoromycetes,Lecanorales,Lecanoraceae,,lichenized,,,,,,,non-aquatic,,,thallus_photosynthetic,apothecium_(hymenium_on_surface),smooth,,,chlorococcoid,
Ascomycota,Leotiomycetes,Helotiales,Helotiales_fam_Incertae_sedis,Helotiales_gen_Incertae_sedis,Helotiales_sp;sh__SH0118603.10FU,NA,NA,NA,NA,NA,NA,NA,NA,NA,NA,NA,NA,NA,NA,NA,NA,NA,NA,NA,NA,NA,NA,NA
Basidiomycota,Geminibasidiomycetes,Geminibasidiales,Geminibasidiaceae,Geminibasidium,NA,jrk03363,Basidiomycota,Geminibasidiomycetes,Geminibasidiales,Geminibasidiaceae,,soil_saprotroph,,extremophile_xerophile_and_heat_resistant,,,soil,,non-aquatic,,,filamentous_mycelium,none,none,,,,
Basidiomycota,Agaricomycetes,Thelephorales,Thelephoraceae,NA,NA,NA,NA,NA,NA,NA,NA,NA,NA,NA,NA,NA,NA,NA,NA,NA,NA,NA,NA,NA,NA,NA,NA,NA
Ascomycota,Leotiomycetes,Helotiales,Helotiales_fam_Incertae_sedis,Helotiales_gen_Incertae_sedis,Helotiales_sp;sh__SH0133299.10FU,NA,NA,NA,NA,NA,NA,NA,NA,NA,NA,NA,NA,NA,NA,NA,NA,NA,NA,NA,NA,NA,NA,NA
Ascomycota,Eurotiomycetes,Chaetothyriales,Herpotrichiellaceae,Capronia,Capronia_sp;sh__SH0062158.10FU,jrk01430,Ascomycota,Eurotiomycetes,Chaetothyriales,Herpotrichiellaceae,,soil_saprotroph,root_endophyte_dark_septate,"mycoparasite_some_species,animal_pathogen_some_species",root_endophyte_dark_septate,,soil,,partly_aquatic,animal_parasite/opportunistic_human_parasite,,dimorphic_yeast,"perithecium_(hymenium_hidden,_narrow_opening)",,,,,
Ascomycota,Archaeorhizomycetes,Archaeorhizomycetales,Archaeorhizomycetaceae,Archaeorhizomyces,Archaeorhizomyces_sp,jrk00567,Ascomycota,Archaeorhizomycetes,Archaeorhizomycetales,Archaeorhizomycetaceae,,soil_saprotroph,root-associated,,root-associated,root-associated,"roots,soil",,non-aquatic,,,filamentous_mycelium,none,none,,,,
Fungi_phy_Incertae_sedis,Fungi_cls_Incertae_sedis,Fungi_ord_Incertae_sedis,Fungi_fam_Incertae_sedis,Fungi_gen_Incertae_sedis,Fungi_sp;sh__SH0075287.10FU,NA,NA,NA,NA,NA,NA,NA,NA,NA,NA,NA,NA,NA,NA,NA,NA,NA,NA,NA,NA,NA,NA,NA
Ascomycota,Sordariomycetes,Hypocreales,Ophiocordycipitaceae,Tolypocladium,Tolypocladium_sp,jrk08871,Ascomycota,Sordariomycetes,Hypocreales,Ophiocordycipitaceae,,animal_parasite,foliar_endophyte,"mycoparasite_many_species,toxin-producing",foliar_endophyte,,animal_material,,non-aquatic,animal_parasite,,filamentous_mycelium,"perithecium_(hymenium_hidden,_narrow_opening)",closed,,,,
Fungi_phy_Incertae_sedis,Fungi_cls_Incertae_sedis,Fungi_ord_Incertae_sedis,Fungi_fam_Incertae_sedis,Fungi_gen_Incertae_sedis,Fungi_sp;sh__SH0154483.10FU,NA,NA,NA,NA,NA,NA,NA,NA,NA,NA,NA,NA,NA,NA,NA,NA,NA,NA,NA,NA,NA,NA,NA
Ascomycota,Leotiomycetes,Leotiomycetes_ord_Incertae_sedis,Leotiomycetes_fam_Incertae_sedis,Leotiomycetes_gen_Incertae_sedis,Leotiomycetes_sp,NA,NA,NA,NA,NA,NA,NA,NA,NA,NA,NA,NA,NA,NA,NA,NA,NA,NA,NA,NA,NA,NA,NA
Basidiomycota,Agaricomycetes,Russulales,Russulaceae,Russula,Russula_adusta;sh__SH0018175.10FU,jrk07726,Basidiomycota,Agaricomycetes,Russulales,Russulaceae,,ectomycorrhizal,,,,,,,non-aquatic,,,filamentous_mycelium,agaricoid,gills,contact,/russula-lactarius,,
Basidiomycota,Agaricomycetes,Agaricales,Mycenaceae,Mycena,Mycena_corticalis;sh__SH0146224.10FU,jrk05357,Basidiomycota,Agaricomycetes,Agaricales,Mycenaceae,,litter_saprotroph,root-associated,wood_saprotroph_many_species,root-associated,leaf/fruit/seed_pathogen,leaf/fruit/seed,,non-aquatic,,,filamentous_mycelium,agaricoid,gills,,,,
Ascomycota,Leotiomycetes,Helotiales,NA,NA,NA,NA,NA,NA,NA,NA,NA,NA,NA,NA,NA,NA,NA,NA,NA,NA,NA,NA,NA,NA,NA,NA,NA,NA
Basidiomycota,Agaricomycetes,Atheliales,Atheliaceae,Amphinema,Amphinema_sp;sh__SH0142756.10FU,jrk00319,Basidiomycota,Agaricomycetes,Atheliales,Atheliaceae,,ectomycorrhizal,,,,,,,non-aquatic,,,filamentous_mycelium,corticioid,smooth,medium-distance_fringe,/amphinema-tylospora,,
Basidiomycota,Tremellomycetes,Tremellomycetes_ord_Incertae_sedis,Tremellomycetes_fam_Incertae_sedis,Tremellomycetes_gen_Incertae_sedis,Tremellomycetes_sp;sh__SH0124005.10FU,NA,NA,NA,NA,NA,NA,NA,NA,NA,NA,NA,NA,NA,NA,NA,NA,NA,NA,NA,NA,NA,NA,NA
Basidiomycota,Agaricomycetes,Agaricales,Hygrophoraceae,Hygrocybe,Hygrocybe_quieta;sh__SH0129294.10FU,jrk03999,Basidiomycota,Agaricomycetes,Agaricales,Hygrophoraceae,,soil_saprotroph,unspecified_symbiotroph,CHEGD_symbiotrophs,root-associated,root-associated,"roots,soil",,non-aquatic,,,filamentous_mycelium,agaricoid,gills,,,,
Ascomycota,Leotiomycetes,NA,NA,NA,NA,NA,NA,NA,NA,NA,NA,NA,NA,NA,NA,NA,NA,NA,NA,NA,NA,NA,NA,NA,NA,NA,NA,NA
NA,NA,NA,NA,NA,NA,NA,NA,NA,NA,NA,NA,NA,NA,NA,NA,NA,NA,NA,NA,NA,NA,NA,NA,NA,NA,NA,NA,NA
Ascomycota,Dothideomycetes,Venturiales,Sympoventuriaceae,NA,NA,NA,NA,NA,NA,NA,NA,NA,NA,NA,NA,NA,NA,NA,NA,NA,NA,NA,NA,NA,NA,NA,NA,NA
Ascomycota,Sordariomycetes,Sordariales,Sordariales_fam_Incertae_sedis,Sordariales_gen_Incertae_sedis,Sordariales_sp;sh__SH0118191.10FU,NA,NA,NA,NA,NA,NA,NA,NA,NA,NA,NA,NA,NA,NA,NA,NA,NA,NA,NA,NA,NA,NA,NA
Basidiomycota,Agaricomycetes,Polyporales,NA,NA,NA,NA,NA,NA,NA,NA,NA,NA,NA,NA,NA,NA,NA,NA,NA,NA,NA,NA,NA,NA,NA,NA,NA,NA
Mortierellomycota,Mortierellomycetes,Mortierellales,Mortierellaceae,Linnemannia,Linnemannia_schmuckeri;sh__SH0154888.10FU,NA,NA,NA,NA,NA,NA,NA,NA,NA,NA,NA,NA,NA,NA,NA,NA,NA,NA,NA,NA,NA,NA,NA
Ascomycota,Dothideomycetes,Dothideomycetes_ord_Incertae_sedis,Dothideomycetes_fam_Incertae_sedis,Dothideomycetes_gen_Incertae_sedis,Dothideomycetes_sp;sh__SH0094143.10FU,NA,NA,NA,NA,NA,NA,NA,NA,NA,NA,NA,NA,NA,NA,NA,NA,NA,NA,NA,NA,NA,NA,NA
Ascomycota,Leotiomycetes,Helotiales,Hyaloscyphaceae,NA,NA,NA,NA,NA,NA,NA,NA,NA,NA,NA,NA,NA,NA,NA,NA,NA,NA,NA,NA,NA,NA,NA,NA,NA
Ascomycota,NA,NA,NA,NA,NA,NA,NA,NA,NA,NA,NA,NA,NA,NA,NA,NA,NA,NA,NA,NA,NA,NA,NA,NA,NA,NA,NA,NA
NA,NA,NA,NA,NA,NA,NA,NA,NA,NA,NA,NA,NA,NA,NA,NA,NA,NA,NA,NA,NA,NA,NA,NA,NA,NA,NA,NA,NA
NA,NA,NA,NA,NA,NA,NA,NA,NA,NA,NA,NA,NA,NA,NA,NA,NA,NA,NA,NA,NA,NA,NA,NA,NA,NA,NA,NA,NA
Basidiomycota,Agaricomycetes,Agaricales,Entolomataceae,Entoloma,Entoloma_exalbidum;sh__SH0081352.10FU,jrk02963,Basidiomycota,Agaricomycetes,Agaricales,Entolomataceae,,soil_saprotroph,unspecified_symbiotroph,"CHEGD_symbiotrophs,ectomycorrhizal_ca_10%_of_species",root-associated,root-associated,"roots,soil",,non-aquatic,,,filamentous_mycelium,agaricoid,gills,medium-distance_smooth,/entoloma,,
Ascomycota,Leotiomycetes,Leotiomycetes_ord_Incertae_sedis,Leotiomycetes_fam_Incertae_sedis,Leotiomycetes_gen_Incertae_sedis,Leotiomycetes_sp;sh__SH0008535.10FU,NA,NA,NA,NA,NA,NA,NA,NA,NA,NA,NA,NA,NA,NA,NA,NA,NA,NA,NA,NA,NA,NA,NA
Ascomycota,Dothideomycetes,Dothideomycetes_ord_Incertae_sedis,Dothideomycetes_fam_Incertae_sedis,Dothideomycetes_gen_Incertae_sedis,Dothideomycetes_sp;sh__SH0020163.10FU,NA,NA,NA,NA,NA,NA,NA,NA,NA,NA,NA,NA,NA,NA,NA,NA,NA,NA,NA,NA,NA,NA,NA
Ascomycota,Leotiomycetes,Helotiales,Helotiales_fam_Incertae_sedis,Helotiales_gen_Incertae_sedis,Helotiales_sp;sh__SH0008363.10FU,NA,NA,NA,NA,NA,NA,NA,NA,NA,NA,NA,NA,NA,NA,NA,NA,NA,NA,NA,NA,NA,NA,NA
Ascomycota,Leotiomycetes,Helotiales,Helotiales_fam_Incertae_sedis,Leohumicola,Leohumicola_lenta;sh__SH0118414.10FU,jrk04577,Ascomycota,Leotiomycetes,Helotiales,Helotiales family incertae sedis,,soil_saprotroph,ericoid_mycorrhizal,,root_endophyte_dark_septate,root-associated,"soil,roots",,non-aquatic,,,filamentous_mycelium,none,none,,,,
Basidiomycota,Agaricomycetes,Agaricomycetes_ord_Incertae_sedis,Agaricomycetes_fam_Incertae_sedis,Agaricomycetes_gen_Incertae_sedis,Agaricomycetes_sp;sh__SH0078022.10FU,NA,NA,NA,NA,NA,NA,NA,NA,NA,NA,NA,NA,NA,NA,NA,NA,NA,NA,NA,NA,NA,NA,NA
Basidiomycota,Agaricomycetes,Auriculariales,Auriculariales_fam_Incertae_sedis,Auriculariales_gen_Incertae_sedis,Auriculariales_sp;sh__SH0160143.10FU,NA,NA,NA,NA,NA,NA,NA,NA,NA,NA,NA,NA,NA,NA,NA,NA,NA,NA,NA,NA,NA,NA,NA
Ascomycota,Dothideomycetes,Capnodiales,Capnodiales_fam_Incertae_sedis,Capnodiales_gen_Incertae_sedis,Capnodiales_sp,NA,NA,NA,NA,NA,NA,NA,NA,NA,NA,NA,NA,NA,NA,NA,NA,NA,NA,NA,NA,NA,NA,NA
Basidiomycota,Agaricomycetes,Agaricales,Inocybaceae,Inocybe,Inocybe_mixtilis;sh__SH0193582.10FU,jrk04145,Basidiomycota,Agaricomycetes,Agaricales,Inocybaceae,,ectomycorrhizal,,,,,,,non-aquatic,,,filamentous_mycelium,agaricoid,gills,short-distance_delicate,/inocybe,,
NA,NA,NA,NA,NA,NA,NA,NA,NA,NA,NA,NA,NA,NA,NA,NA,NA,NA,NA,NA,NA,NA,NA,NA,NA,NA,NA,NA,NA
Ascomycota,Leotiomycetes,Helotiales,Mollisiaceae,Phialocephala,Phialocephala_bamuru,jrk06481,Ascomycota,Leotiomycetes,Helotiales,Mollisiaceae,,soil_saprotroph,root_endophyte,,root_endophyte_dark_septate,root-associated,"roots,soil",,non-aquatic,,,filamentous_mycelium,apothecium_(hymenium_on_surface),smooth,,,,
Ascomycota,Sordariomycetes,Sordariomycetes_ord_Incertae_sedis,Junewangiaceae,Sporidesmiella,Sporidesmiella_pini;sh__SH0087181.10FU,jrk08269,Ascomycota,Dothideomycetes,Pleosporales,Didymosphaeriaceae,,wood_saprotroph,,,no_endophytic_capacity,,wood,,non-aquatic,,,filamentous_mycelium,"perithecium_(hymenium_hidden,_narrow_opening)",closed,,,,
Ascomycota,Dothideomycetes,Mycosphaerellales,Neodevriesiaceae,Neodevriesiaceae_gen_Incertae_sedis,Neodevriesiaceae_sp;sh__SH0147640.10FU,NA,NA,NA,NA,NA,NA,NA,NA,NA,NA,NA,NA,NA,NA,NA,NA,NA,NA,NA,NA,NA,NA,NA
Basidiomycota,Agaricomycetes,Trechisporales,Hydnodontaceae,Brevicellicium,Brevicellicium_atlanticum;sh__SH0182994.10FU,jrk01173,Basidiomycota,Agaricomycetes,Trechisporales,Hydnodontaceae,,wood_saprotroph,,,,,wood,white_rot,non-aquatic,,,filamentous_mycelium,corticioid,smooth,,,,
NA,NA,NA,NA,NA,NA,NA,NA,NA,NA,NA,NA,NA,NA,NA,NA,NA,NA,NA,NA,NA,NA,NA,NA,NA,NA,NA,NA,NA
Basidiomycota,Agaricomycetes,Agaricales,NA,NA,NA,NA,NA,NA,NA,NA,NA,NA,NA,NA,NA,NA,NA,NA,NA,NA,NA,NA,NA,NA,NA,NA,NA,NA
Rozellomycota,Rozellomycota_cls_Incertae_sedis,Rozellomycota_ord_Incertae_sedis,Rozellomycota_fam_Incertae_sedis,Rozellomycota_gen_Incertae_sedis,Rozellomycota_sp;sh__SH0009023.10FU,NA,NA,NA,NA,NA,NA,NA,NA,NA,NA,NA,NA,NA,NA,NA,NA,NA,NA,NA,NA,NA,NA,NA
NA,NA,NA,NA,NA,NA,NA,NA,NA,NA,NA,NA,NA,NA,NA,NA,NA,NA,NA,NA,NA,NA,NA,NA,NA,NA,NA,NA,NA
Basidiomycota,Geminibasidiomycetes,Geminibasidiales,Geminibasidiaceae,Geminibasidium,Geminibasidium_sp;sh__SH0174180.10FU,jrk03363,Basidiomycota,Geminibasidiomycetes,Geminibasidiales,Geminibasidiaceae,,soil_saprotroph,,extremophile_xerophile_and_heat_resistant,,,soil,,non-aquatic,,,filamentous_mycelium,none,none,,,,
Basidiomycota,Agaricomycetes,Agaricales,Stephanosporaceae,Lindtneria,Lindtneria_trachyspora;sh__SH0019481.10FU,jrk09588,Basidiomycota,Agaricomycetes,Agaricales,Stephanosporaceae,,wood_saprotroph,,,,,wood,white_rot,non-aquatic,,,filamentous_mycelium,corticioid,smooth,,,,
Basidiomycota,Agaricomycetes,Agaricales,Inocybaceae,Inocybe,Inocybe_soluta;sh__SH0140035.10FU,jrk04145,Basidiomycota,Agaricomycetes,Agaricales,Inocybaceae,,ectomycorrhizal,,,,,,,non-aquatic,,,filamentous_mycelium,agaricoid,gills,short-distance_delicate,/inocybe,,
Basidiomycota,Agaricomycetes,Agaricales,Clavariaceae,Clavariaceae_gen_Incertae_sedis,Clavariaceae_sp;sh__SH0142194.10FU,NA,NA,NA,NA,NA,NA,NA,NA,NA,NA,NA,NA,NA,NA,NA,NA,NA,NA,NA,NA,NA,NA,NA
Ascomycota,NA,NA,NA,NA,NA,NA,NA,NA,NA,NA,NA,NA,NA,NA,NA,NA,NA,NA,NA,NA,NA,NA,NA,NA,NA,NA,NA,NA
Basidiomycota,Agaricomycetes,Agaricales,Cortinariaceae,Cortinarius,NA,jrk02100,Basidiomycota,Agaricomycetes,Agaricales,Cortinariaceae,,ectomycorrhizal,,,,,,,non-aquatic,,,filamentous_mycelium,agaricoid,gills,medium-distance_fringe,/cortinarius,,
Basidiomycota,Tremellomycetes,Tremellales,Phaeotremellaceae,Phaeotremella,Phaeotremella_sp;sh__SH0062448.10FU,jrk06446,Basidiomycota,Tremellomycetes,Tremellales,Phaeotremellaceae,,mycoparasite,fungal_decomposer,,,,fungal_material,,non-aquatic,,,dimorphic_yeast,tremelloid,,,,,
Basidiomycota,Tremellomycetes,Trichosporonales,Trichosporonales_fam_Incertae_sedis,Trichosporonales_gen_Incertae_sedis,Trichosporonales_sp;sh__SH0164345.10FU,NA,NA,NA,NA,NA,NA,NA,NA,NA,NA,NA,NA,NA,NA,NA,NA,NA,NA,NA,NA,NA,NA,NA
Basidiomycota,NA,NA,NA,NA,NA,NA,NA,NA,NA,NA,NA,NA,NA,NA,NA,NA,NA,NA,NA,NA,NA,NA,NA,NA,NA,NA,NA,NA
Ascomycota,Leotiomycetes,Helotiales,Helotiales_fam_Incertae_sedis,Helotiales_gen_Incertae_sedis,Helotiales_sp;sh__SH0101870.10FU,NA,NA,NA,NA,NA,NA,NA,NA,NA,NA,NA,NA,NA,NA,NA,NA,NA,NA,NA,NA,NA,NA,NA
Ascomycota,Leotiomycetes,Helotiales,Leptodontidiaceae,Leptodontidium,Leptodontidium_sp;sh__SH0147101.10FU,jrk04605,Ascomycota,Leotiomycetes,Helotiales,Leptodontidiaceae,,litter_saprotroph,ericoid_mycorrhizal,,root_endophyte_dark_septate,,leaf/fruit/seed,,partly_aquatic,,,filamentous_mycelium,None,none,,,,
Basidiomycota,NA,NA,NA,NA,NA,NA,NA,NA,NA,NA,NA,NA,NA,NA,NA,NA,NA,NA,NA,NA,NA,NA,NA,NA,NA,NA,NA,NA
Mortierellomycota,Mortierellomycetes,Mortierellales,Mortierellaceae,NA,NA,NA,NA,NA,NA,NA,NA,NA,NA,NA,NA,NA,NA,NA,NA,NA,NA,NA,NA,NA,NA,NA,NA,NA
Mortierellomycota,Mortierellomycetes,Mortierellales,Mortierellaceae,Mortierella,Mortierella_tsukubaensis;sh__SH0192871.10FU,jrk05302,Mortierellomycota,Mortierellomycetes,Mortierellales,Mortierellaceae,,soil_saprotroph,root-associated,,root-associated,root-associated,"roots,soil",chitinolytic,partly_aquatic,opportunistic_human_parasite,,filamentous_mycelium,none,none,,,,
Ascomycota,Dothideomycetes,Pleosporales,Melanommataceae,Camposporium,Camposporium_appendiculatum;sh__SH0097171.10FU,jrk01380,Ascomycota,Dothideomycetes,Pleosporales,Melanommataceae,,wood_saprotroph,,,no_endophytic_capacity,,wood,,non-aquatic,,,filamentous_mycelium,other,,,,,
Ascomycota,Pezizomycetes,Pezizales,Pyronemataceae,Lamprospora,Lamprospora_sylvatica;sh__SH0110234.10FU,jrk04453,Ascomycota,Pezizomycetes,Pezizales,Pyronemataceae,,moss_symbiont,,,moss-associated,moss-associated,,,non-aquatic,,mosses,filamentous_mycelium,apothecium_(hymenium_on_surface),smooth,,,,
Ascomycota,Leotiomycetes,Helotiales,Gelatinodiscaceae,Ascocoryne,Ascocoryne_sp,jrk00658,Ascomycota,Leotiomycetes,Helotiales,Gelatinodiscaceae,,wood_saprotroph,,,,,wood,,non-aquatic,,,filamentous_mycelium,apothecium_(hymenium_on_surface),smooth,,,,
Ascomycota,Dothideomycetes,Venturiales,NA,NA,NA,NA,NA,NA,NA,NA,NA,NA,NA,NA,NA,NA,NA,NA,NA,NA,NA,NA,NA,NA,NA,NA,NA,NA
NA,NA,NA,NA,NA,NA,NA,NA,NA,NA,NA,NA,NA,NA,NA,NA,NA,NA,NA,NA,NA,NA,NA,NA,NA,NA,NA,NA,NA
Basidiomycota,Agaricomycetes,Russulales,Russulaceae,Russula,Russula_brunneoviolacea;sh__SH0152430.10FU,jrk07726,Basidiomycota,Agaricomycetes,Russulales,Russulaceae,,ectomycorrhizal,,,,,,,non-aquatic,,,filamentous_mycelium,agaricoid,gills,contact,/russula-lactarius,,
Mucoromycota,Umbelopsidomycetes,Umbelopsidales,Umbelopsidaceae,Umbelopsis,Umbelopsis_sp;sh__SH0009100.10FU,jrk09156,Mucoromycota,Umbelopsidomycetes,Umbelopsidales,Umbelopsidaceae,,soil_saprotroph,root-associated,,root-associated,root-associated,"roots,soil",mold,non-aquatic,,,filamentous_mycelium,none,none,,,,
Basidiomycota,Agaricomycetes,Cantharellales,Hydnaceae,Sistotrema,Sistotrema_sp;sh__SH0068106.10FU,jrk08105,Basidiomycota,Agaricomycetes,Cantharellales,Cantharellales family incertae sedis,,litter_saprotroph,,ectomycorrhizal_many_species,,,leaf/fruit/seed,,non-aquatic,,,filamentous_mycelium,corticioid,smooth,medium-distance_fringe,/cantharellus,,
Chytridiomycota,Spizellomycetes,Spizellomycetales,Powellomycetaceae,Powellomycetaceae_gen_Incertae_sedis,Powellomycetaceae_sp;sh__SH0186045.10FU,NA,NA,NA,NA,NA,NA,NA,NA,NA,NA,NA,NA,NA,NA,NA,NA,NA,NA,NA,NA,NA,NA,NA
Ascomycota,Leotiomycetes,Leotiomycetes_ord_Incertae_sedis,Leotiomycetes_fam_Incertae_sedis,Leotiomycetes_gen_Incertae_sedis,Leotiomycetes_sp;sh__SH0158609.10FU,NA,NA,NA,NA,NA,NA,NA,NA,NA,NA,NA,NA,NA,NA,NA,NA,NA,NA,NA,NA,NA,NA,NA
Basidiomycota,Microbotryomycetes,Leucosporidiales,Leucosporidiaceae,Leucosporidium,Leucosporidium_sp;sh__SH0194939.10FU,jrk04665,Basidiomycota,Microbotryomycetes,Microbotryales,Leucosporidiaceae,,soil_saprotroph,,,,,soil,,partly_aquatic,,,yeast,none,none,,,,
Ascomycota,Dothideomycetes,Pleosporales,NA,NA,NA,NA,NA,NA,NA,NA,NA,NA,NA,NA,NA,NA,NA,NA,NA,NA,NA,NA,NA,NA,NA,NA,NA,NA
Ascomycota,Leotiomycetes,Helotiales,Mollisiaceae,Phialocephala,Phialocephala_sp;sh__SH0083100.10FU,jrk06481,Ascomycota,Leotiomycetes,Helotiales,Mollisiaceae,,soil_saprotroph,root_endophyte,,root_endophyte_dark_septate,root-associated,"roots,soil",,non-aquatic,,,filamentous_mycelium,apothecium_(hymenium_on_surface),smooth,,,,
Basidiomycota,Tremellomycetes,Filobasidiales,Filobasidiaceae,Goffeauzyma,Goffeauzyma_gastrica;sh__SH0123701.10FU,jrk03497,Basidiomycota,Tremellomycetes,Filobasidiales,Filobasidiaceae,,soil_saprotroph,litter_saprotroph,,,,"leaf/fruit/seed,soil",,non-aquatic,,,yeast,none,none,,,,
Ascomycota,Eurotiomycetes,Onygenales,Onygenaceae,Chrysosporium,Chrysosporium_undulatum;sh__SH0074055.10FU,jrk01745,Ascomycota,Eurotiomycetes,Onygenales,Onygenaceae,,wood_saprotroph,,,,,wood,soft_rot,partly_aquatic,,,filamentous_mycelium,none,,,,,
Basidiomycota,Basidiomycota_cls_Incertae_sedis,Basidiomycota_ord_Incertae_sedis,Basidiomycota_fam_Incertae_sedis,Basidiomycota_gen_Incertae_sedis,Basidiomycota_sp;sh__SH0150268.10FU,NA,NA,NA,NA,NA,NA,NA,NA,NA,NA,NA,NA,NA,NA,NA,NA,NA,NA,NA,NA,NA,NA,NA
Basidiomycota,Agaricomycetes,Hymenochaetales,Schizoporaceae,Xylodon,Xylodon_sp;sh__SH0182112.10FU,jrk09485,Basidiomycota,Agaricomycetes,Hymenochaetales,Schizoporaceae,,wood_saprotroph,,,,,wood,white_rot,partly_aquatic,,,filamentous_mycelium,corticioid,hydnoid,,,,
Ascomycota,Leotiomycetes,Leotiomycetes_ord_Incertae_sedis,Leotiomycetes_fam_Incertae_sedis,Leotiomycetes_gen_Incertae_sedis,Leotiomycetes_sp;sh__SH0085771.10FU,NA,NA,NA,NA,NA,NA,NA,NA,NA,NA,NA,NA,NA,NA,NA,NA,NA,NA,NA,NA,NA,NA,NA
Ascomycota,Eurotiomycetes,Chaetothyriales,Herpotrichiellaceae,Herpotrichiellaceae_gen_Incertae_sedis,Herpotrichiellaceae_sp;sh__SH0069741.10FU,NA,NA,NA,NA,NA,NA,NA,NA,NA,NA,NA,NA,NA,NA,NA,NA,NA,NA,NA,NA,NA,NA,NA
Basidiomycota,Agaricomycetes,Thelephorales,Thelephoraceae,Tomentella,Tomentella_sp;sh__SH0127848.10FU,jrk08875,Basidiomycota,Agaricomycetes,Thelephorales,Thelephoraceae,,ectomycorrhizal,,,,,,,non-aquatic,,,filamentous_mycelium,corticioid,smooth,medium-distance_smooth,/tomentella-thelephora,,
NA,NA,NA,NA,NA,NA,NA,NA,NA,NA,NA,NA,NA,NA,NA,NA,NA,NA,NA,NA,NA,NA,NA,NA,NA,NA,NA,NA,NA
Rozellomycota,Rozellomycota_cls_Incertae_sedis,Rozellomycota_ord_Incertae_sedis,Rozellomycota_fam_Incertae_sedis,Rozellomycota_gen_Incertae_sedis,Rozellomycota_sp;sh__SH0151066.10FU,NA,NA,NA,NA,NA,NA,NA,NA,NA,NA,NA,NA,NA,NA,NA,NA,NA,NA,NA,NA,NA,NA,NA
Basidiomycota,Agaricomycetes,Cantharellales,Ceratobasidiaceae,Ceratobasidium,Ceratobasidium_sp;sh__SH0171765.10FU,jrk01540,Basidiomycota,Agaricomycetes,Cantharellales,Ceratobasidiaceae,,plant_pathogen,litter_saprotroph,ectomycorrhizal_1%_of_species/Orchid_Mycorrhizal_most_species,,leaf/fruit/seed_pathogen,"leaf/fruit/seed,roots,soil",,non-aquatic,,,filamentous_mycelium,corticioid,smooth,,,,
Ascomycota,Dothideomycetes,Pleosporales,Phaeosphaeriaceae,Ophiosphaerella,Ophiosphaerella_sp;sh__SH0161762.10FU,jrk05941,Ascomycota,Dothideomycetes,Pleosporales,Phaeosphaeriaceae,,plant_pathogen,litter_saprotroph,,no_endophytic_capacity,leaf/fruit/seed_pathogen,leaf/fruit/seed,,partly_freshwater_(partly_non-aquatic),,,filamentous_mycelium,"perithecium_(hymenium_hidden,_narrow_opening)",closed,,,,
Ascomycota,Leotiomycetes,Helotiales,Hyaloscyphaceae,NA,NA,NA,NA,NA,NA,NA,NA,NA,NA,NA,NA,NA,NA,NA,NA,NA,NA,NA,NA,NA,NA,NA,NA,NA
Ascomycota,Eurotiomycetes,Chaetothyriales,Chaetothyriales_fam_Incertae_sedis,Chaetothyriales_gen_Incertae_sedis,Chaetothyriales_sp;sh__SH0003926.10FU,NA,NA,NA,NA,NA,NA,NA,NA,NA,NA,NA,NA,NA,NA,NA,NA,NA,NA,NA,NA,NA,NA,NA
Mortierellomycota,Mortierellomycetes,Mortierellales,Mortierellaceae,Mortierella,Mortierella_sp;sh__SH0192867.10FU,jrk05302,Mortierellomycota,Mortierellomycetes,Mortierellales,Mortierellaceae,,soil_saprotroph,root-associated,,root-associated,root-associated,"roots,soil",chitinolytic,partly_aquatic,opportunistic_human_parasite,,filamentous_mycelium,none,none,,,,
Basidiomycota,Agaricomycetes,Agaricales,Cortinariaceae,Cortinarius,NA,jrk02100,Basidiomycota,Agaricomycetes,Agaricales,Cortinariaceae,,ectomycorrhizal,,,,,,,non-aquatic,,,filamentous_mycelium,agaricoid,gills,medium-distance_fringe,/cortinarius,,
Ascomycota,Eurotiomycetes,Chaetothyriales,Herpotrichiellaceae,Cladophialophora,Cladophialophora_sp;sh__SH0005786.10FU,jrk01805,Ascomycota,Eurotiomycetes,Chaetothyriales,Herpotrichiellaceae,,soil_saprotroph,root_endophyte_dark_septate,"mycoparasite_some_species,animal_pathogen_some_species",root_endophyte_dark_septate,,soil,,non-aquatic,animal_parasite/opportunistic_human_parasite,,dimorphic_yeast,none,,,,,
Ascomycota,Dothideomycetes,Pleosporales,Pleosporaceae,Pleosporaceae_gen_Incertae_sedis,Pleosporaceae_sp;sh__SH0167097.10FU,NA,NA,NA,NA,NA,NA,NA,NA,NA,NA,NA,NA,NA,NA,NA,NA,NA,NA,NA,NA,NA,NA,NA
Chytridiomycota,Rhizophydiomycetes,Rhizophydiales,Rhizophydiales_fam_Incertae_sedis,Rhizophydiales_gen_Incertae_sedis,Rhizophydiales_sp;sh__SH0082498.10FU,NA,NA,NA,NA,NA,NA,NA,NA,NA,NA,NA,NA,NA,NA,NA,NA,NA,NA,NA,NA,NA,NA,NA
Ascomycota,Pezizomycetes,Pezizales,Discinaceae,Hydnotrya,NA,jrk03986,Ascomycota,Pezizomycetes,Pezizales,Discinaceae,,ectomycorrhizal,,,,,,,non-aquatic,,,filamentous_mycelium,gasteroid-hypogeous,closed,contact,/hydnotrya,,
Fungi_phy_Incertae_sedis,Fungi_cls_Incertae_sedis,Fungi_ord_Incertae_sedis,Fungi_fam_Incertae_sedis,Fungi_gen_Incertae_sedis,Fungi_sp;sh__SH0190126.10FU,NA,NA,NA,NA,NA,NA,NA,NA,NA,NA,NA,NA,NA,NA,NA,NA,NA,NA,NA,NA,NA,NA,NA
Glomeromycota,Archaeosporomycetes,Archaeosporales,Ambisporaceae,Ambispora,Ambispora_sp;sh__SH0005565.10FU,jrk00278,Glomeromycota,Archaeosporomycetes,Archaeosporales,Ambisporaceae,,arbuscular_mycorrhizal,root-associated,,root_endophyte,,,,,,,filamentous_mycelium,none,none,,,,
Mucoromycota,Umbelopsidomycetes,Umbelopsidales,Umbelopsidaceae,Umbelopsis,Umbelopsis_ovata;sh__SH0009075.10FU,jrk09156,Mucoromycota,Umbelopsidomycetes,Umbelopsidales,Umbelopsidaceae,,soil_saprotroph,root-associated,,root-associated,root-associated,"roots,soil",mold,non-aquatic,,,filamentous_mycelium,none,none,,,,
Ascomycota,Eurotiomycetes,Chaetothyriales,Chaetothyriales_fam_Incertae_sedis,Chaetothyriales_gen_Incertae_sedis,Chaetothyriales_sp;sh__SH0062378.10FU,NA,NA,NA,NA,NA,NA,NA,NA,NA,NA,NA,NA,NA,NA,NA,NA,NA,NA,NA,NA,NA,NA,NA
Ascomycota,Dothideomycetes,Pleosporales,Pleosporales_fam_Incertae_sedis,Pleosporales_gen_Incertae_sedis,Pleosporales_sp;sh__SH0097197.10FU,NA,NA,NA,NA,NA,NA,NA,NA,NA,NA,NA,NA,NA,NA,NA,NA,NA,NA,NA,NA,NA,NA,NA
Basidiomycota,Agaricomycetes,Agaricales,Inocybaceae,Inocybe,Inocybe_gaiana;sh__SH0179037.10FU,jrk04145,Basidiomycota,Agaricomycetes,Agaricales,Inocybaceae,,ectomycorrhizal,,,,,,,non-aquatic,,,filamentous_mycelium,agaricoid,gills,short-distance_delicate,/inocybe,,
Ascomycota,Leotiomycetes,Helotiales,Helotiales_fam_Incertae_sedis,Helotiales_gen_Incertae_sedis,Helotiales_sp;sh__SH0013028.10FU,NA,NA,NA,NA,NA,NA,NA,NA,NA,NA,NA,NA,NA,NA,NA,NA,NA,NA,NA,NA,NA,NA,NA
Basidiomycota,Agaricomycetes,Atheliales,Atheliaceae,Atheliaceae_gen_Incertae_sedis,Atheliaceae_sp;sh__SH0142787.10FU,NA,NA,NA,NA,NA,NA,NA,NA,NA,NA,NA,NA,NA,NA,NA,NA,NA,NA,NA,NA,NA,NA,NA
Ascomycota,Leotiomycetes,Helotiales,NA,NA,NA,NA,NA,NA,NA,NA,NA,NA,NA,NA,NA,NA,NA,NA,NA,NA,NA,NA,NA,NA,NA,NA,NA,NA
Entorrhizomycota,Entorrhizomycetes,Entorrhizales,Entorrhizales_fam_Incertae_sedis,Entorrhizales_gen_Incertae_sedis,Entorrhizales_sp;sh__SH0020599.10FU,NA,NA,NA,NA,NA,NA,NA,NA,NA,NA,NA,NA,NA,NA,NA,NA,NA,NA,NA,NA,NA,NA,NA
Chytridiomycota,Spizellomycetes,Spizellomycetales,Spizellomycetales_fam_Incertae_sedis,Spizellomycetales_gen_Incertae_sedis,Spizellomycetales_sp;sh__SH0156193.10FU,NA,NA,NA,NA,NA,NA,NA,NA,NA,NA,NA,NA,NA,NA,NA,NA,NA,NA,NA,NA,NA,NA,NA
Basidiomycota,Agaricomycetes,Agaricales,Entolomataceae,Entoloma,Entoloma_cocles;sh__SH0017243.10FU,jrk02963,Basidiomycota,Agaricomycetes,Agaricales,Entolomataceae,,soil_saprotroph,unspecified_symbiotroph,"CHEGD_symbiotrophs,ectomycorrhizal_ca_10%_of_species",root-associated,root-associated,"roots,soil",,non-aquatic,,,filamentous_mycelium,agaricoid,gills,medium-distance_smooth,/entoloma,,
Ascomycota,Ascomycota_cls_Incertae_sedis,Ascomycota_ord_Incertae_sedis,Ascomycota_fam_Incertae_sedis,Ascomycota_gen_Incertae_sedis,Ascomycota_sp;sh__SH0037690.10FU,NA,NA,NA,NA,NA,NA,NA,NA,NA,NA,NA,NA,NA,NA,NA,NA,NA,NA,NA,NA,NA,NA,NA
Ascomycota,Dothideomycetes,Venturiales,Sympoventuriaceae,Sympoventuria,Sympoventuria_melaleucae;sh__SH0009639.10FU,jrk08545,Ascomycota,Dothideomycetes,Venturiales,Sympoventuriaceae,,litter_saprotroph,,,,,leaf/fruit/seed,,non-aquatic,,,filamentous_mycelium,"perithecium_(hymenium_hidden,_narrow_opening)",closed,,,,
Ascomycota,Dothideomycetes,Pleosporales,Pleosporales_fam_Incertae_sedis,Pleosporales_gen_Incertae_sedis,Pleosporales_sp;sh__SH0080785.10FU,NA,NA,NA,NA,NA,NA,NA,NA,NA,NA,NA,NA,NA,NA,NA,NA,NA,NA,NA,NA,NA,NA,NA
Ascomycota,Ascomycota_cls_Incertae_sedis,Ascomycota_ord_Incertae_sedis,Ascomycota_fam_Incertae_sedis,Ascomycota_gen_Incertae_sedis,Ascomycota_sp,NA,NA,NA,NA,NA,NA,NA,NA,NA,NA,NA,NA,NA,NA,NA,NA,NA,NA,NA,NA,NA,NA,NA
Ascomycota,Eurotiomycetes,Chaetothyriales,Chaetothyriales_fam_Incertae_sedis,Chaetothyriales_gen_Incertae_sedis,Chaetothyriales_sp;sh__SH0190013.10FU,NA,NA,NA,NA,NA,NA,NA,NA,NA,NA,NA,NA,NA,NA,NA,NA,NA,NA,NA,NA,NA,NA,NA
Ascomycota,Dothideomycetes,Dothideomycetes_ord_Incertae_sedis,Dothideomycetes_fam_Incertae_sedis,Dothideomycetes_gen_Incertae_sedis,Dothideomycetes_sp;sh__SH0129515.10FU,NA,NA,NA,NA,NA,NA,NA,NA,NA,NA,NA,NA,NA,NA,NA,NA,NA,NA,NA,NA,NA,NA,NA
Basidiomycota,Agaricomycetes,Agaricomycetes_ord_Incertae_sedis,Agaricomycetes_fam_Incertae_sedis,Agaricomycetes_gen_Incertae_sedis,Agaricomycetes_sp;sh__SH0031715.10FU,NA,NA,NA,NA,NA,NA,NA,NA,NA,NA,NA,NA,NA,NA,NA,NA,NA,NA,NA,NA,NA,NA,NA
Ascomycota,Eurotiomycetes,Chaetothyriales,Herpotrichiellaceae,Cladophialophora,Cladophialophora_sp;sh__SH0005787.10FU,jrk01805,Ascomycota,Eurotiomycetes,Chaetothyriales,Herpotrichiellaceae,,soil_saprotroph,root_endophyte_dark_septate,"mycoparasite_some_species,animal_pathogen_some_species",root_endophyte_dark_septate,,soil,,non-aquatic,animal_parasite/opportunistic_human_parasite,,dimorphic_yeast,none,,,,,
Ascomycota,Eurotiomycetes,Chaetothyriales,Chaetothyriales_fam_Incertae_sedis,Chaetothyriales_gen_Incertae_sedis,Chaetothyriales_sp;sh__SH0062378.10FU,NA,NA,NA,NA,NA,NA,NA,NA,NA,NA,NA,NA,NA,NA,NA,NA,NA,NA,NA,NA,NA,NA,NA
Ascomycota,Eurotiomycetes,Chaetothyriales,Herpotrichiellaceae,Cladophialophora,Cladophialophora_cabanerensis;sh__SH0164890.10FU,jrk01805,Ascomycota,Eurotiomycetes,Chaetothyriales,Herpotrichiellaceae,,soil_saprotroph,root_endophyte_dark_septate,"mycoparasite_some_species,animal_pathogen_some_species",root_endophyte_dark_septate,,soil,,non-aquatic,animal_parasite/opportunistic_human_parasite,,dimorphic_yeast,none,,,,,
Ascomycota,Eurotiomycetes,Chaetothyriales,Herpotrichiellaceae,Cladophialophora,Cladophialophora_sp;sh__SH0154024.10FU,jrk01805,Ascomycota,Eurotiomycetes,Chaetothyriales,Herpotrichiellaceae,,soil_saprotroph,root_endophyte_dark_septate,"mycoparasite_some_species,animal_pathogen_some_species",root_endophyte_dark_septate,,soil,,non-aquatic,animal_parasite/opportunistic_human_parasite,,dimorphic_yeast,none,,,,,
Basidiomycota,Basidiomycota_cls_Incertae_sedis,Basidiomycota_ord_Incertae_sedis,Basidiomycota_fam_Incertae_sedis,Basidiomycota_gen_Incertae_sedis,Basidiomycota_sp;sh__SH0204479.10FU,NA,NA,NA,NA,NA,NA,NA,NA,NA,NA,NA,NA,NA,NA,NA,NA,NA,NA,NA,NA,NA,NA,NA
Fungi_phy_Incertae_sedis,Fungi_cls_Incertae_sedis,Fungi_ord_Incertae_sedis,Fungi_fam_Incertae_sedis,Fungi_gen_Incertae_sedis,Fungi_sp;sh__SH0154483.10FU,NA,NA,NA,NA,NA,NA,NA,NA,NA,NA,NA,NA,NA,NA,NA,NA,NA,NA,NA,NA,NA,NA,NA
Mortierellomycota,Mortierellomycetes,Mortierellales,Mortierellaceae,Gryganskiella,Gryganskiella_cystojenkinii;sh__SH0089556.10FU,NA,NA,NA,NA,NA,NA,NA,NA,NA,NA,NA,NA,NA,NA,NA,NA,NA,NA,NA,NA,NA,NA,NA
Ascomycota,Ascomycota_cls_Incertae_sedis,Ascomycota_ord_Incertae_sedis,Ascomycota_fam_Incertae_sedis,Ascomycota_gen_Incertae_sedis,Ascomycota_sp;sh__SH0110602.10FU,NA,NA,NA,NA,NA,NA,NA,NA,NA,NA,NA,NA,NA,NA,NA,NA,NA,NA,NA,NA,NA,NA,NA
Basidiomycota,Agaricomycetes,Sebacinales,Serendipitaceae,Serendipita,Serendipita_sp;sh__SH0066911.10FU,jrk08004,Basidiomycota,Agaricomycetes,Sebacinales,Serendipitaceae,,root_endophyte,soil_saprotroph,ectomycorrhizal_1%_species/ericoid_mycorrhizal_many_species/orchid_mycorrhizal,root_endophyte,,soil,,non-aquatic,,,filamentous_mycelium,none,none,,,,
Ascomycota,Leotiomycetes,Helotiales,Helotiales_fam_Incertae_sedis,Helotiales_gen_Incertae_sedis,Helotiales_sp;sh__SH0118482.10FU,NA,NA,NA,NA,NA,NA,NA,NA,NA,NA,NA,NA,NA,NA,NA,NA,NA,NA,NA,NA,NA,NA,NA
Ascomycota,Sordariomycetes,Sordariales,Sordariales_fam_Incertae_sedis,Sordariales_gen_Incertae_sedis,Sordariales_sp;sh__SH0175649.10FU,NA,NA,NA,NA,NA,NA,NA,NA,NA,NA,NA,NA,NA,NA,NA,NA,NA,NA,NA,NA,NA,NA,NA
Basidiomycota,Agaricomycetes,Amylocorticiales,Amylocorticiaceae,Ceraceomyces,Ceraceomyces_tessulatus;sh__SH0184120.10FU,jrk01532,Basidiomycota,Agaricomycetes,Amylocorticiales,Amylocorticiaceae,,wood_saprotroph,,,,,wood,white_rot,non-aquatic,,,filamentous_mycelium,corticioid,smooth,,,,
Rozellomycota,Rozellomycota_cls_Incertae_sedis,Rozellomycota_ord_Incertae_sedis,Rozellomycota_fam_Incertae_sedis,Rozellomycota_gen_Incertae_sedis,Rozellomycota_sp;sh__SH0008285.10FU,NA,NA,NA,NA,NA,NA,NA,NA,NA,NA,NA,NA,NA,NA,NA,NA,NA,NA,NA,NA,NA,NA,NA
Basidiomycota,Agaricomycetes,Agaricales,Hydnangiaceae,NA,NA,NA,NA,NA,NA,NA,NA,NA,NA,NA,NA,NA,NA,NA,NA,NA,NA,NA,NA,NA,NA,NA,NA,NA
Ascomycota,Leotiomycetes,NA,NA,NA,NA,NA,NA,NA,NA,NA,NA,NA,NA,NA,NA,NA,NA,NA,NA,NA,NA,NA,NA,NA,NA,NA,NA,NA
Ascomycota,Sordariomycetes,Atractosporales,Conlariaceae,Conlarium,Conlarium_baiseense;sh__SH0149452.10FU,jrk02024,Ascomycota,Sordariomycetes,Atractosporales,Conlariaceae,,wood_saprotroph,,,,,wood,,partly_freshwater_(partly_non-aquatic),,,filamentous_mycelium,"perithecium_(hymenium_hidden,_narrow_opening)",closed,,,,
Ascomycota,Eurotiomycetes,Chaetothyriales,Herpotrichiellaceae,Cladophialophora,Cladophialophora_sp;sh__SH0061963.10FU,jrk01805,Ascomycota,Eurotiomycetes,Chaetothyriales,Herpotrichiellaceae,,soil_saprotroph,root_endophyte_dark_septate,"mycoparasite_some_species,animal_pathogen_some_species",root_endophyte_dark_septate,,soil,,non-aquatic,animal_parasite/opportunistic_human_parasite,,dimorphic_yeast,none,,,,,
Ascomycota,Leotiomycetes,Helotiales,Hyaloscyphaceae,Hyaloscyphaceae_gen_Incertae_sedis,Hyaloscyphaceae_sp;sh__SH0118530.10FU,NA,NA,NA,NA,NA,NA,NA,NA,NA,NA,NA,NA,NA,NA,NA,NA,NA,NA,NA,NA,NA,NA,NA
Basidiomycota,Agaricomycetes,Agaricales,Entolomataceae,Entoloma,Entoloma_mougeotii;sh__SH0107852.10FU,jrk02963,Basidiomycota,Agaricomycetes,Agaricales,Entolomataceae,,soil_saprotroph,unspecified_symbiotroph,"CHEGD_symbiotrophs,ectomycorrhizal_ca_10%_of_species",root-associated,root-associated,"roots,soil",,non-aquatic,,,filamentous_mycelium,agaricoid,gills,medium-distance_smooth,/entoloma,,
Ascomycota,Pezizomycotina_cls_Incertae_sedis,Pezizomycotina_ord_Incertae_sedis,Pezizomycotina_fam_Incertae_sedis,Pezizomycotina_gen_Incertae_sedis,Pezizomycotina_sp;sh__SH0163271.10FU,NA,NA,NA,NA,NA,NA,NA,NA,NA,NA,NA,NA,NA,NA,NA,NA,NA,NA,NA,NA,NA,NA,NA
Ascomycota,Leotiomycetes,Helotiales,Helotiales_fam_Incertae_sedis,Durella,Durella_connivens;sh__SH0088001.10FU,jrk02795,Ascomycota,Leotiomycetes,Helotiales,Helotiales family incertae sedis,,wood_saprotroph,,,,,wood,,non-aquatic,,,filamentous_mycelium,apothecium_(hymenium_on_surface),smooth,,,,
Ascomycota,Sordariomycetes,Hypocreales,Clavicipitaceae,NA,NA,NA,NA,NA,NA,NA,NA,NA,NA,NA,NA,NA,NA,NA,NA,NA,NA,NA,NA,NA,NA,NA,NA,NA
Ascomycota,Leotiomycetes,Leotiales,NA,NA,NA,NA,NA,NA,NA,NA,NA,NA,NA,NA,NA,NA,NA,NA,NA,NA,NA,NA,NA,NA,NA,NA,NA,NA
Fungi_phy_Incertae_sedis,Fungi_cls_Incertae_sedis,Fungi_ord_Incertae_sedis,Fungi_fam_Incertae_sedis,Fungi_gen_Incertae_sedis,Fungi_sp;sh__SH0190126.10FU,NA,NA,NA,NA,NA,NA,NA,NA,NA,NA,NA,NA,NA,NA,NA,NA,NA,NA,NA,NA,NA,NA,NA
Ascomycota,Saccharomycetes,Saccharomycetales,Saccharomycetales_fam_Incertae_sedis,Saccharomycetales_gen_Incertae_sedis,Saccharomycetales_sp;sh__SH0188954.10FU,NA,NA,NA,NA,NA,NA,NA,NA,NA,NA,NA,NA,NA,NA,NA,NA,NA,NA,NA,NA,NA,NA,NA
Basidiomycota,Agaricomycetes,Thelephorales,Thelephoraceae,Tomentella,Tomentella_sp;sh__SH0126340.10FU,jrk08875,Basidiomycota,Agaricomycetes,Thelephorales,Thelephoraceae,,ectomycorrhizal,,,,,,,non-aquatic,,,filamentous_mycelium,corticioid,smooth,medium-distance_smooth,/tomentella-thelephora,,
Ascomycota,Leotiomycetes,Helotiales,Helotiales_fam_Incertae_sedis,Helotiales_gen_Incertae_sedis,Helotiales_sp;sh__SH0078242.10FU,NA,NA,NA,NA,NA,NA,NA,NA,NA,NA,NA,NA,NA,NA,NA,NA,NA,NA,NA,NA,NA,NA,NA
NA,NA,NA,NA,NA,NA,NA,NA,NA,NA,NA,NA,NA,NA,NA,NA,NA,NA,NA,NA,NA,NA,NA,NA,NA,NA,NA,NA,NA
Ascomycota,Lecanoromycetes,NA,NA,NA,NA,NA,NA,NA,NA,NA,NA,NA,NA,NA,NA,NA,NA,NA,NA,NA,NA,NA,NA,NA,NA,NA,NA,NA
NA,NA,NA,NA,NA,NA,NA,NA,NA,NA,NA,NA,NA,NA,NA,NA,NA,NA,NA,NA,NA,NA,NA,NA,NA,NA,NA,NA,NA
NA,NA,NA,NA,NA,NA,NA,NA,NA,NA,NA,NA,NA,NA,NA,NA,NA,NA,NA,NA,NA,NA,NA,NA,NA,NA,NA,NA,NA
Basidiomycota,Agaricomycetes,Atheliales,Atheliales_fam_Incertae_sedis,Atheliales_gen_Incertae_sedis,Atheliales_sp;sh__SH0191093.10FU,NA,NA,NA,NA,NA,NA,NA,NA,NA,NA,NA,NA,NA,NA,NA,NA,NA,NA,NA,NA,NA,NA,NA
Basidiomycota,Tremellomycetes,Tremellales,Phaeotremellaceae,Phaeotremella,Phaeotremella_sp;sh__SH0062468.10FU,jrk06446,Basidiomycota,Tremellomycetes,Tremellales,Phaeotremellaceae,,mycoparasite,fungal_decomposer,,,,fungal_material,,non-aquatic,,,dimorphic_yeast,tremelloid,,,,,
Basidiomycota,Agaricomycetes,Auriculariales,Auriculariales_fam_Incertae_sedis,Auriculariales_gen_Incertae_sedis,Auriculariales_sp;sh__SH0010330.10FU,NA,NA,NA,NA,NA,NA,NA,NA,NA,NA,NA,NA,NA,NA,NA,NA,NA,NA,NA,NA,NA,NA,NA
Ascomycota,Ascomycota_cls_Incertae_sedis,Ascomycota_ord_Incertae_sedis,Ascomycota_fam_Incertae_sedis,Ascomycota_gen_Incertae_sedis,Ascomycota_sp;sh__SH0005728.10FU,NA,NA,NA,NA,NA,NA,NA,NA,NA,NA,NA,NA,NA,NA,NA,NA,NA,NA,NA,NA,NA,NA,NA
Ascomycota,Leotiomycetes,Helotiales,Helotiales_fam_Incertae_sedis,Helotiales_gen_Incertae_sedis,Helotiales_sp;sh__SH0006505.10FU,NA,NA,NA,NA,NA,NA,NA,NA,NA,NA,NA,NA,NA,NA,NA,NA,NA,NA,NA,NA,NA,NA,NA
Ascomycota,Eurotiomycetes,Chaetothyriales,Herpotrichiellaceae,Cladophialophora,Cladophialophora_sp;sh__SH0061973.10FU,jrk01805,Ascomycota,Eurotiomycetes,Chaetothyriales,Herpotrichiellaceae,,soil_saprotroph,root_endophyte_dark_septate,"mycoparasite_some_species,animal_pathogen_some_species",root_endophyte_dark_septate,,soil,,non-aquatic,animal_parasite/opportunistic_human_parasite,,dimorphic_yeast,none,,,,,
Basidiomycota,Agaricomycetes,Thelephorales,Thelephoraceae,Thelephora,NA,jrk08781,Basidiomycota,Agaricomycetes,Thelephorales,Thelephoraceae,,ectomycorrhizal,,,,,,,non-aquatic,,,filamentous_mycelium,clavarioid,smooth,medium-distance_smooth,/tomentella-thelephora,,
Ascomycota,Leotiomycetes,Helotiales,Lachnaceae,Lachnum,Lachnum_pygmaeum;sh__SH0146483.10FU,jrk04425,Ascomycota,Leotiomycetes,Helotiales,Lachnaceae,,litter_saprotroph,wood_saprotroph,,root_endophyte,,"wood,leaf/fruit/seed",,partly_aquatic,,,filamentous_mycelium,apothecium_(hymenium_on_surface),smooth,,,,
Basidiomycota,Agaricomycetes,Auriculariales,Auriculariales_fam_Incertae_sedis,Auriculariales_gen_Incertae_sedis,Auriculariales_sp;sh__SH0160139.10FU,NA,NA,NA,NA,NA,NA,NA,NA,NA,NA,NA,NA,NA,NA,NA,NA,NA,NA,NA,NA,NA,NA,NA
Basidiomycota,Tremellomycetes,NA,NA,NA,NA,NA,NA,NA,NA,NA,NA,NA,NA,NA,NA,NA,NA,NA,NA,NA,NA,NA,NA,NA,NA,NA,NA,NA
Rozellomycota,Rozellomycota_cls_Incertae_sedis,Rozellomycota_ord_Incertae_sedis,Rozellomycota_fam_Incertae_sedis,Rozellomycota_gen_Incertae_sedis,Rozellomycota_sp;sh__SH0023866.10FU,NA,NA,NA,NA,NA,NA,NA,NA,NA,NA,NA,NA,NA,NA,NA,NA,NA,NA,NA,NA,NA,NA,NA
Ascomycota,Dothideomycetes,Mycosphaerellales,Mycosphaerellaceae,Caryophylloseptoria,Caryophylloseptoria_pseudolychnidis;sh__SH0162239.10FU,jrk01453,Ascomycota,Dothideomycetes,Capnodiales,Mycosphaerellaceae,,plant_pathogen,,,,leaf/fruit/seed_pathogen,,,non-aquatic,,,filamentous_mycelium,"perithecium_(hymenium_hidden,_narrow_opening)",closed,,,,
Ascomycota,Leotiomycetes,Helotiales,Helotiales_fam_Incertae_sedis,NA,NA,NA,NA,NA,NA,NA,NA,NA,NA,NA,NA,NA,NA,NA,NA,NA,NA,NA,NA,NA,NA,NA,NA,NA
Basidiomycota,Agaricomycetes,Sebacinales,Serendipitaceae,Serendipitaceae_gen_Incertae_sedis,Serendipitaceae_sp;sh__SH0003269.10FU,NA,NA,NA,NA,NA,NA,NA,NA,NA,NA,NA,NA,NA,NA,NA,NA,NA,NA,NA,NA,NA,NA,NA
Basidiomycota,Agaricomycetes,Hymenochaetales,Hymenochaetales_fam_Incertae_sedis,Hymenochaetales_gen_Incertae_sedis,Hymenochaetales_sp;sh__SH0013869.10FU,NA,NA,NA,NA,NA,NA,NA,NA,NA,NA,NA,NA,NA,NA,NA,NA,NA,NA,NA,NA,NA,NA,NA
Basidiomycota,Agaricomycetes,GS29,GS29_fam_Incertae_sedis,GS29_gen_Incertae_sedis,GS29_sp;sh__SH0005097.10FU,NA,NA,NA,NA,NA,NA,NA,NA,NA,NA,NA,NA,NA,NA,NA,NA,NA,NA,NA,NA,NA,NA,NA
Ascomycota,Leotiomycetes,Helotiales,Hyaloscyphaceae,Hyaloscyphaceae_gen_Incertae_sedis,Hyaloscyphaceae_sp;sh__SH0110852.10FU,NA,NA,NA,NA,NA,NA,NA,NA,NA,NA,NA,NA,NA,NA,NA,NA,NA,NA,NA,NA,NA,NA,NA
Ascomycota,Lecanoromycetes,Lecanoromycetes_ord_Incertae_sedis,Lecanoromycetes_fam_Incertae_sedis,Lecanoromycetes_gen_Incertae_sedis,Lecanoromycetes_sp,NA,NA,NA,NA,NA,NA,NA,NA,NA,NA,NA,NA,NA,NA,NA,NA,NA,NA,NA,NA,NA,NA,NA
Basidiomycota,Tremellomycetes,Tremellales,Tremellales_fam_Incertae_sedis,Tremellales_gen_Incertae_sedis,Tremellales_sp;sh__SH0170157.10FU,NA,NA,NA,NA,NA,NA,NA,NA,NA,NA,NA,NA,NA,NA,NA,NA,NA,NA,NA,NA,NA,NA,NA
Ascomycota,NA,NA,NA,NA,NA,NA,NA,NA,NA,NA,NA,NA,NA,NA,NA,NA,NA,NA,NA,NA,NA,NA,NA,NA,NA,NA,NA,NA
Ascomycota,Pezizomycotina_cls_Incertae_sedis,Pezizomycotina_ord_Incertae_sedis,Pezizomycotina_fam_Incertae_sedis,Pezizomycotina_gen_Incertae_sedis,Pezizomycotina_sp;sh__SH0017362.10FU,NA,NA,NA,NA,NA,NA,NA,NA,NA,NA,NA,NA,NA,NA,NA,NA,NA,NA,NA,NA,NA,NA,NA
Basidiomycota,GS27,GS27_ord_Incertae_sedis,GS27_ord_Incertae_sedis_fam_Incertae_sedis,GS27_ord_Incertae_sedis_gen_Incertae_sedis,GS27_ord_Incertae_sedis_sp,NA,NA,NA,NA,NA,NA,NA,NA,NA,NA,NA,NA,NA,NA,NA,NA,NA,NA,NA,NA,NA,NA,NA
Basidiomycota,Agaricomycetes,Agaricales,Cortinariaceae,Cortinarius,Cortinarius_disjungendulus;sh__SH0171216.10FU,jrk02100,Basidiomycota,Agaricomycetes,Agaricales,Cortinariaceae,,ectomycorrhizal,,,,,,,non-aquatic,,,filamentous_mycelium,agaricoid,gills,medium-distance_fringe,/cortinarius,,
Mortierellomycota,Mortierellomycetes,Mortierellales,Mortierellaceae,Mortierellaceae_gen_Incertae_sedis,Mortierellaceae_sp;sh__SH0154831.10FU,NA,NA,NA,NA,NA,NA,NA,NA,NA,NA,NA,NA,NA,NA,NA,NA,NA,NA,NA,NA,NA,NA,NA
Basidiomycota,Agaricomycetes,Trechisporales,Hydnodontaceae,Trechispora,Trechispora_sp;sh__SH0070731.10FU,jrk08926,Basidiomycota,Agaricomycetes,Trechisporales,Hydnodontaceae,,wood_saprotroph,,,,,wood,white_rot,non-aquatic,,,filamentous_mycelium,corticioid,poroid,,,,
Ascomycota,Leotiomycetes,Leotiomycetes_ord_Incertae_sedis,Leotiomycetes_fam_Incertae_sedis,Leotiomycetes_gen_Incertae_sedis,Leotiomycetes_sp,NA,NA,NA,NA,NA,NA,NA,NA,NA,NA,NA,NA,NA,NA,NA,NA,NA,NA,NA,NA,NA,NA,NA
Basidiomycota,Agaricomycetes,Agaricales,Inocybaceae,Inocybe,Inocybe_minimispora;sh__SH0063159.10FU,jrk04145,Basidiomycota,Agaricomycetes,Agaricales,Inocybaceae,,ectomycorrhizal,,,,,,,non-aquatic,,,filamentous_mycelium,agaricoid,gills,short-distance_delicate,/inocybe,,
Basidiomycota,Agaricomycetes,Cantharellales,Hydnaceae,Sistotrema,Sistotrema_sp;sh__SH0076525.10FU,jrk08105,Basidiomycota,Agaricomycetes,Cantharellales,Cantharellales family incertae sedis,,litter_saprotroph,,ectomycorrhizal_many_species,,,leaf/fruit/seed,,non-aquatic,,,filamentous_mycelium,corticioid,smooth,medium-distance_fringe,/cantharellus,,
Basidiomycota,Agaricomycetes,Cantharellales,Hydnaceae,Sistotrema,Sistotrema_sp;sh__SH0076528.10FU,jrk08105,Basidiomycota,Agaricomycetes,Cantharellales,Cantharellales family incertae sedis,,litter_saprotroph,,ectomycorrhizal_many_species,,,leaf/fruit/seed,,non-aquatic,,,filamentous_mycelium,corticioid,smooth,medium-distance_fringe,/cantharellus,,
Basidiomycota,Agaricomycetes,Cantharellales,Ceratobasidiaceae,Ceratobasidiaceae_gen_Incertae_sedis,Ceratobasidiaceae_sp;sh__SH0171824.10FU,NA,NA,NA,NA,NA,NA,NA,NA,NA,NA,NA,NA,NA,NA,NA,NA,NA,NA,NA,NA,NA,NA,NA
Ascomycota,Leotiomycetes,Helotiales,NA,NA,NA,NA,NA,NA,NA,NA,NA,NA,NA,NA,NA,NA,NA,NA,NA,NA,NA,NA,NA,NA,NA,NA,NA,NA
Basidiomycota,Agaricomycetes,Agaricales,NA,NA,NA,NA,NA,NA,NA,NA,NA,NA,NA,NA,NA,NA,NA,NA,NA,NA,NA,NA,NA,NA,NA,NA,NA,NA
Ascomycota,Leotiomycetes,Leotiomycetes_ord_Incertae_sedis,Leotiomycetes_fam_Incertae_sedis,Leotiomycetes_gen_Incertae_sedis,Leotiomycetes_sp;sh__SH0144080.10FU,NA,NA,NA,NA,NA,NA,NA,NA,NA,NA,NA,NA,NA,NA,NA,NA,NA,NA,NA,NA,NA,NA,NA
Ascomycota,Leotiomycetes,Phacidiales,Helicogoniaceae,Helicogoniaceae_gen_Incertae_sedis,Helicogoniaceae_sp;sh__SH0107519.10FU,NA,NA,NA,NA,NA,NA,NA,NA,NA,NA,NA,NA,NA,NA,NA,NA,NA,NA,NA,NA,NA,NA,NA
Chytridiomycota,NA,NA,NA,NA,NA,NA,NA,NA,NA,NA,NA,NA,NA,NA,NA,NA,NA,NA,NA,NA,NA,NA,NA,NA,NA,NA,NA,NA
Ascomycota,Sordariomycetes,Amphisphaeriales,Apiosporaceae,Arthrinium,Arthrinium_crenatum;sh__SH0184968.10FU,jrk00608,Ascomycota,Sordariomycetes,Amphisphaeriales,Apiosporaceae,,plant_pathogen,foliar_endophyte,,foliar_endophyte,leaf/fruit/seed_pathogen,leaf/fruit/seed,,partly_aquatic,,,filamentous_mycelium,"perithecium_(hymenium_hidden,_narrow_opening)",closed,,,,
Ascomycota,Leotiomycetes,Helotiales,Helotiales_fam_Incertae_sedis,Helotiales_gen_Incertae_sedis,Helotiales_sp;sh__SH0008440.10FU,NA,NA,NA,NA,NA,NA,NA,NA,NA,NA,NA,NA,NA,NA,NA,NA,NA,NA,NA,NA,NA,NA,NA
NA,NA,NA,NA,NA,NA,NA,NA,NA,NA,NA,NA,NA,NA,NA,NA,NA,NA,NA,NA,NA,NA,NA,NA,NA,NA,NA,NA,NA
Ascomycota,Lecanoromycetes,Baeomycetales,Trapeliaceae,Placynthiella,Placynthiella_dasaea;sh__SH0130128.10FU,jrk06678,Ascomycota,Lecanoromycetes,Baeomycetales,Trapeliaceae,,lichenized,,,,,,,non-aquatic,,,thallus_photosynthetic,apothecium_(hymenium_on_surface),smooth,,,chlorococcoid,
Ascomycota,Ascomycota_cls_Incertae_sedis,Ascomycota_ord_Incertae_sedis,Ascomycota_fam_Incertae_sedis,Ascomycota_gen_Incertae_sedis,Ascomycota_sp;sh__SH0144418.10FU,NA,NA,NA,NA,NA,NA,NA,NA,NA,NA,NA,NA,NA,NA,NA,NA,NA,NA,NA,NA,NA,NA,NA
Basidiomycota,Agaricomycetes,Agaricales,Cortinariaceae,NA,NA,NA,NA,NA,NA,NA,NA,NA,NA,NA,NA,NA,NA,NA,NA,NA,NA,NA,NA,NA,NA,NA,NA,NA
Chytridiomycota,Rhizophydiomycetes,Rhizophydiales,Rhizophydiales_fam_Incertae_sedis,Rhizophydiales_gen_Incertae_sedis,Rhizophydiales_sp;sh__SH0101779.10FU,NA,NA,NA,NA,NA,NA,NA,NA,NA,NA,NA,NA,NA,NA,NA,NA,NA,NA,NA,NA,NA,NA,NA
Ascomycota,Leotiomycetes,Helotiales,Helotiales_fam_Incertae_sedis,Helotiales_gen_Incertae_sedis,Helotiales_sp;sh__SH0144204.10FU,NA,NA,NA,NA,NA,NA,NA,NA,NA,NA,NA,NA,NA,NA,NA,NA,NA,NA,NA,NA,NA,NA,NA
Ascomycota,Saccharomycetes,Saccharomycetales,Saccharomycetales_fam_Incertae_sedis,Saccharomycetales_gen_Incertae_sedis,Saccharomycetales_sp;sh__SH0149427.10FU,NA,NA,NA,NA,NA,NA,NA,NA,NA,NA,NA,NA,NA,NA,NA,NA,NA,NA,NA,NA,NA,NA,NA
Ascomycota,Dothideomycetes,Mycosphaerellales,Teratosphaeriaceae,Devriesia,Devriesia_sp;sh__SH0180402.10FU,jrk02515,Ascomycota,Dothideomycetes,Capnodiales,Teratosphaeriaceae,,plant_pathogen,litter_saprotroph,,,leaf/fruit/seed_pathogen,leaf/fruit/seed,,non-aquatic,,,filamentous_mycelium,"perithecium_(hymenium_hidden,_narrow_opening)",closed,,,,
Basidiomycota,Agaricomycetes,Agaricales,Entolomataceae,Entoloma,Entoloma_sp;sh__SH0160675.10FU,jrk02963,Basidiomycota,Agaricomycetes,Agaricales,Entolomataceae,,soil_saprotroph,unspecified_symbiotroph,"CHEGD_symbiotrophs,ectomycorrhizal_ca_10%_of_species",root-associated,root-associated,"roots,soil",,non-aquatic,,,filamentous_mycelium,agaricoid,gills,medium-distance_smooth,/entoloma,,
Basidiomycota,Tremellomycetes,Filobasidiales,Filobasidiaceae,Naganishia,Naganishia_albida;sh__SH0157913.10FU,jrk05505,Basidiomycota,Tremellomycetes,Filobasidiales,Filobasidiaceae,,unspecified_saprotroph,,extremophile,,,,,partly_aquatic,,,yeast,none,none,,,,
Ascomycota,Leotiomycetes,Helotiales,Helotiales_fam_Incertae_sedis,Helotiales_gen_Incertae_sedis,Helotiales_sp,NA,NA,NA,NA,NA,NA,NA,NA,NA,NA,NA,NA,NA,NA,NA,NA,NA,NA,NA,NA,NA,NA,NA
Ascomycota,Dothideomycetes,Venturiales,NA,NA,NA,NA,NA,NA,NA,NA,NA,NA,NA,NA,NA,NA,NA,NA,NA,NA,NA,NA,NA,NA,NA,NA,NA,NA
Basidiomycota,Agaricomycetes,Auriculariales,NA,NA,NA,NA,NA,NA,NA,NA,NA,NA,NA,NA,NA,NA,NA,NA,NA,NA,NA,NA,NA,NA,NA,NA,NA,NA
Ascomycota,Eurotiomycetes,Chaetothyriales,Herpotrichiellaceae,NA,NA,NA,NA,NA,NA,NA,NA,NA,NA,NA,NA,NA,NA,NA,NA,NA,NA,NA,NA,NA,NA,NA,NA,NA
Ascomycota,Eurotiomycetes,Chaetothyriales,Herpotrichiellaceae,Cladophialophora,Cladophialophora_sp;sh__SH0153978.10FU,jrk01805,Ascomycota,Eurotiomycetes,Chaetothyriales,Herpotrichiellaceae,,soil_saprotroph,root_endophyte_dark_septate,"mycoparasite_some_species,animal_pathogen_some_species",root_endophyte_dark_septate,,soil,,non-aquatic,animal_parasite/opportunistic_human_parasite,,dimorphic_yeast,none,,,,,
Ascomycota,Eurotiomycetes,Chaetothyriales,Herpotrichiellaceae,Cladophialophora,Cladophialophora_sp;sh__SH0005787.10FU,jrk01805,Ascomycota,Eurotiomycetes,Chaetothyriales,Herpotrichiellaceae,,soil_saprotroph,root_endophyte_dark_septate,"mycoparasite_some_species,animal_pathogen_some_species",root_endophyte_dark_septate,,soil,,non-aquatic,animal_parasite/opportunistic_human_parasite,,dimorphic_yeast,none,,,,,
Basidiomycota,Agaricomycetes,Thelephorales,Thelephoraceae,Tomentella,Tomentella_sp;sh__SH0127162.10FU,jrk08875,Basidiomycota,Agaricomycetes,Thelephorales,Thelephoraceae,,ectomycorrhizal,,,,,,,non-aquatic,,,filamentous_mycelium,corticioid,smooth,medium-distance_smooth,/tomentella-thelephora,,
Mortierellomycota,Mortierellomycetes,Mortierellales,Mortierellaceae,Mortierellaceae_gen_Incertae_sedis,Mortierellaceae_sp;sh__SH0188961.10FU,NA,NA,NA,NA,NA,NA,NA,NA,NA,NA,NA,NA,NA,NA,NA,NA,NA,NA,NA,NA,NA,NA,NA
Basidiomycota,Tremellomycetes,Filobasidiales,Filobasidiaceae,Heterocephalacria,Heterocephalacria_sp;sh__SH0175261.10FU,jrk03835,Basidiomycota,Tremellomycetes,Filobasidiales,Filobasidiaceae,,lichen_parasite,fungal_decomposer,,,,"fungal_material,algal_material",,partly_aquatic,,,yeast,none,none,,,,
Basidiomycota,Agaricomycetes,Agaricales,Clavariaceae,Clavulinopsis,Clavulinopsis_sp;sh__SH0142311.10FU,jrk01853,Basidiomycota,Agaricomycetes,Agaricales,Clavariaceae,,soil_saprotroph,unspecified_symbiotroph,CHEGD_symbiotrophs,root-associated,root-associated,"roots,soil",,non-aquatic,,,filamentous_mycelium,clavarioid,smooth,,,,
Ascomycota,Leotiomycetes,Helotiales,Hyaloscyphaceae,NA,NA,NA,NA,NA,NA,NA,NA,NA,NA,NA,NA,NA,NA,NA,NA,NA,NA,NA,NA,NA,NA,NA,NA,NA
Ascomycota,Sordariomycetes,Hypocreales,Hypocreaceae,Trichoderma,Trichoderma_strictipile;sh__SH0196940.10FU,jrk08977,Ascomycota,Sordariomycetes,Hypocreales,Hypocreaceae,,mycoparasite,foliar_endophyte,hypervariable,foliar_endophyte,leaf/fruit/seed_pathogen,"leaf/fruit/seed,soil,fungal_material",soft_rot,,,,filamentous_mycelium,"perithecium_(hymenium_hidden,_narrow_opening)",closed,,,,
Ascomycota,Archaeorhizomycetes,Archaeorhizomycetales,NA,NA,NA,NA,NA,NA,NA,NA,NA,NA,NA,NA,NA,NA,NA,NA,NA,NA,NA,NA,NA,NA,NA,NA,NA,NA
Basidiomycota,Agaricomycetes,Agaricales,Inocybaceae,Inocybe,Inocybe_sp;sh__SH0191205.10FU,jrk04145,Basidiomycota,Agaricomycetes,Agaricales,Inocybaceae,,ectomycorrhizal,,,,,,,non-aquatic,,,filamentous_mycelium,agaricoid,gills,short-distance_delicate,/inocybe,,
Ascomycota,Archaeorhizomycetes,Archaeorhizomycetales,Archaeorhizomycetaceae,Archaeorhizomyces,Archaeorhizomyces_sp;sh__SH0034245.10FU,jrk00567,Ascomycota,Archaeorhizomycetes,Archaeorhizomycetales,Archaeorhizomycetaceae,,soil_saprotroph,root-associated,,root-associated,root-associated,"roots,soil",,non-aquatic,,,filamentous_mycelium,none,none,,,,
Ascomycota,Sordariomycetes,Sordariales,Sordariales_fam_Incertae_sedis,Sordariales_gen_Incertae_sedis,Sordariales_sp;sh__SH0013060.10FU,NA,NA,NA,NA,NA,NA,NA,NA,NA,NA,NA,NA,NA,NA,NA,NA,NA,NA,NA,NA,NA,NA,NA
Ascomycota,Ascomycota_cls_Incertae_sedis,Ascomycota_ord_Incertae_sedis,Ascomycota_fam_Incertae_sedis,Ascomycota_gen_Incertae_sedis,Ascomycota_sp;sh__SH0017289.10FU,NA,NA,NA,NA,NA,NA,NA,NA,NA,NA,NA,NA,NA,NA,NA,NA,NA,NA,NA,NA,NA,NA,NA
Ascomycota,Candelariomycetes,Candelariales,Pycnoraceae,Pycnora,Pycnora_sp;sh__SH0084928.10FU,jrk07339,Ascomycota,Candelariomycetes,Candelariales,Pycnoraceae,,lichenized,,,,,,,non-aquatic,,,thallus_photosynthetic,apothecium_(hymenium_on_surface),smooth,,,chlorococcoid,
Basidiomycota,Agaricomycetes,Agaricales,Entolomataceae,Entoloma,Entoloma_madidum;sh__SH0018094.10FU,jrk02963,Basidiomycota,Agaricomycetes,Agaricales,Entolomataceae,,soil_saprotroph,unspecified_symbiotroph,"CHEGD_symbiotrophs,ectomycorrhizal_ca_10%_of_species",root-associated,root-associated,"roots,soil",,non-aquatic,,,filamentous_mycelium,agaricoid,gills,medium-distance_smooth,/entoloma,,
Mucoromycota,Endogonomycetes,GS22,GS22_fam_Incertae_sedis,GS22_gen_Incertae_sedis,GS22_sp;sh__SH0116931.10FU,NA,NA,NA,NA,NA,NA,NA,NA,NA,NA,NA,NA,NA,NA,NA,NA,NA,NA,NA,NA,NA,NA,NA
Ascomycota,Eurotiomycetes,Chaetothyriales,Herpotrichiellaceae,Cladophialophora,Cladophialophora_sp;sh__SH0062411.10FU,jrk01805,Ascomycota,Eurotiomycetes,Chaetothyriales,Herpotrichiellaceae,,soil_saprotroph,root_endophyte_dark_septate,"mycoparasite_some_species,animal_pathogen_some_species",root_endophyte_dark_septate,,soil,,non-aquatic,animal_parasite/opportunistic_human_parasite,,dimorphic_yeast,none,,,,,
Basidiomycota,Agaricomycetes,Russulales,Russulaceae,Russula,NA,jrk07726,Basidiomycota,Agaricomycetes,Russulales,Russulaceae,,ectomycorrhizal,,,,,,,non-aquatic,,,filamentous_mycelium,agaricoid,gills,contact,/russula-lactarius,,
Basidiomycota,Agaricomycetes,Phallales,Phallaceae,Phallus,Phallus_impudicus;sh__SH0003480.10FU,jrk06458,Basidiomycota,Agaricomycetes,Phallales,Phallaceae,,soil_saprotroph,,,,,soil,,non-aquatic,,,filamentous_mycelium,phalloid,gel,,,,
Ascomycota,Sordariomycetes,Xylariales,Xylariales_fam_Incertae_sedis,NA,NA,NA,NA,NA,NA,NA,NA,NA,NA,NA,NA,NA,NA,NA,NA,NA,NA,NA,NA,NA,NA,NA,NA,NA
Ascomycota,Sordariomycetes,Hypocreales,Hypocreales_fam_Incertae_sedis,Hypocreales_gen_Incertae_sedis,Hypocreales_sp;sh__SH0004287.10FU,NA,NA,NA,NA,NA,NA,NA,NA,NA,NA,NA,NA,NA,NA,NA,NA,NA,NA,NA,NA,NA,NA,NA
Basidiomycota,Basidiomycota_cls_Incertae_sedis,Basidiomycota_ord_Incertae_sedis,Basidiomycota_fam_Incertae_sedis,Basidiomycota_gen_Incertae_sedis,Basidiomycota_sp;sh__SH0192835.10FU,NA,NA,NA,NA,NA,NA,NA,NA,NA,NA,NA,NA,NA,NA,NA,NA,NA,NA,NA,NA,NA,NA,NA
Basidiomycota,Agaricomycetes,Agaricales,Inocybaceae,Inocybe,Inocybe_cincinnata;sh__SH0178782.10FU,jrk04145,Basidiomycota,Agaricomycetes,Agaricales,Inocybaceae,,ectomycorrhizal,,,,,,,non-aquatic,,,filamentous_mycelium,agaricoid,gills,short-distance_delicate,/inocybe,,
Basidiomycota,Agaricomycetes,Agaricales,Clavariaceae,NA,NA,NA,NA,NA,NA,NA,NA,NA,NA,NA,NA,NA,NA,NA,NA,NA,NA,NA,NA,NA,NA,NA,NA,NA
Mucoromycota,Endogonomycetes,GS21,GS21_fam_Incertae_sedis,GS21_gen_Incertae_sedis,GS21_sp;sh__SH0195572.10FU,NA,NA,NA,NA,NA,NA,NA,NA,NA,NA,NA,NA,NA,NA,NA,NA,NA,NA,NA,NA,NA,NA,NA
Ascomycota,Leotiomycetes,Helotiales,Hyaloscyphaceae,Meliniomyces,Meliniomyces_sp;sh__SH0110857.10FU,jrk05054,Ascomycota,Leotiomycetes,Helotiales,Hyaloscyphaceae,,root_endophyte,soil_saprotroph,ectomycorrhizal_M._bicolor/ericoid_mycorrhizal_M._variabilis,root_endophyte,,soil,,non-aquatic,,,filamentous_mycelium,None,none,short-distance_delicate,/meliniomyces,,
Ascomycota,Eurotiomycetes,Chaetothyriales,Herpotrichiellaceae,Cladophialophora,Cladophialophora_sp;sh__SH0165137.10FU,jrk01805,Ascomycota,Eurotiomycetes,Chaetothyriales,Herpotrichiellaceae,,soil_saprotroph,root_endophyte_dark_septate,"mycoparasite_some_species,animal_pathogen_some_species",root_endophyte_dark_septate,,soil,,non-aquatic,animal_parasite/opportunistic_human_parasite,,dimorphic_yeast,none,,,,,
Glomeromycota,Glomeromycetes,Glomerales,Glomeraceae,Glomeraceae_gen_Incertae_sedis,Glomeraceae_sp;sh__SH0012180.10FU,NA,NA,NA,NA,NA,NA,NA,NA,NA,NA,NA,NA,NA,NA,NA,NA,NA,NA,NA,NA,NA,NA,NA
Ascomycota,Archaeorhizomycetes,Archaeorhizomycetales,Archaeorhizomycetaceae,Archaeorhizomyces,Archaeorhizomyces_sp;sh__SH0170210.10FU,jrk00567,Ascomycota,Archaeorhizomycetes,Archaeorhizomycetales,Archaeorhizomycetaceae,,soil_saprotroph,root-associated,,root-associated,root-associated,"roots,soil",,non-aquatic,,,filamentous_mycelium,none,none,,,,
Ascomycota,Dothideomycetes,Venturiales,Cylindrosympodiaceae,Cylindrosympodium,Cylindrosympodium_sp;sh__SH0056835.10FU,jrk02309,Ascomycota,Dothideomycetes,Venturiales,Venturiaceae,,plant_pathogen,litter_saprotroph,,,leaf/fruit/seed_pathogen,leaf/fruit/seed,,non-aquatic,,,filamentous_mycelium,"perithecium_(hymenium_hidden,_narrow_opening)",closed,,,,
Ascomycota,Sordariomycetes,Amphisphaeriales,Sporocadaceae,Seiridium,NA,jrk07961,Ascomycota,Sordariomycetes,Amphisphaeriales,Sporocadaceae,,plant_pathogen,,,,leaf/fruit/seed_pathogen,,,non-aquatic,,,filamentous_mycelium,"perithecium_(hymenium_hidden,_narrow_opening)",closed,,,,
Ascomycota,Leotiomycetes,Helotiales,Helotiales_fam_Incertae_sedis,Helotiales_gen_Incertae_sedis,Helotiales_sp;sh__SH0093359.10FU,NA,NA,NA,NA,NA,NA,NA,NA,NA,NA,NA,NA,NA,NA,NA,NA,NA,NA,NA,NA,NA,NA,NA
Ascomycota,NA,NA,NA,NA,NA,NA,NA,NA,NA,NA,NA,NA,NA,NA,NA,NA,NA,NA,NA,NA,NA,NA,NA,NA,NA,NA,NA,NA
Basidiomycota,Agaricomycetes,Boletales,Rhizopogonaceae,Rhizopogon,Rhizopogon_evadens;sh__SH0093838.10FU,jrk09605,Basidiomycota,Agaricomycetes,Boletales,Rhizopogonaceae,,ectomycorrhizal,,,,,,,non-aquatic,,Pinaceae,filamentous_mycelium,gasteroid,closed,long-distance,/suillus-rhizopogon,,
Ascomycota,Leotiomycetes,Helotiales,Amorphothecaceae,Amorphothecaceae_gen_Incertae_sedis,Amorphothecaceae_sp;sh__SH0144680.10FU,NA,NA,NA,NA,NA,NA,NA,NA,NA,NA,NA,NA,NA,NA,NA,NA,NA,NA,NA,NA,NA,NA,NA
Basidiomycota,Basidiomycota_cls_Incertae_sedis,Basidiomycota_ord_Incertae_sedis,Basidiomycota_fam_Incertae_sedis,Basidiomycota_gen_Incertae_sedis,Basidiomycota_sp;sh__SH0146416.10FU,NA,NA,NA,NA,NA,NA,NA,NA,NA,NA,NA,NA,NA,NA,NA,NA,NA,NA,NA,NA,NA,NA,NA
Ascomycota,Eurotiomycetes,Chaetothyriales,Herpotrichiellaceae,Cladophialophora,Cladophialophora_sp,jrk01805,Ascomycota,Eurotiomycetes,Chaetothyriales,Herpotrichiellaceae,,soil_saprotroph,root_endophyte_dark_septate,"mycoparasite_some_species,animal_pathogen_some_species",root_endophyte_dark_septate,,soil,,non-aquatic,animal_parasite/opportunistic_human_parasite,,dimorphic_yeast,none,,,,,
Ascomycota,Eurotiomycetes,Chaetothyriales,NA,NA,NA,NA,NA,NA,NA,NA,NA,NA,NA,NA,NA,NA,NA,NA,NA,NA,NA,NA,NA,NA,NA,NA,NA,NA
Basidiomycota,Agaricomycetes,Agaricales,Hymenogastraceae,Galerina,Galerina_lacustris;sh__SH0176570.10FU,jrk03314,Basidiomycota,Agaricomycetes,Agaricales,Hymenogastraceae,,wood_saprotroph,litter_saprotroph,,,leaf/fruit/seed_pathogen,"wood,leaf/fruit/seed",,non-aquatic,,,filamentous_mycelium,agaricoid,gills,,,,
Basidiomycota,Agaricomycetes,Auriculariales,Hyaloriaceae,Hyaloriaceae_gen_Incertae_sedis,Hyaloriaceae_sp,NA,NA,NA,NA,NA,NA,NA,NA,NA,NA,NA,NA,NA,NA,NA,NA,NA,NA,NA,NA,NA,NA,NA
Ascomycota,Leotiomycetes,Helotiales,Helotiales_fam_Incertae_sedis,Helotiales_gen_Incertae_sedis,Helotiales_sp;sh__SH0083083.10FU,NA,NA,NA,NA,NA,NA,NA,NA,NA,NA,NA,NA,NA,NA,NA,NA,NA,NA,NA,NA,NA,NA,NA
Basidiomycota,Agaricomycetes,Agaricales,Omphalotaceae,Gymnopus,Gymnopus_androsaceus;sh__SH0063425.10FU,jrk03602,Basidiomycota,Agaricomycetes,Agaricales,Omphalotaceae,,litter_saprotroph,,,,,leaf/fruit/seed,,non-aquatic,,,filamentous_mycelium,agaricoid,gills,,,,
Basidiomycota,Agaricomycetes,Agaricales,Clavariaceae,Clavariaceae_gen_Incertae_sedis,Clavariaceae_sp,NA,NA,NA,NA,NA,NA,NA,NA,NA,NA,NA,NA,NA,NA,NA,NA,NA,NA,NA,NA,NA,NA,NA
Ascomycota,Leotiomycetes,Helotiales,Helotiales_fam_Incertae_sedis,Helotiales_gen_Incertae_sedis,Helotiales_sp;sh__SH0146482.10FU,NA,NA,NA,NA,NA,NA,NA,NA,NA,NA,NA,NA,NA,NA,NA,NA,NA,NA,NA,NA,NA,NA,NA
Ascomycota,Eurotiomycetes,Chaetothyriales,Herpotrichiellaceae,Cladophialophora,Cladophialophora_sp;sh__SH0154012.10FU,jrk01805,Ascomycota,Eurotiomycetes,Chaetothyriales,Herpotrichiellaceae,,soil_saprotroph,root_endophyte_dark_septate,"mycoparasite_some_species,animal_pathogen_some_species",root_endophyte_dark_septate,,soil,,non-aquatic,animal_parasite/opportunistic_human_parasite,,dimorphic_yeast,none,,,,,
Ascomycota,Leotiomycetes,NA,NA,NA,NA,NA,NA,NA,NA,NA,NA,NA,NA,NA,NA,NA,NA,NA,NA,NA,NA,NA,NA,NA,NA,NA,NA,NA
Basidiobolomycota,Basidiobolomycetes,Basidiobolales,Basidiobolaceae,Basidiobolus,Basidiobolus_magnus;sh__SH0018117.10FU,jrk00937,Basidiobolomycota,Basidiobolomycetes,Basidiobolales,Basidiobolaceae,,unspecified_saprotroph,,hypervariable,,,"leaf/fruit/seed,soil,dung,animal_material",,,animal_parasite/opportunistic_human_parasite,,filamentous_mycelium,none,none,,,,
Basidiomycota,Agaricomycetes,Hymenochaetales,Hymenochaetales_fam_Incertae_sedis,Hymenochaetales_gen_Incertae_sedis,Hymenochaetales_sp;sh__SH0013872.10FU,NA,NA,NA,NA,NA,NA,NA,NA,NA,NA,NA,NA,NA,NA,NA,NA,NA,NA,NA,NA,NA,NA,NA
Mucoromycota,Endogonomycetes,Endogonomycetes_ord_Incertae_sedis,Endogonomycetes_fam_Incertae_sedis,Endogonomycetes_gen_Incertae_sedis,Endogonomycetes_sp,NA,NA,NA,NA,NA,NA,NA,NA,NA,NA,NA,NA,NA,NA,NA,NA,NA,NA,NA,NA,NA,NA,NA
Mucoromycota,Umbelopsidomycetes,Umbelopsidales,Umbelopsidaceae,Umbelopsis,Umbelopsis_sp;sh__SH0009086.10FU,jrk09156,Mucoromycota,Umbelopsidomycetes,Umbelopsidales,Umbelopsidaceae,,soil_saprotroph,root-associated,,root-associated,root-associated,"roots,soil",mold,non-aquatic,,,filamentous_mycelium,none,none,,,,
Rozellomycota,Rozellomycota_cls_Incertae_sedis,Rozellomycota_ord_Incertae_sedis,Rozellomycota_fam_Incertae_sedis,Rozellomycota_gen_Incertae_sedis,Rozellomycota_sp,NA,NA,NA,NA,NA,NA,NA,NA,NA,NA,NA,NA,NA,NA,NA,NA,NA,NA,NA,NA,NA,NA,NA
Ascomycota,Eurotiomycetes,Chaetothyriales,Herpotrichiellaceae,Cladophialophora,Cladophialophora_sp,jrk01805,Ascomycota,Eurotiomycetes,Chaetothyriales,Herpotrichiellaceae,,soil_saprotroph,root_endophyte_dark_septate,"mycoparasite_some_species,animal_pathogen_some_species",root_endophyte_dark_septate,,soil,,non-aquatic,animal_parasite/opportunistic_human_parasite,,dimorphic_yeast,none,,,,,
Basidiomycota,Agaricomycetes,Thelephorales,Thelephoraceae,Tomentellopsis,NA,jrk08877,Basidiomycota,Agaricomycetes,Thelephorales,Thelephoraceae,,ectomycorrhizal,,,,,,,non-aquatic,,,filamentous_mycelium,corticioid,smooth,medium-distance_smooth,/tomentellopsis,,
Ascomycota,Leotiomycetes,Helotiales,Helotiales_fam_Incertae_sedis,Acidomelania,Acidomelania_panicicola;sh__SH0074306.10FU,jrk00071,Ascomycota,Leotiomycetes,Helotiales,Helotiales family incertae sedis,,root_endophyte,soil_saprotroph,,root_endophyte,,soil,,non-aquatic,,,filamentous_mycelium,none,none,,,,
Mucoromycota,Umbelopsidomycetes,Umbelopsidales,Umbelopsidaceae,Umbelopsis,Umbelopsis_sp,jrk09156,Mucoromycota,Umbelopsidomycetes,Umbelopsidales,Umbelopsidaceae,,soil_saprotroph,root-associated,,root-associated,root-associated,"roots,soil",mold,non-aquatic,,,filamentous_mycelium,none,none,,,,
Ascomycota,Sordariomycetes,Hypocreales,Hypocreales_fam_Incertae_sedis,Hypocreales_gen_Incertae_sedis,Hypocreales_sp;sh__SH0174920.10FU,NA,NA,NA,NA,NA,NA,NA,NA,NA,NA,NA,NA,NA,NA,NA,NA,NA,NA,NA,NA,NA,NA,NA
Chytridiomycota,Spizellomycetes,Spizellomycetales,Spizellomycetales_fam_Incertae_sedis,Spizellomycetales_gen_Incertae_sedis,Spizellomycetales_sp;sh__SH0070905.10FU,NA,NA,NA,NA,NA,NA,NA,NA,NA,NA,NA,NA,NA,NA,NA,NA,NA,NA,NA,NA,NA,NA,NA
Basidiomycota,Agaricomycetes,NA,NA,NA,NA,NA,NA,NA,NA,NA,NA,NA,NA,NA,NA,NA,NA,NA,NA,NA,NA,NA,NA,NA,NA,NA,NA,NA
Basidiomycota,Tremellomycetes,Trichosporonales,Tetragoniomycetaceae,Tetragoniomycetaceae_gen_Incertae_sedis,Tetragoniomycetaceae_sp;sh__SH0121619.10FU,NA,NA,NA,NA,NA,NA,NA,NA,NA,NA,NA,NA,NA,NA,NA,NA,NA,NA,NA,NA,NA,NA,NA
Ascomycota,Dothideomycetes,Mycosphaerellales,Teratosphaeriaceae,Penidiella,Penidiella_sp;sh__SH0139525.10FU,jrk06288,Ascomycota,Dothideomycetes,Capnodiales,Teratosphaeriaceae,,plant_pathogen,litter_saprotroph,,,leaf/fruit/seed_pathogen,leaf/fruit/seed,,non-aquatic,,,filamentous_mycelium,"perithecium_(hymenium_hidden,_narrow_opening)",closed,,,,
Basidiomycota,Tremellomycetes,Tremellales,Tremellales_fam_Incertae_sedis,Tremellales_gen_Incertae_sedis,Tremellales_sp;sh__SH0019411.10FU,NA,NA,NA,NA,NA,NA,NA,NA,NA,NA,NA,NA,NA,NA,NA,NA,NA,NA,NA,NA,NA,NA,NA
Ascomycota,NA,NA,NA,NA,NA,NA,NA,NA,NA,NA,NA,NA,NA,NA,NA,NA,NA,NA,NA,NA,NA,NA,NA,NA,NA,NA,NA,NA
Ascomycota,Leotiomycetes,Helotiales,Discinellaceae,Pezoloma,Pezoloma_ericae;sh__SH0172522.10FU,jrk06336,Ascomycota,Leotiomycetes,Helotiales,Discinellaceae,,root_endophyte,soil_saprotroph,,root_endophyte,leaf/fruit/seed_pathogen,soil,,partly_aquatic,,,filamentous_mycelium,apothecium_(hymenium_on_surface),smooth,,,,
Mucoromycota,Umbelopsidomycetes,Umbelopsidales,Umbelopsidaceae,Umbelopsis,Umbelopsis_isabellina;sh__SH0009079.10FU,jrk09156,Mucoromycota,Umbelopsidomycetes,Umbelopsidales,Umbelopsidaceae,,soil_saprotroph,root-associated,,root-associated,root-associated,"roots,soil",mold,non-aquatic,,,filamentous_mycelium,none,none,,,,
Ascomycota,Dothideomycetes,Pleosporales,NA,NA,NA,NA,NA,NA,NA,NA,NA,NA,NA,NA,NA,NA,NA,NA,NA,NA,NA,NA,NA,NA,NA,NA,NA,NA
Basidiomycota,Microbotryomycetes,Microbotryomycetes_ord_Incertae_sedis,Microbotryomycetes_fam_Incertae_sedis,Microbotryomycetes_gen_Incertae_sedis,Microbotryomycetes_sp;sh__SH0135846.10FU,NA,NA,NA,NA,NA,NA,NA,NA,NA,NA,NA,NA,NA,NA,NA,NA,NA,NA,NA,NA,NA,NA,NA
Ascomycota,Eurotiomycetes,Chaetothyriales,Herpotrichiellaceae,Cladophialophora,Cladophialophora_sp;sh__SH0153951.10FU,jrk01805,Ascomycota,Eurotiomycetes,Chaetothyriales,Herpotrichiellaceae,,soil_saprotroph,root_endophyte_dark_septate,"mycoparasite_some_species,animal_pathogen_some_species",root_endophyte_dark_septate,,soil,,non-aquatic,animal_parasite/opportunistic_human_parasite,,dimorphic_yeast,none,,,,,
Basidiomycota,Agaricomycetes,Agaricales,Clavariaceae,Clavaria,Clavaria_sp;sh__SH0006123.10FU,jrk01836,Basidiomycota,Agaricomycetes,Agaricales,Clavariaceae,,soil_saprotroph,unspecified_symbiotroph,CHEGD_symbiotrophs,root-associated,root-associated,"roots,soil",,non-aquatic,,,filamentous_mycelium,clavarioid,smooth,,,,
Ascomycota,Eurotiomycetes,Chaetothyriales,Chaetothyriales_fam_Incertae_sedis,Chaetothyriales_gen_Incertae_sedis,Chaetothyriales_sp;sh__SH0138334.10FU,NA,NA,NA,NA,NA,NA,NA,NA,NA,NA,NA,NA,NA,NA,NA,NA,NA,NA,NA,NA,NA,NA,NA
Ascomycota,Leotiomycetes,Helotiales,Helotiales_fam_Incertae_sedis,Helotiales_gen_Incertae_sedis,Helotiales_sp;sh__SH0020474.10FU,NA,NA,NA,NA,NA,NA,NA,NA,NA,NA,NA,NA,NA,NA,NA,NA,NA,NA,NA,NA,NA,NA,NA
Ascomycota,Eurotiomycetes,Chaetothyriales,Herpotrichiellaceae,Cladophialophora,Cladophialophora_sp;sh__SH0154008.10FU,jrk01805,Ascomycota,Eurotiomycetes,Chaetothyriales,Herpotrichiellaceae,,soil_saprotroph,root_endophyte_dark_septate,"mycoparasite_some_species,animal_pathogen_some_species",root_endophyte_dark_septate,,soil,,non-aquatic,animal_parasite/opportunistic_human_parasite,,dimorphic_yeast,none,,,,,
Ascomycota,Leotiomycetes,Leotiomycetes_ord_Incertae_sedis,Leotiomycetes_fam_Incertae_sedis,Leotiomycetes_gen_Incertae_sedis,Leotiomycetes_sp;sh__SH0144080.10FU,NA,NA,NA,NA,NA,NA,NA,NA,NA,NA,NA,NA,NA,NA,NA,NA,NA,NA,NA,NA,NA,NA,NA
Chytridiomycota,Chytridiomycota_cls_Incertae_sedis,Chytridiomycota_ord_Incertae_sedis,Chytridiomycota_fam_Incertae_sedis,Chytridiomycota_gen_Incertae_sedis,Chytridiomycota_sp;sh__SH0182808.10FU,NA,NA,NA,NA,NA,NA,NA,NA,NA,NA,NA,NA,NA,NA,NA,NA,NA,NA,NA,NA,NA,NA,NA
Basidiomycota,Basidiomycota_cls_Incertae_sedis,Basidiomycota_ord_Incertae_sedis,Basidiomycota_fam_Incertae_sedis,Basidiomycota_gen_Incertae_sedis,Basidiomycota_sp;sh__SH0080694.10FU,NA,NA,NA,NA,NA,NA,NA,NA,NA,NA,NA,NA,NA,NA,NA,NA,NA,NA,NA,NA,NA,NA,NA
NA,NA,NA,NA,NA,NA,NA,NA,NA,NA,NA,NA,NA,NA,NA,NA,NA,NA,NA,NA,NA,NA,NA,NA,NA,NA,NA,NA,NA
Basidiomycota,Agaricomycetes,Agaricomycetes_ord_Incertae_sedis,Agaricomycetes_fam_Incertae_sedis,Agaricomycetes_gen_Incertae_sedis,Agaricomycetes_sp;sh__SH0100468.10FU,NA,NA,NA,NA,NA,NA,NA,NA,NA,NA,NA,NA,NA,NA,NA,NA,NA,NA,NA,NA,NA,NA,NA
Ascomycota,Leotiomycetes,Helotiales,Pezizellaceae,Chalara,NA,jrk01652,Ascomycota,Leotiomycetes,Helotiales,Pezizellaceae,,litter_saprotroph,plant_pathogen,hypervariable,foliar_endophyte,"wood_pathogen,leaf/fruit/seed_pathogen","wood,leaf/fruit/seed",soft_rot,non-aquatic,,,filamentous_mycelium,None,none,,,,
Basidiomycota,Agaricomycetes,Agaricales,Hygrophoraceae,Lichenomphalia,Lichenomphalia_ericetorum;sh__SH0119989.10FU,jrk04686,Basidiomycota,Agaricomycetes,Agaricales,Hygrophoraceae,,lichenized,,,,,,,non-aquatic,,,thallus_photosynthetic,agaricoid,gills,,,,
Ascomycota,Eurotiomycetes,Chaetothyriales,Cyphellophoraceae,Cyphellophora,Cyphellophora_sp;sh__SH0173052.10FU,jrk02322,Ascomycota,Eurotiomycetes,Chaetothyriales,Cyphellophoraceae,,litter_saprotroph,animal_parasite,,,,"leaf/fruit/seed,animal_material",,non-aquatic,animal_parasite/opportunistic_human_parasite,,dimorphic_yeast,none,none,,,,
Mortierellomycota,Mortierellomycetes,Mortierellales,Mortierellaceae,Mortierella,Mortierella_sp;sh__SH0089564.10FU,jrk05302,Mortierellomycota,Mortierellomycetes,Mortierellales,Mortierellaceae,,soil_saprotroph,root-associated,,root-associated,root-associated,"roots,soil",chitinolytic,partly_aquatic,opportunistic_human_parasite,,filamentous_mycelium,none,none,,,,
Basidiomycota,NA,NA,NA,NA,NA,NA,NA,NA,NA,NA,NA,NA,NA,NA,NA,NA,NA,NA,NA,NA,NA,NA,NA,NA,NA,NA,NA,NA
Basidiomycota,Agaricomycetes,Agaricales,Hygrophoraceae,Hygrocybe,Hygrocybe_punicea;sh__SH0183912.10FU,jrk03999,Basidiomycota,Agaricomycetes,Agaricales,Hygrophoraceae,,soil_saprotroph,unspecified_symbiotroph,CHEGD_symbiotrophs,root-associated,root-associated,"roots,soil",,non-aquatic,,,filamentous_mycelium,agaricoid,gills,,,,
Mortierellomycota,Mortierellomycetes,Mortierellales,Mortierellaceae,Mortierellaceae_gen_Incertae_sedis,Mortierellaceae_sp;sh__SH0157861.10FU,NA,NA,NA,NA,NA,NA,NA,NA,NA,NA,NA,NA,NA,NA,NA,NA,NA,NA,NA,NA,NA,NA,NA
Basidiomycota,Agaricomycetes,Cantharellales,Hydnaceae,Sistotrema,Sistotrema_sp;sh__SH0068102.10FU,jrk08105,Basidiomycota,Agaricomycetes,Cantharellales,Cantharellales family incertae sedis,,litter_saprotroph,,ectomycorrhizal_many_species,,,leaf/fruit/seed,,non-aquatic,,,filamentous_mycelium,corticioid,smooth,medium-distance_fringe,/cantharellus,,
Ascomycota,Eurotiomycetes,Chaetothyriales,Herpotrichiellaceae,Cladophialophora,Cladophialophora_sp,jrk01805,Ascomycota,Eurotiomycetes,Chaetothyriales,Herpotrichiellaceae,,soil_saprotroph,root_endophyte_dark_septate,"mycoparasite_some_species,animal_pathogen_some_species",root_endophyte_dark_septate,,soil,,non-aquatic,animal_parasite/opportunistic_human_parasite,,dimorphic_yeast,none,,,,,
Basidiomycota,Agaricomycetes,Agaricales,Lycoperdaceae,Lycoperdon,Lycoperdon_subcretaceum;sh__SH0188593.10FU,jrk04830,Basidiomycota,Agaricomycetes,Agaricales,Agaricaceae,,litter_saprotroph,,,,,leaf/fruit/seed,,non-aquatic,,,filamentous_mycelium,gasteroid,closed,,,,
Ascomycota,Leotiomycetes,Leotiomycetes_ord_Incertae_sedis,Leotiomycetes_fam_Incertae_sedis,Leotiomycetes_gen_Incertae_sedis,Leotiomycetes_sp;sh__SH0158609.10FU,NA,NA,NA,NA,NA,NA,NA,NA,NA,NA,NA,NA,NA,NA,NA,NA,NA,NA,NA,NA,NA,NA,NA
Basidiomycota,Tremellomycetes,Tremellales,Tremellales_fam_Incertae_sedis,Tremellales_gen_Incertae_sedis,Tremellales_sp;sh__SH0099291.10FU,NA,NA,NA,NA,NA,NA,NA,NA,NA,NA,NA,NA,NA,NA,NA,NA,NA,NA,NA,NA,NA,NA,NA
Ascomycota,Ascomycota_cls_Incertae_sedis,Ascomycota_ord_Incertae_sedis,Ascomycota_fam_Incertae_sedis,Ascomycota_gen_Incertae_sedis,Ascomycota_sp,NA,NA,NA,NA,NA,NA,NA,NA,NA,NA,NA,NA,NA,NA,NA,NA,NA,NA,NA,NA,NA,NA,NA
Ascomycota,Eurotiomycetes,Chaetothyriales,NA,NA,NA,NA,NA,NA,NA,NA,NA,NA,NA,NA,NA,NA,NA,NA,NA,NA,NA,NA,NA,NA,NA,NA,NA,NA
Ascomycota,Dothideomycetes,Capnodiales,Capnodiales_fam_Incertae_sedis,Capnodiales_gen_Incertae_sedis,Capnodiales_sp;sh__SH0100675.10FU,NA,NA,NA,NA,NA,NA,NA,NA,NA,NA,NA,NA,NA,NA,NA,NA,NA,NA,NA,NA,NA,NA,NA
Basidiomycota,Agaricomycetes,Cantharellales,Cantharellales_fam_Incertae_sedis,Cantharellales_gen_Incertae_sedis,Cantharellales_sp;sh__SH0165301.10FU,NA,NA,NA,NA,NA,NA,NA,NA,NA,NA,NA,NA,NA,NA,NA,NA,NA,NA,NA,NA,NA,NA,NA
Ascomycota,Leotiomycetes,Rhytismatales,Rhytismataceae,Coccomyces,Coccomyces_sp;sh__SH0013337.10FU,jrk01914,Ascomycota,Leotiomycetes,Rhytismatales,Rhytismataceae,,litter_saprotroph,plant_pathogen,,foliar_endophyte,leaf/fruit/seed_pathogen,leaf/fruit/seed,,non-aquatic,,,filamentous_mycelium,apothecium_(hymenium_on_surface),smooth,,,,
Ascomycota,Leotiomycetes,NA,NA,NA,NA,NA,NA,NA,NA,NA,NA,NA,NA,NA,NA,NA,NA,NA,NA,NA,NA,NA,NA,NA,NA,NA,NA,NA
Ascomycota,Sordariomycetes,Xenospadicoidales,Xenospadicoidaceae,Spadicoides,Spadicoides_sp,jrk08159,Ascomycota,Sordariomycetes,Xenospadicoidales,Xenospadicoidaceae,,wood_saprotroph,litter_saprotroph,,,,"wood,leaf/fruit/seed",,partly_aquatic,,,filamentous_mycelium,none,none,,,,
Ascomycota,Eurotiomycetes,Chaetothyriales,Herpotrichiellaceae,Cladophialophora,Cladophialophora_sp,jrk01805,Ascomycota,Eurotiomycetes,Chaetothyriales,Herpotrichiellaceae,,soil_saprotroph,root_endophyte_dark_septate,"mycoparasite_some_species,animal_pathogen_some_species",root_endophyte_dark_septate,,soil,,non-aquatic,animal_parasite/opportunistic_human_parasite,,dimorphic_yeast,none,,,,,
Basidiomycota,Agaricomycetes,Agaricales,Agaricales_fam_Incertae_sedis,Cystoderma,Cystoderma_jasonis;sh__SH0057434.10FU,jrk02339,Basidiomycota,Agaricomycetes,Agaricales,Squamanitaceae,,litter_saprotroph,,,,,leaf/fruit/seed,,non-aquatic,,,filamentous_mycelium,agaricoid,gills,,,,
Ascomycota,Dothideomycetes,Mycosphaerellales,NA,NA,NA,NA,NA,NA,NA,NA,NA,NA,NA,NA,NA,NA,NA,NA,NA,NA,NA,NA,NA,NA,NA,NA,NA,NA
Basidiomycota,Tremellomycetes,Tremellales,Tremellales_fam_Incertae_sedis,Tremellales_gen_Incertae_sedis,Tremellales_sp;sh__SH0193257.10FU,NA,NA,NA,NA,NA,NA,NA,NA,NA,NA,NA,NA,NA,NA,NA,NA,NA,NA,NA,NA,NA,NA,NA
Ascomycota,Archaeorhizomycetes,Archaeorhizomycetales,Archaeorhizomycetaceae,Archaeorhizomyces,Archaeorhizomyces_sp;sh__SH0131772.10FU,jrk00567,Ascomycota,Archaeorhizomycetes,Archaeorhizomycetales,Archaeorhizomycetaceae,,soil_saprotroph,root-associated,,root-associated,root-associated,"roots,soil",,non-aquatic,,,filamentous_mycelium,none,none,,,,
Ascomycota,Leotiomycetes,Helotiales,Helotiales_fam_Incertae_sedis,Helotiales_gen_Incertae_sedis,Helotiales_sp;sh__SH0008411.10FU,NA,NA,NA,NA,NA,NA,NA,NA,NA,NA,NA,NA,NA,NA,NA,NA,NA,NA,NA,NA,NA,NA,NA
Ascomycota,NA,NA,NA,NA,NA,NA,NA,NA,NA,NA,NA,NA,NA,NA,NA,NA,NA,NA,NA,NA,NA,NA,NA,NA,NA,NA,NA,NA
Ascomycota,NA,NA,NA,NA,NA,NA,NA,NA,NA,NA,NA,NA,NA,NA,NA,NA,NA,NA,NA,NA,NA,NA,NA,NA,NA,NA,NA,NA
Ascomycota,Eurotiomycetes,Chaetothyriales,Chaetothyriales_fam_Incertae_sedis,Chaetothyriales_gen_Incertae_sedis,Chaetothyriales_sp;sh__SH0062378.10FU,NA,NA,NA,NA,NA,NA,NA,NA,NA,NA,NA,NA,NA,NA,NA,NA,NA,NA,NA,NA,NA,NA,NA
Ascomycota,Eurotiomycetes,Eurotiomycetes_ord_Incertae_sedis,Eurotiomycetes_fam_Incertae_sedis,Eurotiomycetes_gen_Incertae_sedis,Eurotiomycetes_sp,NA,NA,NA,NA,NA,NA,NA,NA,NA,NA,NA,NA,NA,NA,NA,NA,NA,NA,NA,NA,NA,NA,NA
Basidiomycota,Agaricomycetes,Boletales,Boletales_fam_Incertae_sedis,Hydnomerulius,Hydnomerulius_pinastri;sh__SH0053199.10FU,jrk03983,Basidiomycota,Agaricomycetes,Boletales,Boletales family incertae sedis,,wood_saprotroph,,,,,wood,brown_rot,non-aquatic,,,filamentous_mycelium,corticioid,other,,,,
Basidiomycota,Agaricomycetes,Thelephorales,Thelephoraceae,Tomentella,Tomentella_sp,jrk08875,Basidiomycota,Agaricomycetes,Thelephorales,Thelephoraceae,,ectomycorrhizal,,,,,,,non-aquatic,,,filamentous_mycelium,corticioid,smooth,medium-distance_smooth,/tomentella-thelephora,,
NA,NA,NA,NA,NA,NA,NA,NA,NA,NA,NA,NA,NA,NA,NA,NA,NA,NA,NA,NA,NA,NA,NA,NA,NA,NA,NA,NA,NA
Rozellomycota,Rozellomycota_cls_Incertae_sedis,Rozellomycota_ord_Incertae_sedis,Rozellomycota_fam_Incertae_sedis,Rozellomycota_gen_Incertae_sedis,Rozellomycota_sp;sh__SH0151060.10FU,NA,NA,NA,NA,NA,NA,NA,NA,NA,NA,NA,NA,NA,NA,NA,NA,NA,NA,NA,NA,NA,NA,NA
Basidiomycota,Agaricomycetes,Agaricales,Entolomataceae,Entolomataceae_gen_Incertae_sedis,Entolomataceae_sp;sh__SH0064075.10FU,NA,NA,NA,NA,NA,NA,NA,NA,NA,NA,NA,NA,NA,NA,NA,NA,NA,NA,NA,NA,NA,NA,NA
Basidiomycota,Microbotryomycetes,Microbotryomycetes_ord_Incertae_sedis,Microbotryomycetes_fam_Incertae_sedis,Slooffia,NA,jrk08122,Basidiomycota,Microbotryomycetes,Microbotryomycetes order incertae sedis,Microbotryomycetes family incertae sedis,,unspecified_saprotroph,,,,,,,non-aquatic,,,yeast,none,none,,,,
Ascomycota,Leotiomycetes,Leotiomycetes_ord_Incertae_sedis,Leotiomycetes_fam_Incertae_sedis,Leotiomycetes_gen_Incertae_sedis,Leotiomycetes_sp;sh__SH0051118.10FU,NA,NA,NA,NA,NA,NA,NA,NA,NA,NA,NA,NA,NA,NA,NA,NA,NA,NA,NA,NA,NA,NA,NA
Ascomycota,Leotiomycetes,Leotiales,NA,NA,NA,NA,NA,NA,NA,NA,NA,NA,NA,NA,NA,NA,NA,NA,NA,NA,NA,NA,NA,NA,NA,NA,NA,NA
Ascomycota,NA,NA,NA,NA,NA,NA,NA,NA,NA,NA,NA,NA,NA,NA,NA,NA,NA,NA,NA,NA,NA,NA,NA,NA,NA,NA,NA,NA
Ascomycota,Ascomycota_cls_Incertae_sedis,Ascomycota_ord_Incertae_sedis,Ascomycota_fam_Incertae_sedis,Ascomycota_gen_Incertae_sedis,Ascomycota_sp,NA,NA,NA,NA,NA,NA,NA,NA,NA,NA,NA,NA,NA,NA,NA,NA,NA,NA,NA,NA,NA,NA,NA
Ascomycota,Sordariomycetes,Chaetosphaeriales,Chaetosphaeriaceae,Chaetosphaeria,Chaetosphaeria_sp,jrk01640,Ascomycota,Sordariomycetes,Chaetosphaeriales,Chaetosphaeriaceae,,litter_saprotroph,wood_saprotroph,,foliar_endophyte,,"wood,leaf/fruit/seed",,partly_freshwater_(partly_non-aquatic),,,filamentous_mycelium,"perithecium_(hymenium_hidden,_narrow_opening)",closed,,,,
Ascomycota,NA,NA,NA,NA,NA,NA,NA,NA,NA,NA,NA,NA,NA,NA,NA,NA,NA,NA,NA,NA,NA,NA,NA,NA,NA,NA,NA,NA
Ascomycota,Eurotiomycetes,Chaetothyriales,Chaetothyriales_fam_Incertae_sedis,Chaetothyriales_gen_Incertae_sedis,Chaetothyriales_sp;sh__SH0062114.10FU,NA,NA,NA,NA,NA,NA,NA,NA,NA,NA,NA,NA,NA,NA,NA,NA,NA,NA,NA,NA,NA,NA,NA
Ascomycota,Leotiomycetes,Helotiales,Vibrisseaceae,Vibrisseaceae_gen_Incertae_sedis,Vibrisseaceae_sp;sh__SH0083101.10FU,NA,NA,NA,NA,NA,NA,NA,NA,NA,NA,NA,NA,NA,NA,NA,NA,NA,NA,NA,NA,NA,NA,NA
Ascomycota,Eurotiomycetes,Chaetothyriales,Herpotrichiellaceae,Cladophialophora,Cladophialophora_sp,jrk01805,Ascomycota,Eurotiomycetes,Chaetothyriales,Herpotrichiellaceae,,soil_saprotroph,root_endophyte_dark_septate,"mycoparasite_some_species,animal_pathogen_some_species",root_endophyte_dark_septate,,soil,,non-aquatic,animal_parasite/opportunistic_human_parasite,,dimorphic_yeast,none,,,,,
Mortierellomycota,Mortierellomycetes,Mortierellales,Mortierellaceae,Mortierella,Mortierella_gemmifera;sh__SH0154863.10FU,jrk05302,Mortierellomycota,Mortierellomycetes,Mortierellales,Mortierellaceae,,soil_saprotroph,root-associated,,root-associated,root-associated,"roots,soil",chitinolytic,partly_aquatic,opportunistic_human_parasite,,filamentous_mycelium,none,none,,,,
Ascomycota,Archaeorhizomycetes,Archaeorhizomycetales,Archaeorhizomycetaceae,Archaeorhizomyces,Archaeorhizomyces_sp,jrk00567,Ascomycota,Archaeorhizomycetes,Archaeorhizomycetales,Archaeorhizomycetaceae,,soil_saprotroph,root-associated,,root-associated,root-associated,"roots,soil",,non-aquatic,,,filamentous_mycelium,none,none,,,,
Basidiomycota,Agaricomycetes,Russulales,Russulaceae,Russula,Russula_violaceoincarnata;sh__SH0152261.10FU,jrk07726,Basidiomycota,Agaricomycetes,Russulales,Russulaceae,,ectomycorrhizal,,,,,,,non-aquatic,,,filamentous_mycelium,agaricoid,gills,contact,/russula-lactarius,,
Chytridiomycota,Spizellomycetes,Spizellomycetales,Spizellomycetales_fam_Incertae_sedis,Spizellomycetales_gen_Incertae_sedis,Spizellomycetales_sp;sh__SH0120296.10FU,NA,NA,NA,NA,NA,NA,NA,NA,NA,NA,NA,NA,NA,NA,NA,NA,NA,NA,NA,NA,NA,NA,NA
Ascomycota,Eurotiomycetes,Chaetothyriales,Herpotrichiellaceae,Cladophialophora,Cladophialophora_sp,jrk01805,Ascomycota,Eurotiomycetes,Chaetothyriales,Herpotrichiellaceae,,soil_saprotroph,root_endophyte_dark_septate,"mycoparasite_some_species,animal_pathogen_some_species",root_endophyte_dark_septate,,soil,,non-aquatic,animal_parasite/opportunistic_human_parasite,,dimorphic_yeast,none,,,,,
Ascomycota,Eurotiomycetes,Sclerococcales,Dactylosporaceae,NA,NA,NA,NA,NA,NA,NA,NA,NA,NA,NA,NA,NA,NA,NA,NA,NA,NA,NA,NA,NA,NA,NA,NA,NA
Rozellomycota,Rozellomycota_cls_Incertae_sedis,Rozellomycota_ord_Incertae_sedis,Rozellomycota_fam_Incertae_sedis,Rozellomycota_gen_Incertae_sedis,Rozellomycota_sp;sh__SH0191141.10FU,NA,NA,NA,NA,NA,NA,NA,NA,NA,NA,NA,NA,NA,NA,NA,NA,NA,NA,NA,NA,NA,NA,NA
Ascomycota,Leotiomycetes,NA,NA,NA,NA,NA,NA,NA,NA,NA,NA,NA,NA,NA,NA,NA,NA,NA,NA,NA,NA,NA,NA,NA,NA,NA,NA,NA
Basidiomycota,Tremellomycetes,Tremellales,NA,NA,NA,NA,NA,NA,NA,NA,NA,NA,NA,NA,NA,NA,NA,NA,NA,NA,NA,NA,NA,NA,NA,NA,NA,NA
Ascomycota,Dothideomycetes,Venturiales,Sympoventuriaceae,Pseudosigmoidea,Pseudosigmoidea_excentrica;sh__SH0009649.10FU,jrk07205,Ascomycota,Dothideomycetes,Venturiales,Sympoventuriaceae,,soil_saprotroph,root_endophyte_dark_septate,,root_endophyte_dark_septate,,soil,,non-aquatic,,,filamentous_mycelium,"perithecium_(hymenium_hidden,_narrow_opening)",closed,,,,
NA,NA,NA,NA,NA,NA,NA,NA,NA,NA,NA,NA,NA,NA,NA,NA,NA,NA,NA,NA,NA,NA,NA,NA,NA,NA,NA,NA,NA
Basidiomycota,Agaricomycetes,Cantharellales,Hydnaceae,Sistotrema,Sistotrema_sp;sh__SH0025180.10FU,jrk08105,Basidiomycota,Agaricomycetes,Cantharellales,Cantharellales family incertae sedis,,litter_saprotroph,,ectomycorrhizal_many_species,,,leaf/fruit/seed,,non-aquatic,,,filamentous_mycelium,corticioid,smooth,medium-distance_fringe,/cantharellus,,
Ascomycota,Leotiomycetes,Helotiales,Helotiales_fam_Incertae_sedis,Helotiales_gen_Incertae_sedis,Helotiales_sp;sh__SH0020478.10FU,NA,NA,NA,NA,NA,NA,NA,NA,NA,NA,NA,NA,NA,NA,NA,NA,NA,NA,NA,NA,NA,NA,NA
Rozellomycota,Rozellomycota_cls_Incertae_sedis,Rozellomycota_ord_Incertae_sedis,Rozellomycota_fam_Incertae_sedis,Rozellomycota_gen_Incertae_sedis,Rozellomycota_sp;sh__SH0009011.10FU,NA,NA,NA,NA,NA,NA,NA,NA,NA,NA,NA,NA,NA,NA,NA,NA,NA,NA,NA,NA,NA,NA,NA
Basidiomycota,Agaricomycetes,Trechisporales,Hydnodontaceae,Trechispora,NA,jrk08926,Basidiomycota,Agaricomycetes,Trechisporales,Hydnodontaceae,,wood_saprotroph,,,,,wood,white_rot,non-aquatic,,,filamentous_mycelium,corticioid,poroid,,,,
Ascomycota,Leotiomycetes,Helotiales,Dermateaceae,Dermea,Dermea_sp;sh__SH0146575.10FU,jrk02494,Ascomycota,Leotiomycetes,Helotiales,Dermateaceae,,plant_pathogen,litter_saprotroph,,,leaf/fruit/seed_pathogen,leaf/fruit/seed,,non-aquatic,,,filamentous_mycelium,apothecium_(hymenium_on_surface),smooth,,,,
Basidiomycota,Agaricomycetes,Boletales,Boletaceae,Leccinum,Leccinum_schistophilum;sh__SH0076194.10FU,jrk04527,Basidiomycota,Agaricomycetes,Boletales,Boletaceae,,ectomycorrhizal,,,,,,,non-aquatic,,,filamentous_mycelium,agaricoid,poroid,long-distance,/boletus,,
Rozellomycota,Rozellomycotina_cls_Incertae_sedis,GS11,GS11_fam_Incertae_sedis,GS11_gen_Incertae_sedis,GS11_sp;sh__SH0048803.10FU,NA,NA,NA,NA,NA,NA,NA,NA,NA,NA,NA,NA,NA,NA,NA,NA,NA,NA,NA,NA,NA,NA,NA
Mucoromycota,Endogonomycetes,GS22,GS22_fam_Incertae_sedis,GS22_gen_Incertae_sedis,GS22_sp,NA,NA,NA,NA,NA,NA,NA,NA,NA,NA,NA,NA,NA,NA,NA,NA,NA,NA,NA,NA,NA,NA,NA
Basidiomycota,Agaricomycetes,Trechisporales,Hydnodontaceae,Trechispora,NA,jrk08926,Basidiomycota,Agaricomycetes,Trechisporales,Hydnodontaceae,,wood_saprotroph,,,,,wood,white_rot,non-aquatic,,,filamentous_mycelium,corticioid,poroid,,,,
Ascomycota,Leotiomycetes,Helotiales,Mollisiaceae,Mollisiaceae_gen_Incertae_sedis,Mollisiaceae_sp;sh__SH0083036.10FU,NA,NA,NA,NA,NA,NA,NA,NA,NA,NA,NA,NA,NA,NA,NA,NA,NA,NA,NA,NA,NA,NA,NA
Ascomycota,Leotiomycetes,Helotiales,Helotiales_fam_Incertae_sedis,Helotiales_gen_Incertae_sedis,Helotiales_sp;sh__SH0008440.10FU,NA,NA,NA,NA,NA,NA,NA,NA,NA,NA,NA,NA,NA,NA,NA,NA,NA,NA,NA,NA,NA,NA,NA
Ascomycota,Leotiomycetes,Helotiales,Helotiales_fam_Incertae_sedis,Helotiales_gen_Incertae_sedis,Helotiales_sp,NA,NA,NA,NA,NA,NA,NA,NA,NA,NA,NA,NA,NA,NA,NA,NA,NA,NA,NA,NA,NA,NA,NA
Basidiomycota,Agaricomycetes,Russulales,Russulaceae,Russula,Russula_integra;sh__SH0152373.10FU,jrk07726,Basidiomycota,Agaricomycetes,Russulales,Russulaceae,,ectomycorrhizal,,,,,,,non-aquatic,,,filamentous_mycelium,agaricoid,gills,contact,/russula-lactarius,,
Basidiomycota,Agaricomycetes,Agaricales,Entolomataceae,Entolomataceae_gen_Incertae_sedis,Entolomataceae_sp;sh__SH0196115.10FU,NA,NA,NA,NA,NA,NA,NA,NA,NA,NA,NA,NA,NA,NA,NA,NA,NA,NA,NA,NA,NA,NA,NA
Basidiomycota,Agaricomycetes,Corticiales,Corticiaceae,Marchandiomyces,Marchandiomyces_lignicola;sh__SH0159894.10FU,jrk04918,Basidiomycota,Agaricomycetes,Corticiales,Corticiaceae,,lichen_parasite,fungal_decomposer,,,,"fungal_material,algal_material",,non-aquatic,,,filamentous_mycelium,corticioid,smooth,,,,
Glomeromycota,Glomeromycetes,Glomerales,Glomeraceae,Oehlia,Oehlia_sp;sh__SH0016538.10FU,jrk05878,Glomeromycota,Glomeromycetes,Glomerales,Glomeraceae,,arbuscular_mycorrhizal,root-associated,,root_endophyte,,,,,,,filamentous_mycelium,none,none,,,,
Basidiomycota,Agaricomycetes,Thelephorales,Thelephoraceae,Tomentella,Tomentella_sp,jrk08875,Basidiomycota,Agaricomycetes,Thelephorales,Thelephoraceae,,ectomycorrhizal,,,,,,,non-aquatic,,,filamentous_mycelium,corticioid,smooth,medium-distance_smooth,/tomentella-thelephora,,
Basidiomycota,Agaricomycetes,Agaricales,Cortinariaceae,Cortinarius,NA,jrk02100,Basidiomycota,Agaricomycetes,Agaricales,Cortinariaceae,,ectomycorrhizal,,,,,,,non-aquatic,,,filamentous_mycelium,agaricoid,gills,medium-distance_fringe,/cortinarius,,
Ascomycota,NA,NA,NA,NA,NA,NA,NA,NA,NA,NA,NA,NA,NA,NA,NA,NA,NA,NA,NA,NA,NA,NA,NA,NA,NA,NA,NA,NA
NA,NA,NA,NA,NA,NA,NA,NA,NA,NA,NA,NA,NA,NA,NA,NA,NA,NA,NA,NA,NA,NA,NA,NA,NA,NA,NA,NA,NA
Basidiomycota,Agaricomycetes,Auriculariales,Auriculariaceae,Auricularia,Auricularia_sp,jrk00800,Basidiomycota,Agaricomycetes,Auriculariales,Auriculariaceae,,wood_saprotroph,,,,,wood,,partly_aquatic,,,filamentous_mycelium,tremelloid,smooth,,,,
Ascomycota,Dothideomycetes,Patellariales,Patellariales_fam_Incertae_sedis,Patellariales_gen_Incertae_sedis,Patellariales_sp;sh__SH0150977.10FU,NA,NA,NA,NA,NA,NA,NA,NA,NA,NA,NA,NA,NA,NA,NA,NA,NA,NA,NA,NA,NA,NA,NA
Ascomycota,Pezizomycetes,Pezizales,Discinaceae,Hydnotrya,Hydnotrya_cubispora;sh__SH0102229.10FU,jrk03986,Ascomycota,Pezizomycetes,Pezizales,Discinaceae,,ectomycorrhizal,,,,,,,non-aquatic,,,filamentous_mycelium,gasteroid-hypogeous,closed,contact,/hydnotrya,,
Fungi_phy_Incertae_sedis,Fungi_cls_Incertae_sedis,Fungi_ord_Incertae_sedis,Fungi_fam_Incertae_sedis,Fungi_gen_Incertae_sedis,Fungi_sp;sh__SH0206781.10FU,NA,NA,NA,NA,NA,NA,NA,NA,NA,NA,NA,NA,NA,NA,NA,NA,NA,NA,NA,NA,NA,NA,NA
Fungi_phy_Incertae_sedis,Fungi_cls_Incertae_sedis,Fungi_ord_Incertae_sedis,Fungi_fam_Incertae_sedis,Fungi_gen_Incertae_sedis,Fungi_sp;sh__SH0153982.10FU,NA,NA,NA,NA,NA,NA,NA,NA,NA,NA,NA,NA,NA,NA,NA,NA,NA,NA,NA,NA,NA,NA,NA
Ascomycota,Leotiomycetes,Leotiomycetes_ord_Incertae_sedis,Leotiomycetes_fam_Incertae_sedis,Leotiomycetes_gen_Incertae_sedis,Leotiomycetes_sp;sh__SH0158609.10FU,NA,NA,NA,NA,NA,NA,NA,NA,NA,NA,NA,NA,NA,NA,NA,NA,NA,NA,NA,NA,NA,NA,NA
Ascomycota,Sordariomycetes,Xylariales,Microdochiaceae,Microdochium,Microdochium_phragmitis;sh__SH0122341.10FU,jrk05146,Ascomycota,Sordariomycetes,Xylariales,Microdochiaceae,,plant_pathogen,foliar_endophyte,,foliar_endophyte,leaf/fruit/seed_pathogen,leaf/fruit/seed,,partly_aquatic,,,filamentous_mycelium,none,none,,,,
Ascomycota,Dothideomycetes,Venturiales,NA,NA,NA,NA,NA,NA,NA,NA,NA,NA,NA,NA,NA,NA,NA,NA,NA,NA,NA,NA,NA,NA,NA,NA,NA,NA
Basidiomycota,Agaricomycetes,Agaricales,Inocybaceae,Inocybe,Inocybe_nitidiuscula;sh__SH0178817.10FU,jrk04145,Basidiomycota,Agaricomycetes,Agaricales,Inocybaceae,,ectomycorrhizal,,,,,,,non-aquatic,,,filamentous_mycelium,agaricoid,gills,short-distance_delicate,/inocybe,,
Ascomycota,Dothideomycetes,Dothideomycetes_ord_Incertae_sedis,Dothideomycetes_fam_Incertae_sedis,Dothideomycetes_gen_Incertae_sedis,Dothideomycetes_sp;sh__SH0058274.10FU,NA,NA,NA,NA,NA,NA,NA,NA,NA,NA,NA,NA,NA,NA,NA,NA,NA,NA,NA,NA,NA,NA,NA
Ascomycota,Eurotiomycetes,Chaetothyriales,Herpotrichiellaceae,Cladophialophora,Cladophialophora_sp;sh__SH0062397.10FU,jrk01805,Ascomycota,Eurotiomycetes,Chaetothyriales,Herpotrichiellaceae,,soil_saprotroph,root_endophyte_dark_septate,"mycoparasite_some_species,animal_pathogen_some_species",root_endophyte_dark_septate,,soil,,non-aquatic,animal_parasite/opportunistic_human_parasite,,dimorphic_yeast,none,,,,,
Basidiomycota,Agaricomycetes,Agaricales,Cortinariaceae,Cortinarius,Cortinarius_quercophilus;sh__SH0171027.10FU,jrk02100,Basidiomycota,Agaricomycetes,Agaricales,Cortinariaceae,,ectomycorrhizal,,,,,,,non-aquatic,,,filamentous_mycelium,agaricoid,gills,medium-distance_fringe,/cortinarius,,
Ascomycota,Eurotiomycetes,Chaetothyriales,Herpotrichiellaceae,Cladophialophora,Cladophialophora_sp;sh__SH0123617.10FU,jrk01805,Ascomycota,Eurotiomycetes,Chaetothyriales,Herpotrichiellaceae,,soil_saprotroph,root_endophyte_dark_septate,"mycoparasite_some_species,animal_pathogen_some_species",root_endophyte_dark_septate,,soil,,non-aquatic,animal_parasite/opportunistic_human_parasite,,dimorphic_yeast,none,,,,,
Basidiomycota,GS27,GS27_ord_Incertae_sedis,GS27_ord_Incertae_sedis_fam_Incertae_sedis,GS27_ord_Incertae_sedis_gen_Incertae_sedis,GS27_ord_Incertae_sedis_sp;sh__SH0150702.10FU,NA,NA,NA,NA,NA,NA,NA,NA,NA,NA,NA,NA,NA,NA,NA,NA,NA,NA,NA,NA,NA,NA,NA
Ascomycota,Dothideomycetes,Dothideomycetes_ord_Incertae_sedis,Dothideomycetes_fam_Incertae_sedis,Dothideomycetes_gen_Incertae_sedis,Dothideomycetes_sp;sh__SH0094143.10FU,NA,NA,NA,NA,NA,NA,NA,NA,NA,NA,NA,NA,NA,NA,NA,NA,NA,NA,NA,NA,NA,NA,NA
Basidiomycota,Agaricomycetes,Thelephorales,Thelephoraceae,Thelephoraceae_gen_Incertae_sedis,Thelephoraceae_sp,NA,NA,NA,NA,NA,NA,NA,NA,NA,NA,NA,NA,NA,NA,NA,NA,NA,NA,NA,NA,NA,NA,NA
Basidiomycota,Basidiomycota_cls_Incertae_sedis,Basidiomycota_ord_Incertae_sedis,Basidiomycota_fam_Incertae_sedis,Basidiomycota_gen_Incertae_sedis,Basidiomycota_sp;sh__SH0073879.10FU,NA,NA,NA,NA,NA,NA,NA,NA,NA,NA,NA,NA,NA,NA,NA,NA,NA,NA,NA,NA,NA,NA,NA
Ascomycota,Dothideomycetes,Dothideomycetes_ord_Incertae_sedis,Dothideomycetes_fam_Incertae_sedis,Dothideomycetes_gen_Incertae_sedis,Dothideomycetes_sp;sh__SH0020104.10FU,NA,NA,NA,NA,NA,NA,NA,NA,NA,NA,NA,NA,NA,NA,NA,NA,NA,NA,NA,NA,NA,NA,NA
Rozellomycota,Rozellomycota_cls_Incertae_sedis,Rozellomycota_ord_Incertae_sedis,Rozellomycota_fam_Incertae_sedis,Rozellomycota_gen_Incertae_sedis,Rozellomycota_sp;sh__SH0186164.10FU,NA,NA,NA,NA,NA,NA,NA,NA,NA,NA,NA,NA,NA,NA,NA,NA,NA,NA,NA,NA,NA,NA,NA
Ascomycota,Dothideomycetes,Venturiales,Venturiaceae,Venturia,Venturia_sp;sh__SH0172001.10FU,jrk09274,Ascomycota,Dothideomycetes,Venturiales,Venturiaceae,,plant_pathogen,litter_saprotroph,,,leaf/fruit/seed_pathogen,leaf/fruit/seed,,non-aquatic,,,filamentous_mycelium,"perithecium_(hymenium_hidden,_narrow_opening)",closed,,,,
NA,NA,NA,NA,NA,NA,NA,NA,NA,NA,NA,NA,NA,NA,NA,NA,NA,NA,NA,NA,NA,NA,NA,NA,NA,NA,NA,NA,NA
Rozellomycota,Rozellomycota_cls_Incertae_sedis,Rozellomycota_ord_Incertae_sedis,Rozellomycota_fam_Incertae_sedis,Rozellomycota_gen_Incertae_sedis,Rozellomycota_sp;sh__SH0012145.10FU,NA,NA,NA,NA,NA,NA,NA,NA,NA,NA,NA,NA,NA,NA,NA,NA,NA,NA,NA,NA,NA,NA,NA
Ascomycota,Leotiomycetes,Thelebolales,Thelebolales_fam_Incertae_sedis,Thelebolales_gen_Incertae_sedis,Thelebolales_sp;sh__SH0006446.10FU,NA,NA,NA,NA,NA,NA,NA,NA,NA,NA,NA,NA,NA,NA,NA,NA,NA,NA,NA,NA,NA,NA,NA
Basidiomycota,Agaricomycetes,Agaricales,Mycenaceae,Mycenaceae_gen_Incertae_sedis,Mycenaceae_sp;sh__SH0178476.10FU,NA,NA,NA,NA,NA,NA,NA,NA,NA,NA,NA,NA,NA,NA,NA,NA,NA,NA,NA,NA,NA,NA,NA
Ascomycota,Lecanoromycetes,Lecanoromycetes_ord_Incertae_sedis,Lecanoromycetes_fam_Incertae_sedis,Lecanoromycetes_gen_Incertae_sedis,Lecanoromycetes_sp;sh__SH0154789.10FU,NA,NA,NA,NA,NA,NA,NA,NA,NA,NA,NA,NA,NA,NA,NA,NA,NA,NA,NA,NA,NA,NA,NA
Basidiomycota,Agaricomycetes,Cantharellales,Ceratobasidiaceae,Ceratobasidiaceae_gen_Incertae_sedis,Ceratobasidiaceae_sp;sh__SH0155246.10FU,NA,NA,NA,NA,NA,NA,NA,NA,NA,NA,NA,NA,NA,NA,NA,NA,NA,NA,NA,NA,NA,NA,NA
Basidiomycota,Agaricomycetes,Russulales,Russulaceae,Russula,Russula_nigrifacta;sh__SH0018165.10FU,jrk07726,Basidiomycota,Agaricomycetes,Russulales,Russulaceae,,ectomycorrhizal,,,,,,,non-aquatic,,,filamentous_mycelium,agaricoid,gills,contact,/russula-lactarius,,
Ascomycota,Sordariomycetes,Xylariales,Xylariaceae,NA,NA,NA,NA,NA,NA,NA,NA,NA,NA,NA,NA,NA,NA,NA,NA,NA,NA,NA,NA,NA,NA,NA,NA,NA
Ascomycota,Leotiomycetes,Helotiales,Helotiales_fam_Incertae_sedis,Helotiales_gen_Incertae_sedis,Helotiales_sp;sh__SH0051123.10FU,NA,NA,NA,NA,NA,NA,NA,NA,NA,NA,NA,NA,NA,NA,NA,NA,NA,NA,NA,NA,NA,NA,NA
Basidiomycota,Agaricomycetes,Thelephorales,Thelephoraceae,Tomentella,Tomentella_sp;sh__SH0125230.10FU,jrk08875,Basidiomycota,Agaricomycetes,Thelephorales,Thelephoraceae,,ectomycorrhizal,,,,,,,non-aquatic,,,filamentous_mycelium,corticioid,smooth,medium-distance_smooth,/tomentella-thelephora,,
Ascomycota,Leotiomycetes,Helotiales,Helotiales_fam_Incertae_sedis,Helotiales_gen_Incertae_sedis,Helotiales_sp;sh__SH0109300.10FU,NA,NA,NA,NA,NA,NA,NA,NA,NA,NA,NA,NA,NA,NA,NA,NA,NA,NA,NA,NA,NA,NA,NA
Glomeromycota,Glomeromycetes,Glomerales,Glomeraceae,Glomus,Glomus_sp;sh__SH0154395.10FU,jrk03475,Glomeromycota,Glomeromycetes,Glomerales,Glomeraceae,,arbuscular_mycorrhizal,root-associated,,root_endophyte,,,,partly_freshwater_(partly_non-aquatic),,,filamentous_mycelium,none,none,,,,
Ascomycota,Archaeorhizomycetes,Archaeorhizomycetes_ord_Incertae_sedis,Archaeorhizomycetes_fam_Incertae_sedis,Archaeorhizomycetes_gen_Incertae_sedis,Archaeorhizomycetes_sp;sh__SH0144934.10FU,NA,NA,NA,NA,NA,NA,NA,NA,NA,NA,NA,NA,NA,NA,NA,NA,NA,NA,NA,NA,NA,NA,NA
Ascomycota,Leotiomycetes,NA,NA,NA,NA,NA,NA,NA,NA,NA,NA,NA,NA,NA,NA,NA,NA,NA,NA,NA,NA,NA,NA,NA,NA,NA,NA,NA
Basidiomycota,Agaricomycetes,Russulales,Russulaceae,Russula,Russula_vinosobrunneola;sh__SH0152303.10FU,jrk07726,Basidiomycota,Agaricomycetes,Russulales,Russulaceae,,ectomycorrhizal,,,,,,,non-aquatic,,,filamentous_mycelium,agaricoid,gills,contact,/russula-lactarius,,
Basidiomycota,Agaricomycetes,Hymenochaetales,Schizoporaceae,Hyphodontia,Hyphodontia_hastata;sh__SH0013955.10FU,jrk04032,Basidiomycota,Agaricomycetes,Hymenochaetales,Schizoporaceae,,wood_saprotroph,,,,,wood,white_rot,non-aquatic,,,filamentous_mycelium,corticioid,smooth,,,,
Fungi_phy_Incertae_sedis,Fungi_cls_Incertae_sedis,Fungi_ord_Incertae_sedis,Fungi_fam_Incertae_sedis,Fungi_gen_Incertae_sedis,Fungi_sp;sh__SH0165680.10FU,NA,NA,NA,NA,NA,NA,NA,NA,NA,NA,NA,NA,NA,NA,NA,NA,NA,NA,NA,NA,NA,NA,NA
Ascomycota,Leotiomycetes,Helotiales,Helotiales_fam_Incertae_sedis,Helotiales_gen_Incertae_sedis,Helotiales_sp;sh__SH0144143.10FU,NA,NA,NA,NA,NA,NA,NA,NA,NA,NA,NA,NA,NA,NA,NA,NA,NA,NA,NA,NA,NA,NA,NA
Ascomycota,NA,NA,NA,NA,NA,NA,NA,NA,NA,NA,NA,NA,NA,NA,NA,NA,NA,NA,NA,NA,NA,NA,NA,NA,NA,NA,NA,NA
NA,NA,NA,NA,NA,NA,NA,NA,NA,NA,NA,NA,NA,NA,NA,NA,NA,NA,NA,NA,NA,NA,NA,NA,NA,NA,NA,NA,NA
Ascomycota,Leotiomycetes,Helotiales,Helotiales_fam_Incertae_sedis,Helotiales_gen_Incertae_sedis,Helotiales_sp;sh__SH0133299.10FU,NA,NA,NA,NA,NA,NA,NA,NA,NA,NA,NA,NA,NA,NA,NA,NA,NA,NA,NA,NA,NA,NA,NA
Ascomycota,Pezizomycotina_cls_Incertae_sedis,Pezizomycotina_ord_Incertae_sedis,Pezizomycotina_fam_Incertae_sedis,Pezizomycotina_gen_Incertae_sedis,Pezizomycotina_sp;sh__SH0017288.10FU,NA,NA,NA,NA,NA,NA,NA,NA,NA,NA,NA,NA,NA,NA,NA,NA,NA,NA,NA,NA,NA,NA,NA
Ascomycota,NA,NA,NA,NA,NA,NA,NA,NA,NA,NA,NA,NA,NA,NA,NA,NA,NA,NA,NA,NA,NA,NA,NA,NA,NA,NA,NA,NA
Ascomycota,Ascomycota_cls_Incertae_sedis,Ascomycota_ord_Incertae_sedis,Ascomycota_fam_Incertae_sedis,Ascomycota_gen_Incertae_sedis,Ascomycota_sp;sh__SH0062380.10FU,NA,NA,NA,NA,NA,NA,NA,NA,NA,NA,NA,NA,NA,NA,NA,NA,NA,NA,NA,NA,NA,NA,NA
Ascomycota,NA,NA,NA,NA,NA,NA,NA,NA,NA,NA,NA,NA,NA,NA,NA,NA,NA,NA,NA,NA,NA,NA,NA,NA,NA,NA,NA,NA
Basidiomycota,Agaricomycetes,Agaricomycetes_ord_Incertae_sedis,Agaricomycetes_fam_Incertae_sedis,Agaricomycetes_gen_Incertae_sedis,Agaricomycetes_sp;sh__SH0031735.10FU,NA,NA,NA,NA,NA,NA,NA,NA,NA,NA,NA,NA,NA,NA,NA,NA,NA,NA,NA,NA,NA,NA,NA
Basidiomycota,Basidiomycota_cls_Incertae_sedis,Basidiomycota_ord_Incertae_sedis,Basidiomycota_fam_Incertae_sedis,Basidiomycota_gen_Incertae_sedis,Basidiomycota_sp;sh__SH0073879.10FU,NA,NA,NA,NA,NA,NA,NA,NA,NA,NA,NA,NA,NA,NA,NA,NA,NA,NA,NA,NA,NA,NA,NA
Basidiomycota,Agaricomycetes,Agaricales,Inocybaceae,Inocybe,Inocybe_minima;sh__SH0178774.10FU,jrk04145,Basidiomycota,Agaricomycetes,Agaricales,Inocybaceae,,ectomycorrhizal,,,,,,,non-aquatic,,,filamentous_mycelium,agaricoid,gills,short-distance_delicate,/inocybe,,
Ascomycota,Leotiomycetes,Rhytismatales,Rhytismataceae,Coccomyces,NA,jrk01914,Ascomycota,Leotiomycetes,Rhytismatales,Rhytismataceae,,litter_saprotroph,plant_pathogen,,foliar_endophyte,leaf/fruit/seed_pathogen,leaf/fruit/seed,,non-aquatic,,,filamentous_mycelium,apothecium_(hymenium_on_surface),smooth,,,,
Ascomycota,Leotiomycetes,Helotiales,Helotiales_fam_Incertae_sedis,Helotiales_gen_Incertae_sedis,Helotiales_sp;sh__SH0008444.10FU,NA,NA,NA,NA,NA,NA,NA,NA,NA,NA,NA,NA,NA,NA,NA,NA,NA,NA,NA,NA,NA,NA,NA
Ascomycota,Dothideomycetes,Venturiales,Cylindrosympodiaceae,Pseudoanungitea,Pseudoanungitea_vaccinii;sh__SH0056824.10FU,jrk07005,Ascomycota,Dothideomycetes,Venturiales,Venturiaceae,,wood_saprotroph,,,,,wood,,non-aquatic,,,filamentous_mycelium,"perithecium_(hymenium_hidden,_narrow_opening)",closed,,,,
Ascomycota,NA,NA,NA,NA,NA,NA,NA,NA,NA,NA,NA,NA,NA,NA,NA,NA,NA,NA,NA,NA,NA,NA,NA,NA,NA,NA,NA,NA
NA,NA,NA,NA,NA,NA,NA,NA,NA,NA,NA,NA,NA,NA,NA,NA,NA,NA,NA,NA,NA,NA,NA,NA,NA,NA,NA,NA,NA
Rozellomycota,Rozellomycota_cls_Incertae_sedis,Rozellomycota_ord_Incertae_sedis,Rozellomycota_fam_Incertae_sedis,Rozellomycota_gen_Incertae_sedis,Rozellomycota_sp;sh__SH0146815.10FU,NA,NA,NA,NA,NA,NA,NA,NA,NA,NA,NA,NA,NA,NA,NA,NA,NA,NA,NA,NA,NA,NA,NA
Basidiomycota,Tremellomycetes,Tremellales,Phaeotremellaceae,Phaeotremella,NA,jrk06446,Basidiomycota,Tremellomycetes,Tremellales,Phaeotremellaceae,,mycoparasite,fungal_decomposer,,,,fungal_material,,non-aquatic,,,dimorphic_yeast,tremelloid,,,,,
NA,NA,NA,NA,NA,NA,NA,NA,NA,NA,NA,NA,NA,NA,NA,NA,NA,NA,NA,NA,NA,NA,NA,NA,NA,NA,NA,NA,NA
Basidiomycota,Agaricomycetes,NA,NA,NA,NA,NA,NA,NA,NA,NA,NA,NA,NA,NA,NA,NA,NA,NA,NA,NA,NA,NA,NA,NA,NA,NA,NA,NA
NA,NA,NA,NA,NA,NA,NA,NA,NA,NA,NA,NA,NA,NA,NA,NA,NA,NA,NA,NA,NA,NA,NA,NA,NA,NA,NA,NA,NA
Ascomycota,Leotiomycetes,Helotiales,Helotiales_fam_Incertae_sedis,Helotiales_gen_Incertae_sedis,Helotiales_sp;sh__SH0124163.10FU,NA,NA,NA,NA,NA,NA,NA,NA,NA,NA,NA,NA,NA,NA,NA,NA,NA,NA,NA,NA,NA,NA,NA
Basidiomycota,Agaricomycetes,Sebacinales,Serendipitaceae,Serendipita,Serendipita_sp,jrk08004,Basidiomycota,Agaricomycetes,Sebacinales,Serendipitaceae,,root_endophyte,soil_saprotroph,ectomycorrhizal_1%_species/ericoid_mycorrhizal_many_species/orchid_mycorrhizal,root_endophyte,,soil,,non-aquatic,,,filamentous_mycelium,none,none,,,,
Basidiomycota,Agaricomycetes,Agaricales,Cortinariaceae,Cortinarius,NA,jrk02100,Basidiomycota,Agaricomycetes,Agaricales,Cortinariaceae,,ectomycorrhizal,,,,,,,non-aquatic,,,filamentous_mycelium,agaricoid,gills,medium-distance_fringe,/cortinarius,,
Ascomycota,Leotiomycetes,Helotiales,Helotiales_fam_Incertae_sedis,Helotiales_gen_Incertae_sedis,Helotiales_sp;sh__SH0008495.10FU,NA,NA,NA,NA,NA,NA,NA,NA,NA,NA,NA,NA,NA,NA,NA,NA,NA,NA,NA,NA,NA,NA,NA
Basidiomycota,Agaricomycetes,Agaricales,Clavariaceae,Clavariaceae_gen_Incertae_sedis,Clavariaceae_sp;sh__SH0012687.10FU,NA,NA,NA,NA,NA,NA,NA,NA,NA,NA,NA,NA,NA,NA,NA,NA,NA,NA,NA,NA,NA,NA,NA
Ascomycota,Leotiomycetes,NA,NA,NA,NA,NA,NA,NA,NA,NA,NA,NA,NA,NA,NA,NA,NA,NA,NA,NA,NA,NA,NA,NA,NA,NA,NA,NA
Ascomycota,Lecanoromycetes,Lecanorales,Parmeliaceae,Hypogymnia,Hypogymnia_physodes;sh__SH0077456.10FU,jrk04063,Ascomycota,Lecanoromycetes,Lecanorales,Parmeliaceae,,lichenized,,,,,,,non-aquatic,,,thallus_photosynthetic,apothecium_(hymenium_on_surface),smooth,,,chlorococcoid,
NA,NA,NA,NA,NA,NA,NA,NA,NA,NA,NA,NA,NA,NA,NA,NA,NA,NA,NA,NA,NA,NA,NA,NA,NA,NA,NA,NA,NA
Rozellomycota,Rozellomycota_cls_Incertae_sedis,Rozellomycota_ord_Incertae_sedis,Rozellomycota_fam_Incertae_sedis,Rozellomycota_gen_Incertae_sedis,Rozellomycota_sp;sh__SH0009011.10FU,NA,NA,NA,NA,NA,NA,NA,NA,NA,NA,NA,NA,NA,NA,NA,NA,NA,NA,NA,NA,NA,NA,NA
Basidiomycota,Agaricomycetes,Agaricales,Cortinariaceae,Cortinarius,NA,jrk02100,Basidiomycota,Agaricomycetes,Agaricales,Cortinariaceae,,ectomycorrhizal,,,,,,,non-aquatic,,,filamentous_mycelium,agaricoid,gills,medium-distance_fringe,/cortinarius,,
Ascomycota,NA,NA,NA,NA,NA,NA,NA,NA,NA,NA,NA,NA,NA,NA,NA,NA,NA,NA,NA,NA,NA,NA,NA,NA,NA,NA,NA,NA
Ascomycota,Lecanoromycetes,Acarosporales,Acarosporaceae,Acarospora,Acarospora_sp;sh__SH0187268.10FU,jrk00044,Ascomycota,Lecanoromycetes,Acarosporales,Acarosporaceae,,lichenized,,,,,,,non-aquatic,,,thallus_photosynthetic,apothecium_(hymenium_on_surface),smooth,,,chlorococcoid,
Basidiomycota,Agaricomycetes,Hymenochaetales,Hymenochaetales_fam_Incertae_sedis,Hymenochaetales_gen_Incertae_sedis,Hymenochaetales_sp,NA,NA,NA,NA,NA,NA,NA,NA,NA,NA,NA,NA,NA,NA,NA,NA,NA,NA,NA,NA,NA,NA,NA
Glomeromycota,Glomeromycetes,Glomerales,Glomeraceae,Glomeraceae_gen_Incertae_sedis,Glomeraceae_sp;sh__SH0095260.10FU,NA,NA,NA,NA,NA,NA,NA,NA,NA,NA,NA,NA,NA,NA,NA,NA,NA,NA,NA,NA,NA,NA,NA
Ascomycota,Leotiomycetes,Helotiales,Pezizellaceae,Chalara,Chalara_hyalocuspica;sh__SH0188231.10FU,jrk01652,Ascomycota,Leotiomycetes,Helotiales,Pezizellaceae,,litter_saprotroph,plant_pathogen,hypervariable,foliar_endophyte,"wood_pathogen,leaf/fruit/seed_pathogen","wood,leaf/fruit/seed",soft_rot,non-aquatic,,,filamentous_mycelium,None,none,,,,
Ascomycota,Ascomycota_cls_Incertae_sedis,Ascomycota_ord_Incertae_sedis,Ascomycota_fam_Incertae_sedis,Ascomycota_gen_Incertae_sedis,Ascomycota_sp;sh__SH0080261.10FU,NA,NA,NA,NA,NA,NA,NA,NA,NA,NA,NA,NA,NA,NA,NA,NA,NA,NA,NA,NA,NA,NA,NA
Ascomycota,Leotiomycetes,Helotiales,Helotiales_fam_Incertae_sedis,Helotiales_gen_Incertae_sedis,Helotiales_sp;sh__SH0144143.10FU,NA,NA,NA,NA,NA,NA,NA,NA,NA,NA,NA,NA,NA,NA,NA,NA,NA,NA,NA,NA,NA,NA,NA
Ascomycota,Ascomycota_cls_Incertae_sedis,Ascomycota_ord_Incertae_sedis,Ascomycota_fam_Incertae_sedis,Ascomycota_gen_Incertae_sedis,Ascomycota_sp;sh__SH0004864.10FU,NA,NA,NA,NA,NA,NA,NA,NA,NA,NA,NA,NA,NA,NA,NA,NA,NA,NA,NA,NA,NA,NA,NA
Basidiomycota,Agaricomycetes,Atheliales,Atheliaceae,Amphinema,Amphinema_sp;sh__SH0142762.10FU,jrk00319,Basidiomycota,Agaricomycetes,Atheliales,Atheliaceae,,ectomycorrhizal,,,,,,,non-aquatic,,,filamentous_mycelium,corticioid,smooth,medium-distance_fringe,/amphinema-tylospora,,
Ascomycota,NA,NA,NA,NA,NA,NA,NA,NA,NA,NA,NA,NA,NA,NA,NA,NA,NA,NA,NA,NA,NA,NA,NA,NA,NA,NA,NA,NA
Basidiomycota,Agaricomycetes,Boletales,Suillaceae,Suillus,Suillus_bovinus;sh__SH0145063.10FU,jrk08511,Basidiomycota,Agaricomycetes,Boletales,Suillaceae,,ectomycorrhizal,,,,,,,non-aquatic,,Pinaceae,filamentous_mycelium,agaricoid,poroid,long-distance,/suillus-rhizopogon,,
Basidiomycota,Agaricomycetes,Russulales,Russulaceae,Russula,Russula_sp;sh__SH0003476.10FU,jrk07726,Basidiomycota,Agaricomycetes,Russulales,Russulaceae,,ectomycorrhizal,,,,,,,non-aquatic,,,filamentous_mycelium,agaricoid,gills,contact,/russula-lactarius,,
Ascomycota,NA,NA,NA,NA,NA,NA,NA,NA,NA,NA,NA,NA,NA,NA,NA,NA,NA,NA,NA,NA,NA,NA,NA,NA,NA,NA,NA,NA
Ascomycota,Leotiomycetes,Helotiales,Helotiales_fam_Incertae_sedis,Helotiales_gen_Incertae_sedis,Helotiales_sp,NA,NA,NA,NA,NA,NA,NA,NA,NA,NA,NA,NA,NA,NA,NA,NA,NA,NA,NA,NA,NA,NA,NA
Basidiomycota,Agaricomycetes,Agaricales,Tricholomataceae,Tricholoma,Tricholoma_saponaceum;sh__SH0014263.10FU,jrk08985,Basidiomycota,Agaricomycetes,Agaricales,Tricholomataceae,,ectomycorrhizal,,,,,,,non-aquatic,,,filamentous_mycelium,agaricoid,gills,medium-distance_fringe,/tricholoma,,
Ascomycota,Leotiomycetes,Helotiales,Helotiales_fam_Incertae_sedis,Helotiales_gen_Incertae_sedis,Helotiales_sp;sh__SH0158684.10FU,NA,NA,NA,NA,NA,NA,NA,NA,NA,NA,NA,NA,NA,NA,NA,NA,NA,NA,NA,NA,NA,NA,NA
Basidiomycota,Geminibasidiomycetes,Geminibasidiales,Geminibasidiaceae,Geminibasidium,NA,jrk03363,Basidiomycota,Geminibasidiomycetes,Geminibasidiales,Geminibasidiaceae,,soil_saprotroph,,extremophile_xerophile_and_heat_resistant,,,soil,,non-aquatic,,,filamentous_mycelium,none,none,,,,
Ascomycota,Pezizomycetes,Pezizales,Pezizaceae,Pachyphlodes,Pachyphlodes_sp;sh__SH0122691.10FU,jrk06012,Ascomycota,Pezizomycetes,Pezizales,Pezizaceae,,ectomycorrhizal,,,,,,,non-aquatic,,,filamentous_mycelium,gasteroid-hypogeous,closed,short-distance_coarse,/pachyphloeus-amylascus,,
Basidiomycota,Agaricomycetes,Agaricales,Cortinariaceae,Cortinarius,NA,jrk02100,Basidiomycota,Agaricomycetes,Agaricales,Cortinariaceae,,ectomycorrhizal,,,,,,,non-aquatic,,,filamentous_mycelium,agaricoid,gills,medium-distance_fringe,/cortinarius,,
Basidiomycota,Agaricomycetes,Geastrales,Geastrales_fam_Incertae_sedis,Geastrales_gen_Incertae_sedis,Geastrales_sp;sh__SH0050075.10FU,NA,NA,NA,NA,NA,NA,NA,NA,NA,NA,NA,NA,NA,NA,NA,NA,NA,NA,NA,NA,NA,NA,NA
Ascomycota,Eurotiomycetes,Chaetothyriales,Herpotrichiellaceae,Cladophialophora,Cladophialophora_sp,jrk01805,Ascomycota,Eurotiomycetes,Chaetothyriales,Herpotrichiellaceae,,soil_saprotroph,root_endophyte_dark_septate,"mycoparasite_some_species,animal_pathogen_some_species",root_endophyte_dark_septate,,soil,,non-aquatic,animal_parasite/opportunistic_human_parasite,,dimorphic_yeast,none,,,,,
Ascomycota,Eurotiomycetes,Sclerococcales,Dactylosporaceae,Sclerococcum,Sclerococcum_ahtii;sh__SH0135176.10FU,jrk07879,Ascomycota,Eurotiomycetes,Sclerococcales,Dactylosporaceae,,lichen_parasite,fungal_decomposer,saprotroph_unspecified_some_species,,,"fungal_material,algal_material",,non-aquatic,,,filamentous_mycelium,apothecium_(hymenium_on_surface),smooth,,,,
Ascomycota,Eurotiomycetes,Chaetothyriales,Herpotrichiellaceae,Cladophialophora,Cladophialophora_sp;sh__SH0165011.10FU,jrk01805,Ascomycota,Eurotiomycetes,Chaetothyriales,Herpotrichiellaceae,,soil_saprotroph,root_endophyte_dark_septate,"mycoparasite_some_species,animal_pathogen_some_species",root_endophyte_dark_septate,,soil,,non-aquatic,animal_parasite/opportunistic_human_parasite,,dimorphic_yeast,none,,,,,
Ascomycota,Dothideomycetes,Venturiales,Venturiaceae,Venturia,Venturia_sp;sh__SH0026960.10FU,jrk09274,Ascomycota,Dothideomycetes,Venturiales,Venturiaceae,,plant_pathogen,litter_saprotroph,,,leaf/fruit/seed_pathogen,leaf/fruit/seed,,non-aquatic,,,filamentous_mycelium,"perithecium_(hymenium_hidden,_narrow_opening)",closed,,,,
Basidiomycota,Agaricomycetes,Boletales,Boletaceae,Xerocomellus,Xerocomellus_chrysenteron;sh__SH0013816.10FU,jrk09461,Basidiomycota,Agaricomycetes,Boletales,Boletaceae,,ectomycorrhizal,,,,,,,non-aquatic,,,filamentous_mycelium,agaricoid,poroid,long-distance,/boletus,,
Basidiomycota,Agaricomycetes,Agaricales,Mycenaceae,Mycena,NA,jrk05357,Basidiomycota,Agaricomycetes,Agaricales,Mycenaceae,,litter_saprotroph,root-associated,wood_saprotroph_many_species,root-associated,leaf/fruit/seed_pathogen,leaf/fruit/seed,,non-aquatic,,,filamentous_mycelium,agaricoid,gills,,,,
Ascomycota,Dothideomycetes,Pleosporales,NA,NA,NA,NA,NA,NA,NA,NA,NA,NA,NA,NA,NA,NA,NA,NA,NA,NA,NA,NA,NA,NA,NA,NA,NA,NA
Fungi_phy_Incertae_sedis,Fungi_cls_Incertae_sedis,Fungi_ord_Incertae_sedis,Fungi_fam_Incertae_sedis,Fungi_gen_Incertae_sedis,Fungi_sp;sh__SH0193558.10FU,NA,NA,NA,NA,NA,NA,NA,NA,NA,NA,NA,NA,NA,NA,NA,NA,NA,NA,NA,NA,NA,NA,NA
Basidiomycota,Agaricomycetes,Russulales,Russulaceae,Russula,Russula_sanguinea;sh__SH0143454.10FU,jrk07726,Basidiomycota,Agaricomycetes,Russulales,Russulaceae,,ectomycorrhizal,,,,,,,non-aquatic,,,filamentous_mycelium,agaricoid,gills,contact,/russula-lactarius,,
Ascomycota,Sordariomycetes,Hypocreales,Hypocreales_fam_Incertae_sedis,Hypocreales_gen_Incertae_sedis,Hypocreales_sp;sh__SH0180513.10FU,NA,NA,NA,NA,NA,NA,NA,NA,NA,NA,NA,NA,NA,NA,NA,NA,NA,NA,NA,NA,NA,NA,NA
Ascomycota,NA,NA,NA,NA,NA,NA,NA,NA,NA,NA,NA,NA,NA,NA,NA,NA,NA,NA,NA,NA,NA,NA,NA,NA,NA,NA,NA,NA
Ascomycota,Eurotiomycetes,Chaetothyriales,Herpotrichiellaceae,Cladophialophora,Cladophialophora_sp,jrk01805,Ascomycota,Eurotiomycetes,Chaetothyriales,Herpotrichiellaceae,,soil_saprotroph,root_endophyte_dark_septate,"mycoparasite_some_species,animal_pathogen_some_species",root_endophyte_dark_septate,,soil,,non-aquatic,animal_parasite/opportunistic_human_parasite,,dimorphic_yeast,none,,,,,
Ascomycota,Leotiomycetes,NA,NA,NA,NA,NA,NA,NA,NA,NA,NA,NA,NA,NA,NA,NA,NA,NA,NA,NA,NA,NA,NA,NA,NA,NA,NA,NA
Fungi_phy_Incertae_sedis,Fungi_cls_Incertae_sedis,Fungi_ord_Incertae_sedis,Fungi_fam_Incertae_sedis,Fungi_gen_Incertae_sedis,Fungi_sp;sh__SH0083993.10FU,NA,NA,NA,NA,NA,NA,NA,NA,NA,NA,NA,NA,NA,NA,NA,NA,NA,NA,NA,NA,NA,NA,NA
Basidiomycota,Agaricomycetes,Agaricales,Clavariaceae,Clavaria,Clavaria_sp;sh__SH0173689.10FU,jrk01836,Basidiomycota,Agaricomycetes,Agaricales,Clavariaceae,,soil_saprotroph,unspecified_symbiotroph,CHEGD_symbiotrophs,root-associated,root-associated,"roots,soil",,non-aquatic,,,filamentous_mycelium,clavarioid,smooth,,,,
Ascomycota,Eurotiomycetes,Chaetothyriales,Herpotrichiellaceae,Cladophialophora,NA,jrk01805,Ascomycota,Eurotiomycetes,Chaetothyriales,Herpotrichiellaceae,,soil_saprotroph,root_endophyte_dark_septate,"mycoparasite_some_species,animal_pathogen_some_species",root_endophyte_dark_septate,,soil,,non-aquatic,animal_parasite/opportunistic_human_parasite,,dimorphic_yeast,none,,,,,
Mucoromycota,Endogonomycetes,Endogonomycetes_ord_Incertae_sedis,Endogonomycetes_fam_Incertae_sedis,Endogonomycetes_gen_Incertae_sedis,Endogonomycetes_sp;sh__SH0100233.10FU,NA,NA,NA,NA,NA,NA,NA,NA,NA,NA,NA,NA,NA,NA,NA,NA,NA,NA,NA,NA,NA,NA,NA
Ascomycota,Leotiomycetes,Rhytismatales,Rhytismataceae,Coccomyces,Coccomyces_sp;sh__SH0167016.10FU,jrk01914,Ascomycota,Leotiomycetes,Rhytismatales,Rhytismataceae,,litter_saprotroph,plant_pathogen,,foliar_endophyte,leaf/fruit/seed_pathogen,leaf/fruit/seed,,non-aquatic,,,filamentous_mycelium,apothecium_(hymenium_on_surface),smooth,,,,
Ascomycota,Leotiomycetes,Helotiales,NA,NA,NA,NA,NA,NA,NA,NA,NA,NA,NA,NA,NA,NA,NA,NA,NA,NA,NA,NA,NA,NA,NA,NA,NA,NA
Basidiomycota,Agaricomycetes,Thelephorales,Bankeraceae,Hydnellum,Hydnellum_cumulatum;sh__SH0131802.10FU,jrk03977,Basidiomycota,Agaricomycetes,Thelephorales,Bankeraceae,,ectomycorrhizal,,,,,,,non-aquatic,,,filamentous_mycelium,agaricoid,hydnoid,mat,/hydnellum-sarcodon,,
Ascomycota,Dothideomycetes,Mycosphaerellales,Teratosphaeriaceae,Lapidomyces,Lapidomyces_hispanicus;sh__SH0072125.10FU,jrk04465,Ascomycota,Dothideomycetes,Capnodiales,Teratosphaeriaceae,,unspecified_saprotroph,rock-inhabiting,,,,soil,,non-aquatic,,,filamentous_mycelium,"perithecium_(hymenium_hidden,_narrow_opening)",closed,,,,
Ascomycota,Leotiomycetes,Helotiales,Helotiaceae,Cudoniella,Cudoniella_tenuispora;sh__SH0174196.10FU,jrk02239,Ascomycota,Leotiomycetes,Helotiales,Helotiaceae,,litter_saprotroph,wood_saprotroph,,,,"wood,leaf/fruit/seed",,partly_freshwater_(partly_non-aquatic),,,filamentous_mycelium,apothecium_(hymenium_on_surface),smooth,,,,
Basidiomycota,Agaricomycetes,Agaricales,Entolomataceae,Entoloma,Entoloma_luteofuscum;sh__SH0064098.10FU,jrk02963,Basidiomycota,Agaricomycetes,Agaricales,Entolomataceae,,soil_saprotroph,unspecified_symbiotroph,"CHEGD_symbiotrophs,ectomycorrhizal_ca_10%_of_species",root-associated,root-associated,"roots,soil",,non-aquatic,,,filamentous_mycelium,agaricoid,gills,medium-distance_smooth,/entoloma,,
Basidiomycota,Basidiomycota_cls_Incertae_sedis,Basidiomycota_ord_Incertae_sedis,Basidiomycota_fam_Incertae_sedis,Basidiomycota_gen_Incertae_sedis,Basidiomycota_sp;sh__SH0103887.10FU,NA,NA,NA,NA,NA,NA,NA,NA,NA,NA,NA,NA,NA,NA,NA,NA,NA,NA,NA,NA,NA,NA,NA
Ascomycota,Lecanoromycetes,Lecanorales,Sphaerophoraceae,Sphaerophoraceae_gen_Incertae_sedis,Sphaerophoraceae_sp;sh__SH0005199.10FU,NA,NA,NA,NA,NA,NA,NA,NA,NA,NA,NA,NA,NA,NA,NA,NA,NA,NA,NA,NA,NA,NA,NA
Chytridiomycota,Rhizophydiomycetes,Rhizophydiales,Rhizophydiales_fam_Incertae_sedis,Rhizophydiales_gen_Incertae_sedis,Rhizophydiales_sp;sh__SH0101779.10FU,NA,NA,NA,NA,NA,NA,NA,NA,NA,NA,NA,NA,NA,NA,NA,NA,NA,NA,NA,NA,NA,NA,NA
Mucoromycota,Endogonomycetes,GS22,GS22_fam_Incertae_sedis,GS22_gen_Incertae_sedis,GS22_sp;sh__SH0116910.10FU,NA,NA,NA,NA,NA,NA,NA,NA,NA,NA,NA,NA,NA,NA,NA,NA,NA,NA,NA,NA,NA,NA,NA
Ascomycota,NA,NA,NA,NA,NA,NA,NA,NA,NA,NA,NA,NA,NA,NA,NA,NA,NA,NA,NA,NA,NA,NA,NA,NA,NA,NA,NA,NA
Basidiomycota,Agaricomycetes,Agaricales,Hygrophoraceae,Hygrocybe,Hygrocybe_cantharellus;sh__SH0078864.10FU,jrk03999,Basidiomycota,Agaricomycetes,Agaricales,Hygrophoraceae,,soil_saprotroph,unspecified_symbiotroph,CHEGD_symbiotrophs,root-associated,root-associated,"roots,soil",,non-aquatic,,,filamentous_mycelium,agaricoid,gills,,,,
Ascomycota,Eurotiomycetes,Chaetothyriales,Herpotrichiellaceae,Cladophialophora,Cladophialophora_sp;sh__SH0153978.10FU,jrk01805,Ascomycota,Eurotiomycetes,Chaetothyriales,Herpotrichiellaceae,,soil_saprotroph,root_endophyte_dark_septate,"mycoparasite_some_species,animal_pathogen_some_species",root_endophyte_dark_septate,,soil,,non-aquatic,animal_parasite/opportunistic_human_parasite,,dimorphic_yeast,none,,,,,
Basidiomycota,Agaricomycetes,NA,NA,NA,NA,NA,NA,NA,NA,NA,NA,NA,NA,NA,NA,NA,NA,NA,NA,NA,NA,NA,NA,NA,NA,NA,NA,NA
Ascomycota,Dothideomycetes,Dothideomycetes_ord_Incertae_sedis,Dothideomycetes_fam_Incertae_sedis,Dothideomycetes_gen_Incertae_sedis,Dothideomycetes_sp,NA,NA,NA,NA,NA,NA,NA,NA,NA,NA,NA,NA,NA,NA,NA,NA,NA,NA,NA,NA,NA,NA,NA
Basidiomycota,Agaricomycetes,Agaricales,Mycenaceae,Mycena,NA,jrk05357,Basidiomycota,Agaricomycetes,Agaricales,Mycenaceae,,litter_saprotroph,root-associated,wood_saprotroph_many_species,root-associated,leaf/fruit/seed_pathogen,leaf/fruit/seed,,non-aquatic,,,filamentous_mycelium,agaricoid,gills,,,,
Basidiomycota,Agaricomycetes,Agaricales,Clavariaceae,Clavariaceae_gen_Incertae_sedis,Clavariaceae_sp;sh__SH0142194.10FU,NA,NA,NA,NA,NA,NA,NA,NA,NA,NA,NA,NA,NA,NA,NA,NA,NA,NA,NA,NA,NA,NA,NA
Ascomycota,Leotiomycetes,NA,NA,NA,NA,NA,NA,NA,NA,NA,NA,NA,NA,NA,NA,NA,NA,NA,NA,NA,NA,NA,NA,NA,NA,NA,NA,NA
Ascomycota,NA,NA,NA,NA,NA,NA,NA,NA,NA,NA,NA,NA,NA,NA,NA,NA,NA,NA,NA,NA,NA,NA,NA,NA,NA,NA,NA,NA
Basidiomycota,Basidiomycota_cls_Incertae_sedis,Basidiomycota_ord_Incertae_sedis,Basidiomycota_fam_Incertae_sedis,Basidiomycota_gen_Incertae_sedis,Basidiomycota_sp;sh__SH0020368.10FU,NA,NA,NA,NA,NA,NA,NA,NA,NA,NA,NA,NA,NA,NA,NA,NA,NA,NA,NA,NA,NA,NA,NA
Ascomycota,Leotiomycetes,Helotiales,Helotiales_fam_Incertae_sedis,Helotiales_gen_Incertae_sedis,Helotiales_sp;sh__SH0008521.10FU,NA,NA,NA,NA,NA,NA,NA,NA,NA,NA,NA,NA,NA,NA,NA,NA,NA,NA,NA,NA,NA,NA,NA
Ascomycota,Eurotiomycetes,Chaetothyriales,Herpotrichiellaceae,Cladophialophora,Cladophialophora_sp;sh__SH0153992.10FU,jrk01805,Ascomycota,Eurotiomycetes,Chaetothyriales,Herpotrichiellaceae,,soil_saprotroph,root_endophyte_dark_septate,"mycoparasite_some_species,animal_pathogen_some_species",root_endophyte_dark_septate,,soil,,non-aquatic,animal_parasite/opportunistic_human_parasite,,dimorphic_yeast,none,,,,,
Ascomycota,Sordariomycetes,Hypocreales,Ophiocordycipitaceae,Tolypocladium,Tolypocladium_paradoxum;sh__SH0141085.10FU,jrk08871,Ascomycota,Sordariomycetes,Hypocreales,Ophiocordycipitaceae,,animal_parasite,foliar_endophyte,"mycoparasite_many_species,toxin-producing",foliar_endophyte,,animal_material,,non-aquatic,animal_parasite,,filamentous_mycelium,"perithecium_(hymenium_hidden,_narrow_opening)",closed,,,,
Ascomycota,Eurotiomycetes,Chaetothyriales,Herpotrichiellaceae,Cladophialophora,Cladophialophora_sp,jrk01805,Ascomycota,Eurotiomycetes,Chaetothyriales,Herpotrichiellaceae,,soil_saprotroph,root_endophyte_dark_septate,"mycoparasite_some_species,animal_pathogen_some_species",root_endophyte_dark_septate,,soil,,non-aquatic,animal_parasite/opportunistic_human_parasite,,dimorphic_yeast,none,,,,,
Rozellomycota,Rozellomycota_cls_Incertae_sedis,Rozellomycota_ord_Incertae_sedis,Rozellomycota_fam_Incertae_sedis,Rozellomycota_gen_Incertae_sedis,Rozellomycota_sp;sh__SH0155562.10FU,NA,NA,NA,NA,NA,NA,NA,NA,NA,NA,NA,NA,NA,NA,NA,NA,NA,NA,NA,NA,NA,NA,NA
Rozellomycota,Rozellomycota_cls_Incertae_sedis,Rozellomycota_ord_Incertae_sedis,Rozellomycota_fam_Incertae_sedis,Rozellomycota_gen_Incertae_sedis,Rozellomycota_sp;sh__SH0146815.10FU,NA,NA,NA,NA,NA,NA,NA,NA,NA,NA,NA,NA,NA,NA,NA,NA,NA,NA,NA,NA,NA,NA,NA
Ascomycota,NA,NA,NA,NA,NA,NA,NA,NA,NA,NA,NA,NA,NA,NA,NA,NA,NA,NA,NA,NA,NA,NA,NA,NA,NA,NA,NA,NA
Ascomycota,Eurotiomycetes,Chaetothyriales,Chaetothyriales_fam_Incertae_sedis,Chaetothyriales_gen_Incertae_sedis,Chaetothyriales_sp;sh__SH0061945.10FU,NA,NA,NA,NA,NA,NA,NA,NA,NA,NA,NA,NA,NA,NA,NA,NA,NA,NA,NA,NA,NA,NA,NA
Ascomycota,Pezizomycotina_cls_Incertae_sedis,Pezizomycotina_ord_Incertae_sedis,Pezizomycotina_fam_Incertae_sedis,Pezizomycotina_gen_Incertae_sedis,Pezizomycotina_sp;sh__SH0017288.10FU,NA,NA,NA,NA,NA,NA,NA,NA,NA,NA,NA,NA,NA,NA,NA,NA,NA,NA,NA,NA,NA,NA,NA
Ascomycota,Leotiomycetes,Leotiales,NA,NA,NA,NA,NA,NA,NA,NA,NA,NA,NA,NA,NA,NA,NA,NA,NA,NA,NA,NA,NA,NA,NA,NA,NA,NA
Ascomycota,Dothideomycetes,Pleosporales,NA,NA,NA,NA,NA,NA,NA,NA,NA,NA,NA,NA,NA,NA,NA,NA,NA,NA,NA,NA,NA,NA,NA,NA,NA,NA
Ascomycota,Sordariomycetes,Amphisphaeriales,Sporocadaceae,NA,NA,NA,NA,NA,NA,NA,NA,NA,NA,NA,NA,NA,NA,NA,NA,NA,NA,NA,NA,NA,NA,NA,NA,NA
Fungi_phy_Incertae_sedis,Fungi_cls_Incertae_sedis,Fungi_ord_Incertae_sedis,Fungi_fam_Incertae_sedis,Fungi_gen_Incertae_sedis,Fungi_sp;sh__SH0137411.10FU,NA,NA,NA,NA,NA,NA,NA,NA,NA,NA,NA,NA,NA,NA,NA,NA,NA,NA,NA,NA,NA,NA,NA
Ascomycota,Ascomycota_cls_Incertae_sedis,Ascomycota_ord_Incertae_sedis,Ascomycota_fam_Incertae_sedis,Ascomycota_gen_Incertae_sedis,Ascomycota_sp;sh__SH0148056.10FU,NA,NA,NA,NA,NA,NA,NA,NA,NA,NA,NA,NA,NA,NA,NA,NA,NA,NA,NA,NA,NA,NA,NA
Ascomycota,Eurotiomycetes,Chaetothyriales,Herpotrichiellaceae,Cladophialophora,Cladophialophora_sp;sh__SH0154004.10FU,jrk01805,Ascomycota,Eurotiomycetes,Chaetothyriales,Herpotrichiellaceae,,soil_saprotroph,root_endophyte_dark_septate,"mycoparasite_some_species,animal_pathogen_some_species",root_endophyte_dark_septate,,soil,,non-aquatic,animal_parasite/opportunistic_human_parasite,,dimorphic_yeast,none,,,,,
Ascomycota,Saccharomycetes,Saccharomycetales,Trichomonascaceae,Sugiyamaella,Sugiyamaella_paludigena;sh__SH0146355.10FU,jrk08506,Ascomycota,Saccharomycetes,Saccharomycetales,Trichomonascaceae,,animal_endosymbiont,nectar/tap_saprotroph,,,,sugar-rich_substrates,,non-aquatic,animal_endosymbiont,,yeast,none,none,,,,
Ascomycota,Leotiomycetes,Leotiomycetes_ord_Incertae_sedis,Leotiomycetes_fam_Incertae_sedis,Leotiomycetes_gen_Incertae_sedis,Leotiomycetes_sp;sh__SH0008486.10FU,NA,NA,NA,NA,NA,NA,NA,NA,NA,NA,NA,NA,NA,NA,NA,NA,NA,NA,NA,NA,NA,NA,NA
Basidiomycota,Agaricomycetes,Agaricales,Cystostereaceae,NA,NA,NA,NA,NA,NA,NA,NA,NA,NA,NA,NA,NA,NA,NA,NA,NA,NA,NA,NA,NA,NA,NA,NA,NA
Mucoromycota,Endogonomycetes,Endogonales,Endogonaceae,Endogone,Endogone_pisiformis;sh__SH0010045.10FU,jrk02917,Mucoromycota,Endogonomycetes,Endogonales,Endogonaceae,,soil_saprotroph,root_endophyte,ectomycorrhizal_1-2_species_in_E.pisiformis_complex,root_endophyte,root-associated,soil,,non-aquatic,,,filamentous_mycelium,zygosporangium,closed,short-distance_delicate,/endogone3,,
Ascomycota,Leotiomycetes,Helotiales,Helotiales_fam_Incertae_sedis,Helotiales_gen_Incertae_sedis,Helotiales_sp;sh__SH0146644.10FU,NA,NA,NA,NA,NA,NA,NA,NA,NA,NA,NA,NA,NA,NA,NA,NA,NA,NA,NA,NA,NA,NA,NA
Ascomycota,Leotiomycetes,Helotiales,NA,NA,NA,NA,NA,NA,NA,NA,NA,NA,NA,NA,NA,NA,NA,NA,NA,NA,NA,NA,NA,NA,NA,NA,NA,NA
Ascomycota,NA,NA,NA,NA,NA,NA,NA,NA,NA,NA,NA,NA,NA,NA,NA,NA,NA,NA,NA,NA,NA,NA,NA,NA,NA,NA,NA,NA
Ascomycota,Leotiomycetes,Helotiales,Mollisiaceae,Mollisia,Mollisia_sp;sh__SH0074307.10FU,jrk05247,Ascomycota,Leotiomycetes,Helotiales,Mollisiaceae,,plant_pathogen,litter_saprotroph,,foliar_endophyte,leaf/fruit/seed_pathogen,leaf/fruit/seed,soft_rot,partly_freshwater_(partly_non-aquatic),,,filamentous_mycelium,apothecium_(hymenium_on_surface),smooth,,,,
Ascomycota,Leotiomycetes,Leotiomycetes_ord_Incertae_sedis,Leotiomycetes_fam_Incertae_sedis,Leotiomycetes_gen_Incertae_sedis,Leotiomycetes_sp;sh__SH0158609.10FU,NA,NA,NA,NA,NA,NA,NA,NA,NA,NA,NA,NA,NA,NA,NA,NA,NA,NA,NA,NA,NA,NA,NA
NA,NA,NA,NA,NA,NA,NA,NA,NA,NA,NA,NA,NA,NA,NA,NA,NA,NA,NA,NA,NA,NA,NA,NA,NA,NA,NA,NA,NA
NA,NA,NA,NA,NA,NA,NA,NA,NA,NA,NA,NA,NA,NA,NA,NA,NA,NA,NA,NA,NA,NA,NA,NA,NA,NA,NA,NA,NA
Rozellomycota,Rozellomycota_cls_Incertae_sedis,Rozellomycota_ord_Incertae_sedis,Rozellomycota_fam_Incertae_sedis,Rozellomycota_gen_Incertae_sedis,Rozellomycota_sp;sh__SH0124659.10FU,NA,NA,NA,NA,NA,NA,NA,NA,NA,NA,NA,NA,NA,NA,NA,NA,NA,NA,NA,NA,NA,NA,NA
Ascomycota,Leotiomycetes,Leotiomycetes_ord_Incertae_sedis,Leotiomycetes_fam_Incertae_sedis,Leotiomycetes_gen_Incertae_sedis,Leotiomycetes_sp;sh__SH0146431.10FU,NA,NA,NA,NA,NA,NA,NA,NA,NA,NA,NA,NA,NA,NA,NA,NA,NA,NA,NA,NA,NA,NA,NA
Fungi_phy_Incertae_sedis,Fungi_cls_Incertae_sedis,Fungi_ord_Incertae_sedis,Fungi_fam_Incertae_sedis,Fungi_gen_Incertae_sedis,Fungi_sp;sh__SH0079103.10FU,NA,NA,NA,NA,NA,NA,NA,NA,NA,NA,NA,NA,NA,NA,NA,NA,NA,NA,NA,NA,NA,NA,NA
Basidiomycota,Agaricomycetes,Agaricales,Clavariaceae,Clavaria,Clavaria_falcata;sh__SH0006157.10FU,jrk01836,Basidiomycota,Agaricomycetes,Agaricales,Clavariaceae,,soil_saprotroph,unspecified_symbiotroph,CHEGD_symbiotrophs,root-associated,root-associated,"roots,soil",,non-aquatic,,,filamentous_mycelium,clavarioid,smooth,,,,
Basidiomycota,Tremellomycetes,Tremellales,Tremellales_fam_Incertae_sedis,Tremellales_gen_Incertae_sedis,Tremellales_sp;sh__SH0193245.10FU,NA,NA,NA,NA,NA,NA,NA,NA,NA,NA,NA,NA,NA,NA,NA,NA,NA,NA,NA,NA,NA,NA,NA
Basidiomycota,Agaricomycetes,Boletales,Gomphidiaceae,Chroogomphus,Chroogomphus_britannicus;sh__SH0129887.10FU,jrk01729,Basidiomycota,Agaricomycetes,Boletales,Gomphidiaceae,,ectomycorrhizal,,mycoparasite_partly,,,,,non-aquatic,,Pinaceae,filamentous_mycelium,agaricoid,gills,long-distance,/suillus-rhizopogon,,
Ascomycota,Leotiomycetes,Helotiales,NA,NA,NA,NA,NA,NA,NA,NA,NA,NA,NA,NA,NA,NA,NA,NA,NA,NA,NA,NA,NA,NA,NA,NA,NA,NA
Basidiomycota,Agaricomycetes,Agaricales,Clavariaceae,Clavaria,Clavaria_sp;sh__SH0173689.10FU,jrk01836,Basidiomycota,Agaricomycetes,Agaricales,Clavariaceae,,soil_saprotroph,unspecified_symbiotroph,CHEGD_symbiotrophs,root-associated,root-associated,"roots,soil",,non-aquatic,,,filamentous_mycelium,clavarioid,smooth,,,,
Ascomycota,Leotiomycetes,Helotiales,Helotiales_fam_Incertae_sedis,Helotiales_gen_Incertae_sedis,Helotiales_sp;sh__SH0003954.10FU,NA,NA,NA,NA,NA,NA,NA,NA,NA,NA,NA,NA,NA,NA,NA,NA,NA,NA,NA,NA,NA,NA,NA
Ascomycota,NA,NA,NA,NA,NA,NA,NA,NA,NA,NA,NA,NA,NA,NA,NA,NA,NA,NA,NA,NA,NA,NA,NA,NA,NA,NA,NA,NA
Basidiomycota,Agaricomycetes,Sebacinales,Serendipitaceae,Serendipita,Serendipita_sp;sh__SH0003238.10FU,jrk08004,Basidiomycota,Agaricomycetes,Sebacinales,Serendipitaceae,,root_endophyte,soil_saprotroph,ectomycorrhizal_1%_species/ericoid_mycorrhizal_many_species/orchid_mycorrhizal,root_endophyte,,soil,,non-aquatic,,,filamentous_mycelium,none,none,,,,
Basidiomycota,Agaricomycetes,Russulales,Russulaceae,Russula,Russula_westii;sh__SH0166014.10FU,jrk07726,Basidiomycota,Agaricomycetes,Russulales,Russulaceae,,ectomycorrhizal,,,,,,,non-aquatic,,,filamentous_mycelium,agaricoid,gills,contact,/russula-lactarius,,
Ascomycota,Eurotiomycetes,Chaetothyriales,Herpotrichiellaceae,Cladophialophora,Cladophialophora_sp;sh__SH0165082.10FU,jrk01805,Ascomycota,Eurotiomycetes,Chaetothyriales,Herpotrichiellaceae,,soil_saprotroph,root_endophyte_dark_septate,"mycoparasite_some_species,animal_pathogen_some_species",root_endophyte_dark_septate,,soil,,non-aquatic,animal_parasite/opportunistic_human_parasite,,dimorphic_yeast,none,,,,,
Basidiomycota,Agaricomycetes,Agaricales,Hymenogastraceae,Galerina,Galerina_pseudocamerina;sh__SH0176611.10FU,jrk03314,Basidiomycota,Agaricomycetes,Agaricales,Hymenogastraceae,,wood_saprotroph,litter_saprotroph,,,leaf/fruit/seed_pathogen,"wood,leaf/fruit/seed",,non-aquatic,,,filamentous_mycelium,agaricoid,gills,,,,
Ascomycota,Leotiomycetes,Leotiomycetes_ord_Incertae_sedis,Leotiomycetes_fam_Incertae_sedis,Leotiomycetes_gen_Incertae_sedis,Leotiomycetes_sp;sh__SH0008382.10FU,NA,NA,NA,NA,NA,NA,NA,NA,NA,NA,NA,NA,NA,NA,NA,NA,NA,NA,NA,NA,NA,NA,NA
Ascomycota,Dothideomycetes,Mycosphaerellales,NA,NA,NA,NA,NA,NA,NA,NA,NA,NA,NA,NA,NA,NA,NA,NA,NA,NA,NA,NA,NA,NA,NA,NA,NA,NA
Ascomycota,Leotiomycetes,Leotiales,Tympanidaceae,Tympanidaceae_gen_Incertae_sedis,Tympanidaceae_sp;sh__SH0144130.10FU,NA,NA,NA,NA,NA,NA,NA,NA,NA,NA,NA,NA,NA,NA,NA,NA,NA,NA,NA,NA,NA,NA,NA
Mucoromycota,Endogonomycetes,GS22,GS22_fam_Incertae_sedis,GS22_gen_Incertae_sedis,GS22_sp;sh__SH0116910.10FU,NA,NA,NA,NA,NA,NA,NA,NA,NA,NA,NA,NA,NA,NA,NA,NA,NA,NA,NA,NA,NA,NA,NA
Ascomycota,Leotiomycetes,Helotiales,NA,NA,NA,NA,NA,NA,NA,NA,NA,NA,NA,NA,NA,NA,NA,NA,NA,NA,NA,NA,NA,NA,NA,NA,NA,NA
Basidiomycota,Agaricomycetes,Agaricales,Psathyrellaceae,Coprinellus,Coprinellus_radians;sh__SH0182632.10FU,jrk02042,Basidiomycota,Agaricomycetes,Agaricales,Psathyrellaceae,,soil_saprotroph,,,,,soil,,partly_aquatic,,,filamentous_mycelium,agaricoid,gills,,,,
Ascomycota,Leotiomycetes,Helotiales,Helotiales_fam_Incertae_sedis,Leohumicola,Leohumicola_sp;sh__SH0118613.10FU,jrk04577,Ascomycota,Leotiomycetes,Helotiales,Helotiales family incertae sedis,,soil_saprotroph,ericoid_mycorrhizal,,root_endophyte_dark_septate,root-associated,"soil,roots",,non-aquatic,,,filamentous_mycelium,none,none,,,,
Ascomycota,Eurotiomycetes,Chaetothyriales,Herpotrichiellaceae,Cladophialophora,Cladophialophora_sp;sh__SH0153994.10FU,jrk01805,Ascomycota,Eurotiomycetes,Chaetothyriales,Herpotrichiellaceae,,soil_saprotroph,root_endophyte_dark_septate,"mycoparasite_some_species,animal_pathogen_some_species",root_endophyte_dark_septate,,soil,,non-aquatic,animal_parasite/opportunistic_human_parasite,,dimorphic_yeast,none,,,,,
Basidiomycota,Agaricomycetes,Atheliales,Byssocorticiaceae,Athelopsis,Athelopsis_lembospora;sh__SH0010538.10FU,jrk00756,Basidiomycota,Agaricomycetes,Atheliales,Atheliaceae,,wood_saprotroph,,,,,wood,white_rot,non-aquatic,,,filamentous_mycelium,corticioid,smooth,,,,
Ascomycota,Eurotiomycetes,Eurotiales,Elaphomycetaceae,Elaphomyces,Elaphomyces_sp;sh__SH0057957.10FU,jrk02855,Ascomycota,Eurotiomycetes,Eurotiales,Elaphomycetaceae,,ectomycorrhizal,,,,,,,non-aquatic,,,filamentous_mycelium,gasteroid-hypogeous,closed,short-distance_delicate,/elaphomyces,,
Ascomycota,Dothideomycetes,Patellariales,Patellariales_fam_Incertae_sedis,Patellariales_gen_Incertae_sedis,Patellariales_sp;sh__SH0088594.10FU,NA,NA,NA,NA,NA,NA,NA,NA,NA,NA,NA,NA,NA,NA,NA,NA,NA,NA,NA,NA,NA,NA,NA
Basidiomycota,Agaricomycetes,Hymenochaetales,Schizoporaceae,Xylodon,Xylodon_asperus;sh__SH0182154.10FU,jrk09485,Basidiomycota,Agaricomycetes,Hymenochaetales,Schizoporaceae,,wood_saprotroph,,,,,wood,white_rot,partly_aquatic,,,filamentous_mycelium,corticioid,hydnoid,,,,
Ascomycota,Orbiliomycetes,Orbiliales,Orbiliaceae,Amphosoma,Amphosoma_persooniae;sh__SH0196863.10FU,,Ascomycota,Orbiliomycetes,Orbiliales,Orbiliaceae,,wood_saprotroph,pollen_saprotroph,,,,"wood,pollen",,non-aquatic,,,filamentous_mycelium,apothecium_(hymenium_on_surface),smooth,,,,
Ascomycota,NA,NA,NA,NA,NA,NA,NA,NA,NA,NA,NA,NA,NA,NA,NA,NA,NA,NA,NA,NA,NA,NA,NA,NA,NA,NA,NA,NA
Basidiomycota,Agaricomycetes,Cantharellales,Ceratobasidiaceae,NA,NA,NA,NA,NA,NA,NA,NA,NA,NA,NA,NA,NA,NA,NA,NA,NA,NA,NA,NA,NA,NA,NA,NA,NA
Basidiomycota,Agaricomycetes,Sebacinales,Sebacinaceae,Sebacina,Sebacina_sp;sh__SH0136513.10FU,jrk07952,Basidiomycota,Agaricomycetes,Sebacinales,Sebacinaceae,,ectomycorrhizal,,,,,,,non-aquatic,,,filamentous_mycelium,corticioid,smooth,short-distance_delicate,/sebacina,,
Ascomycota,Eurotiomycetes,Eurotiales,Eurotiales_fam_Incertae_sedis,Eurotiales_gen_Incertae_sedis,Eurotiales_sp,NA,NA,NA,NA,NA,NA,NA,NA,NA,NA,NA,NA,NA,NA,NA,NA,NA,NA,NA,NA,NA,NA,NA
Basidiomycota,Agaricomycetes,Thelephorales,Thelephoraceae,Tomentellopsis,NA,jrk08877,Basidiomycota,Agaricomycetes,Thelephorales,Thelephoraceae,,ectomycorrhizal,,,,,,,non-aquatic,,,filamentous_mycelium,corticioid,smooth,medium-distance_smooth,/tomentellopsis,,
Ascomycota,Eurotiomycetes,Chaetothyriales,Herpotrichiellaceae,Cladophialophora,Cladophialophora_sp,jrk01805,Ascomycota,Eurotiomycetes,Chaetothyriales,Herpotrichiellaceae,,soil_saprotroph,root_endophyte_dark_septate,"mycoparasite_some_species,animal_pathogen_some_species",root_endophyte_dark_septate,,soil,,non-aquatic,animal_parasite/opportunistic_human_parasite,,dimorphic_yeast,none,,,,,
Ascomycota,Sordariomycetes,Sordariales,Sordariales_fam_Incertae_sedis,Sordariales_gen_Incertae_sedis,Sordariales_sp;sh__SH0193611.10FU,NA,NA,NA,NA,NA,NA,NA,NA,NA,NA,NA,NA,NA,NA,NA,NA,NA,NA,NA,NA,NA,NA,NA
Ascomycota,Leotiomycetes,Leotiomycetes_ord_Incertae_sedis,Leotiomycetes_fam_Incertae_sedis,Leotiomycetes_gen_Incertae_sedis,Leotiomycetes_sp;sh__SH0008358.10FU,NA,NA,NA,NA,NA,NA,NA,NA,NA,NA,NA,NA,NA,NA,NA,NA,NA,NA,NA,NA,NA,NA,NA
Rozellomycota,Rozellomycota_cls_Incertae_sedis,Rozellomycota_ord_Incertae_sedis,Rozellomycota_fam_Incertae_sedis,Rozellomycota_gen_Incertae_sedis,Rozellomycota_sp;sh__SH0023868.10FU,NA,NA,NA,NA,NA,NA,NA,NA,NA,NA,NA,NA,NA,NA,NA,NA,NA,NA,NA,NA,NA,NA,NA
Rozellomycota,Rozellomycota_cls_Incertae_sedis,Rozellomycota_ord_Incertae_sedis,Rozellomycota_fam_Incertae_sedis,Rozellomycota_gen_Incertae_sedis,Rozellomycota_sp;sh__SH0023863.10FU,NA,NA,NA,NA,NA,NA,NA,NA,NA,NA,NA,NA,NA,NA,NA,NA,NA,NA,NA,NA,NA,NA,NA
Ascomycota,Leotiomycetes,Helotiales,Helotiales_fam_Incertae_sedis,Helotiales_gen_Incertae_sedis,Helotiales_sp;sh__SH0008386.10FU,NA,NA,NA,NA,NA,NA,NA,NA,NA,NA,NA,NA,NA,NA,NA,NA,NA,NA,NA,NA,NA,NA,NA
Ascomycota,Leotiomycetes,Leotiomycetes_ord_Incertae_sedis,Leotiomycetes_fam_Incertae_sedis,Leotiomycetes_gen_Incertae_sedis,Leotiomycetes_sp;sh__SH0149294.10FU,NA,NA,NA,NA,NA,NA,NA,NA,NA,NA,NA,NA,NA,NA,NA,NA,NA,NA,NA,NA,NA,NA,NA
Ascomycota,Leotiomycetes,Leotiomycetes_ord_Incertae_sedis,Leotiomycetes_fam_Incertae_sedis,Leotiomycetes_gen_Incertae_sedis,Leotiomycetes_sp;sh__SH0008535.10FU,NA,NA,NA,NA,NA,NA,NA,NA,NA,NA,NA,NA,NA,NA,NA,NA,NA,NA,NA,NA,NA,NA,NA
Ascomycota,Ascomycota_cls_Incertae_sedis,Ascomycota_ord_Incertae_sedis,Ascomycota_fam_Incertae_sedis,Ascomycota_gen_Incertae_sedis,Ascomycota_sp;sh__SH0051119.10FU,NA,NA,NA,NA,NA,NA,NA,NA,NA,NA,NA,NA,NA,NA,NA,NA,NA,NA,NA,NA,NA,NA,NA
Ascomycota,Leotiomycetes,Helotiales,Hyaloscyphaceae,NA,NA,NA,NA,NA,NA,NA,NA,NA,NA,NA,NA,NA,NA,NA,NA,NA,NA,NA,NA,NA,NA,NA,NA,NA
NA,NA,NA,NA,NA,NA,NA,NA,NA,NA,NA,NA,NA,NA,NA,NA,NA,NA,NA,NA,NA,NA,NA,NA,NA,NA,NA,NA,NA
Fungi_phy_Incertae_sedis,Fungi_cls_Incertae_sedis,Fungi_ord_Incertae_sedis,Fungi_fam_Incertae_sedis,Fungi_gen_Incertae_sedis,Fungi_sp;sh__SH0137411.10FU,NA,NA,NA,NA,NA,NA,NA,NA,NA,NA,NA,NA,NA,NA,NA,NA,NA,NA,NA,NA,NA,NA,NA
Ascomycota,Eurotiomycetes,Chaetothyriales,Herpotrichiellaceae,Cladophialophora,NA,jrk01805,Ascomycota,Eurotiomycetes,Chaetothyriales,Herpotrichiellaceae,,soil_saprotroph,root_endophyte_dark_septate,"mycoparasite_some_species,animal_pathogen_some_species",root_endophyte_dark_septate,,soil,,non-aquatic,animal_parasite/opportunistic_human_parasite,,dimorphic_yeast,none,,,,,
Ascomycota,Leotiomycetes,Helotiales,Helotiales_fam_Incertae_sedis,Helotiales_gen_Incertae_sedis,Helotiales_sp;sh__SH0093352.10FU,NA,NA,NA,NA,NA,NA,NA,NA,NA,NA,NA,NA,NA,NA,NA,NA,NA,NA,NA,NA,NA,NA,NA
Basidiomycota,Agaricomycetes,Russulales,Russulaceae,Lactarius,Lactarius_vulgaris;sh__SH0154925.10FU,jrk04429,Basidiomycota,Agaricomycetes,Russulales,Russulaceae,,ectomycorrhizal,,,,,,,non-aquatic,,,filamentous_mycelium,agaricoid,gills,medium-distance_smooth,/russula-lactarius,,
Basidiomycota,Agaricomycetes,Hymenochaetales,Rickenellaceae,Peniophorella,Peniophorella_sp;sh__SH0156500.10FU,jrk06292,Basidiomycota,Agaricomycetes,Hymenochaetales,Hymenochaetales family incertae sedis,,wood_saprotroph,,,,,wood,white_rot,non-aquatic,,,filamentous_mycelium,corticioid,smooth,,,,
Ascomycota,Dothideomycetes,Mycosphaerellales,Mycosphaerellaceae,Mycosphaerellaceae_gen_Incertae_sedis,Mycosphaerellaceae_sp;sh__SH0072066.10FU,NA,NA,NA,NA,NA,NA,NA,NA,NA,NA,NA,NA,NA,NA,NA,NA,NA,NA,NA,NA,NA,NA,NA
Rozellomycota,Rozellomycota_cls_Incertae_sedis,Rozellomycota_ord_Incertae_sedis,Rozellomycota_fam_Incertae_sedis,Rozellomycota_gen_Incertae_sedis,Rozellomycota_sp,NA,NA,NA,NA,NA,NA,NA,NA,NA,NA,NA,NA,NA,NA,NA,NA,NA,NA,NA,NA,NA,NA,NA
Ascomycota,Eurotiomycetes,Chaetothyriales,Herpotrichiellaceae,Cladophialophora,Cladophialophora_minutissima;sh__SH0153960.10FU,jrk01805,Ascomycota,Eurotiomycetes,Chaetothyriales,Herpotrichiellaceae,,soil_saprotroph,root_endophyte_dark_septate,"mycoparasite_some_species,animal_pathogen_some_species",root_endophyte_dark_septate,,soil,,non-aquatic,animal_parasite/opportunistic_human_parasite,,dimorphic_yeast,none,,,,,
Basidiomycota,Agaricomycetes,Hymenochaetales,Schizoporaceae,Hyphodontia,Hyphodontia_alutaria;sh__SH0059043.10FU,jrk04032,Basidiomycota,Agaricomycetes,Hymenochaetales,Schizoporaceae,,wood_saprotroph,,,,,wood,white_rot,non-aquatic,,,filamentous_mycelium,corticioid,smooth,,,,
Basidiomycota,Agaricomycetes,Russulales,Russulaceae,Russula,NA,jrk07726,Basidiomycota,Agaricomycetes,Russulales,Russulaceae,,ectomycorrhizal,,,,,,,non-aquatic,,,filamentous_mycelium,agaricoid,gills,contact,/russula-lactarius,,
Ascomycota,Pezizomycetes,Pezizales,Helvellaceae,Helvella,Helvella_floriforma;sh__SH0101867.10FU,jrk03779,Ascomycota,Pezizomycetes,Pezizales,Helvellaceae,,ectomycorrhizal,,,,,,,non-aquatic,,,filamentous_mycelium,apothecium_(hymenium_on_surface),smooth,contact,/tuber-helvella,,
Ascomycota,Leotiomycetes,Helotiales,Helotiales_fam_Incertae_sedis,NA,NA,NA,NA,NA,NA,NA,NA,NA,NA,NA,NA,NA,NA,NA,NA,NA,NA,NA,NA,NA,NA,NA,NA,NA
Basidiomycota,Agaricomycetes,Agaricales,Clavariaceae,Ramariopsis,Ramariopsis_sp;sh__SH0151571.10FU,jrk07435,Basidiomycota,Agaricomycetes,Agaricales,Clavariaceae,,soil_saprotroph,unspecified_symbiotroph,CHEGD_symbiotrophs,root-associated,root-associated,"roots,soil",,non-aquatic,,,filamentous_mycelium,clavarioid,smooth,,,,
Ascomycota,NA,NA,NA,NA,NA,NA,NA,NA,NA,NA,NA,NA,NA,NA,NA,NA,NA,NA,NA,NA,NA,NA,NA,NA,NA,NA,NA,NA
Ascomycota,Leotiomycetes,Helotiales,NA,NA,NA,NA,NA,NA,NA,NA,NA,NA,NA,NA,NA,NA,NA,NA,NA,NA,NA,NA,NA,NA,NA,NA,NA,NA
Ascomycota,Leotiomycetes,Helotiales,NA,NA,NA,NA,NA,NA,NA,NA,NA,NA,NA,NA,NA,NA,NA,NA,NA,NA,NA,NA,NA,NA,NA,NA,NA,NA
Ascomycota,NA,NA,NA,NA,NA,NA,NA,NA,NA,NA,NA,NA,NA,NA,NA,NA,NA,NA,NA,NA,NA,NA,NA,NA,NA,NA,NA,NA
Fungi_phy_Incertae_sedis,Fungi_cls_Incertae_sedis,Fungi_ord_Incertae_sedis,Fungi_fam_Incertae_sedis,Fungi_gen_Incertae_sedis,Fungi_sp;sh__SH0154490.10FU,NA,NA,NA,NA,NA,NA,NA,NA,NA,NA,NA,NA,NA,NA,NA,NA,NA,NA,NA,NA,NA,NA,NA
NA,NA,NA,NA,NA,NA,NA,NA,NA,NA,NA,NA,NA,NA,NA,NA,NA,NA,NA,NA,NA,NA,NA,NA,NA,NA,NA,NA,NA
Basidiomycota,Agaricomycetes,Auriculariales,NA,NA,NA,NA,NA,NA,NA,NA,NA,NA,NA,NA,NA,NA,NA,NA,NA,NA,NA,NA,NA,NA,NA,NA,NA,NA
NA,NA,NA,NA,NA,NA,NA,NA,NA,NA,NA,NA,NA,NA,NA,NA,NA,NA,NA,NA,NA,NA,NA,NA,NA,NA,NA,NA,NA
Rozellomycota,Rozellomycota_cls_Incertae_sedis,Rozellomycota_ord_Incertae_sedis,Rozellomycota_fam_Incertae_sedis,Rozellomycota_gen_Incertae_sedis,Rozellomycota_sp,NA,NA,NA,NA,NA,NA,NA,NA,NA,NA,NA,NA,NA,NA,NA,NA,NA,NA,NA,NA,NA,NA,NA
NA,NA,NA,NA,NA,NA,NA,NA,NA,NA,NA,NA,NA,NA,NA,NA,NA,NA,NA,NA,NA,NA,NA,NA,NA,NA,NA,NA,NA
Ascomycota,NA,NA,NA,NA,NA,NA,NA,NA,NA,NA,NA,NA,NA,NA,NA,NA,NA,NA,NA,NA,NA,NA,NA,NA,NA,NA,NA,NA
Ascomycota,Ascomycota_cls_Incertae_sedis,Ascomycota_ord_Incertae_sedis,Ascomycota_fam_Incertae_sedis,Ascomycota_gen_Incertae_sedis,Ascomycota_sp;sh__SH0176790.10FU,NA,NA,NA,NA,NA,NA,NA,NA,NA,NA,NA,NA,NA,NA,NA,NA,NA,NA,NA,NA,NA,NA,NA
Ascomycota,Sordariomycetes,Glomerellales,Glomerellales_fam_Incertae_sedis,Glomerellales_gen_Incertae_sedis,Glomerellales_sp;sh__SH0170879.10FU,NA,NA,NA,NA,NA,NA,NA,NA,NA,NA,NA,NA,NA,NA,NA,NA,NA,NA,NA,NA,NA,NA,NA
Ascomycota,NA,NA,NA,NA,NA,NA,NA,NA,NA,NA,NA,NA,NA,NA,NA,NA,NA,NA,NA,NA,NA,NA,NA,NA,NA,NA,NA,NA
Basidiomycota,Agaricomycetes,Hymenochaetales,Hymenochaetales_fam_Incertae_sedis,Hymenochaetales_gen_Incertae_sedis,Hymenochaetales_sp;sh__SH0013872.10FU,NA,NA,NA,NA,NA,NA,NA,NA,NA,NA,NA,NA,NA,NA,NA,NA,NA,NA,NA,NA,NA,NA,NA
Ascomycota,Leotiomycetes,Helotiales,NA,NA,NA,NA,NA,NA,NA,NA,NA,NA,NA,NA,NA,NA,NA,NA,NA,NA,NA,NA,NA,NA,NA,NA,NA,NA
Basidiomycota,Tremellomycetes,Tremellales,Tremellales_fam_Incertae_sedis,Tremellales_gen_Incertae_sedis,Tremellales_sp;sh__SH0170152.10FU,NA,NA,NA,NA,NA,NA,NA,NA,NA,NA,NA,NA,NA,NA,NA,NA,NA,NA,NA,NA,NA,NA,NA
Ascomycota,Leotiomycetes,Helotiales,Myxotrichaceae,NA,NA,NA,NA,NA,NA,NA,NA,NA,NA,NA,NA,NA,NA,NA,NA,NA,NA,NA,NA,NA,NA,NA,NA,NA
Ascomycota,Sordariomycetes,Chaetosphaeriales,Chaetosphaeriaceae,NA,NA,NA,NA,NA,NA,NA,NA,NA,NA,NA,NA,NA,NA,NA,NA,NA,NA,NA,NA,NA,NA,NA,NA,NA
Basidiomycota,Agaricomycetes,Cantharellales,Cantharellales_fam_Incertae_sedis,Cantharellales_gen_Incertae_sedis,Cantharellales_sp;sh__SH0165317.10FU,NA,NA,NA,NA,NA,NA,NA,NA,NA,NA,NA,NA,NA,NA,NA,NA,NA,NA,NA,NA,NA,NA,NA
Ascomycota,Ascomycota_cls_Incertae_sedis,Ascomycota_ord_Incertae_sedis,Ascomycota_fam_Incertae_sedis,Ascomycota_gen_Incertae_sedis,Ascomycota_sp;sh__SH0144761.10FU,NA,NA,NA,NA,NA,NA,NA,NA,NA,NA,NA,NA,NA,NA,NA,NA,NA,NA,NA,NA,NA,NA,NA
Ascomycota,Dothideomycetes,Cladosporiales,Cladosporiaceae,Cladosporiaceae_gen_Incertae_sedis,Cladosporiaceae_sp;sh__SH0156005.10FU,NA,NA,NA,NA,NA,NA,NA,NA,NA,NA,NA,NA,NA,NA,NA,NA,NA,NA,NA,NA,NA,NA,NA
Basidiomycota,Agaricomycetes,Agaricales,Inocybaceae,Inocybe,Inocybe_subnudipes;sh__SH0191189.10FU,jrk04145,Basidiomycota,Agaricomycetes,Agaricales,Inocybaceae,,ectomycorrhizal,,,,,,,non-aquatic,,,filamentous_mycelium,agaricoid,gills,short-distance_delicate,/inocybe,,
Basidiomycota,Agaricomycetes,Thelephorales,Thelephoraceae,Tomentellopsis,Tomentellopsis_sp;sh__SH0138632.10FU,jrk08877,Basidiomycota,Agaricomycetes,Thelephorales,Thelephoraceae,,ectomycorrhizal,,,,,,,non-aquatic,,,filamentous_mycelium,corticioid,smooth,medium-distance_smooth,/tomentellopsis,,
Ascomycota,Leotiomycetes,NA,NA,NA,NA,NA,NA,NA,NA,NA,NA,NA,NA,NA,NA,NA,NA,NA,NA,NA,NA,NA,NA,NA,NA,NA,NA,NA
Ascomycota,Lecanoromycetes,Lecanoromycetes_ord_Incertae_sedis,Lecanoromycetes_fam_Incertae_sedis,Lecanoromycetes_gen_Incertae_sedis,Lecanoromycetes_sp,NA,NA,NA,NA,NA,NA,NA,NA,NA,NA,NA,NA,NA,NA,NA,NA,NA,NA,NA,NA,NA,NA,NA
Ascomycota,Leotiomycetes,Helotiales,Hyaloscyphaceae,Meliniomyces,Meliniomyces_sp;sh__SH0110672.10FU,jrk05054,Ascomycota,Leotiomycetes,Helotiales,Hyaloscyphaceae,,root_endophyte,soil_saprotroph,ectomycorrhizal_M._bicolor/ericoid_mycorrhizal_M._variabilis,root_endophyte,,soil,,non-aquatic,,,filamentous_mycelium,None,none,short-distance_delicate,/meliniomyces,,
Basidiomycota,Agaricomycetes,GS29,GS29_fam_Incertae_sedis,GS29_gen_Incertae_sedis,GS29_sp;sh__SH0005097.10FU,NA,NA,NA,NA,NA,NA,NA,NA,NA,NA,NA,NA,NA,NA,NA,NA,NA,NA,NA,NA,NA,NA,NA
Ascomycota,Leotiomycetes,Helotiales,NA,NA,NA,NA,NA,NA,NA,NA,NA,NA,NA,NA,NA,NA,NA,NA,NA,NA,NA,NA,NA,NA,NA,NA,NA,NA
Basidiomycota,Agaricomycetes,Agaricales,Entolomataceae,Entoloma,Entoloma_velenovskyi;sh__SH0123303.10FU,jrk02963,Basidiomycota,Agaricomycetes,Agaricales,Entolomataceae,,soil_saprotroph,unspecified_symbiotroph,"CHEGD_symbiotrophs,ectomycorrhizal_ca_10%_of_species",root-associated,root-associated,"roots,soil",,non-aquatic,,,filamentous_mycelium,agaricoid,gills,medium-distance_smooth,/entoloma,,
Basidiomycota,Pucciniomycetes,Platygloeales,Eocronartiaceae,Eocronartium,Eocronartium_sp;sh__SH0089065.10FU,jrk02974,Basidiomycota,Pucciniomycetes,Platygloeales,Eocronartiaceae,,plant_pathogen,,obligate_plant_pathogen,no_endophytic_capacity,leaf/fruit/seed_pathogen,,,non-aquatic,,mosses,filamentous_mycelium,clavarioid,smooth,,,,
Ascomycota,Dothideomycetes,Venturiales,Sympoventuriaceae,Fusicladium,Fusicladium_proteae;sh__SH0172002.10FU,jrk03296,Ascomycota,Dothideomycetes,Venturiales,Sympoventuriaceae,,plant_pathogen,,,,leaf/fruit/seed_pathogen,,,non-aquatic,,,filamentous_mycelium,"perithecium_(hymenium_hidden,_narrow_opening)",closed,,,,
Ascomycota,Eurotiomycetes,Chaetothyriales,Herpotrichiellaceae,NA,NA,NA,NA,NA,NA,NA,NA,NA,NA,NA,NA,NA,NA,NA,NA,NA,NA,NA,NA,NA,NA,NA,NA,NA
Ascomycota,NA,NA,NA,NA,NA,NA,NA,NA,NA,NA,NA,NA,NA,NA,NA,NA,NA,NA,NA,NA,NA,NA,NA,NA,NA,NA,NA,NA
Basidiomycota,Pucciniomycetes,Pucciniales,Pucciniaceae,Puccinia,NA,jrk07293,Basidiomycota,Pucciniomycetes,Pucciniales,Pucciniaceae,,plant_pathogen,,obligate_plant_pathogen,no_endophytic_capacity,leaf/fruit/seed_pathogen,,,non-aquatic,,,filamentous_mycelium,rust,other,,,,
Basidiomycota,Agaricomycetes,Auriculariales,Auriculariales_fam_Incertae_sedis,Auriculariales_gen_Incertae_sedis,Auriculariales_sp;sh__SH0181355.10FU,NA,NA,NA,NA,NA,NA,NA,NA,NA,NA,NA,NA,NA,NA,NA,NA,NA,NA,NA,NA,NA,NA,NA
Ascomycota,Dothideomycetes,Capnodiales,Capnodiales_fam_Incertae_sedis,Capnodiales_gen_Incertae_sedis,Capnodiales_sp;sh__SH0162059.10FU,NA,NA,NA,NA,NA,NA,NA,NA,NA,NA,NA,NA,NA,NA,NA,NA,NA,NA,NA,NA,NA,NA,NA
Ascomycota,NA,NA,NA,NA,NA,NA,NA,NA,NA,NA,NA,NA,NA,NA,NA,NA,NA,NA,NA,NA,NA,NA,NA,NA,NA,NA,NA,NA
Basidiomycota,Agaricomycetes,Agaricales,Clavariaceae,Clavaria,Clavaria_sp;sh__SH0005432.10FU,jrk01836,Basidiomycota,Agaricomycetes,Agaricales,Clavariaceae,,soil_saprotroph,unspecified_symbiotroph,CHEGD_symbiotrophs,root-associated,root-associated,"roots,soil",,non-aquatic,,,filamentous_mycelium,clavarioid,smooth,,,,
Basidiomycota,Agaricomycetes,Agaricales,Mycenaceae,Mycenaceae_gen_Incertae_sedis,Mycenaceae_sp;sh__SH0142907.10FU,NA,NA,NA,NA,NA,NA,NA,NA,NA,NA,NA,NA,NA,NA,NA,NA,NA,NA,NA,NA,NA,NA,NA
Mortierellomycota,Mortierellomycetes,Mortierellales,Mortierellaceae,Mortierellaceae_gen_Incertae_sedis,Mortierellaceae_sp;sh__SH0154828.10FU,NA,NA,NA,NA,NA,NA,NA,NA,NA,NA,NA,NA,NA,NA,NA,NA,NA,NA,NA,NA,NA,NA,NA
Basidiomycota,Tremellomycetes,Tremellales,Tremellales_fam_Incertae_sedis,Tremellales_gen_Incertae_sedis,Tremellales_sp;sh__SH0109100.10FU,NA,NA,NA,NA,NA,NA,NA,NA,NA,NA,NA,NA,NA,NA,NA,NA,NA,NA,NA,NA,NA,NA,NA
Ascomycota,Leotiomycetes,NA,NA,NA,NA,NA,NA,NA,NA,NA,NA,NA,NA,NA,NA,NA,NA,NA,NA,NA,NA,NA,NA,NA,NA,NA,NA,NA
Fungi_phy_Incertae_sedis,Fungi_cls_Incertae_sedis,Fungi_ord_Incertae_sedis,Fungi_fam_Incertae_sedis,Fungi_gen_Incertae_sedis,Fungi_sp,NA,NA,NA,NA,NA,NA,NA,NA,NA,NA,NA,NA,NA,NA,NA,NA,NA,NA,NA,NA,NA,NA,NA
Basidiomycota,Agaricomycetes,Auriculariales,Auriculariaceae,Auriculariaceae_gen_Incertae_sedis,Auriculariaceae_sp;sh__SH0046409.10FU,NA,NA,NA,NA,NA,NA,NA,NA,NA,NA,NA,NA,NA,NA,NA,NA,NA,NA,NA,NA,NA,NA,NA
Basidiomycota,Agaricomycetes,Agaricales,Inocybaceae,Inocybe,Inocybe_ceskae;sh__SH0193580.10FU,jrk04145,Basidiomycota,Agaricomycetes,Agaricales,Inocybaceae,,ectomycorrhizal,,,,,,,non-aquatic,,,filamentous_mycelium,agaricoid,gills,short-distance_delicate,/inocybe,,
Ascomycota,NA,NA,NA,NA,NA,NA,NA,NA,NA,NA,NA,NA,NA,NA,NA,NA,NA,NA,NA,NA,NA,NA,NA,NA,NA,NA,NA,NA
Ascomycota,Eurotiomycetes,Chaetothyriales,Herpotrichiellaceae,Cladophialophora,Cladophialophora_sp;sh__SH0164770.10FU,jrk01805,Ascomycota,Eurotiomycetes,Chaetothyriales,Herpotrichiellaceae,,soil_saprotroph,root_endophyte_dark_septate,"mycoparasite_some_species,animal_pathogen_some_species",root_endophyte_dark_septate,,soil,,non-aquatic,animal_parasite/opportunistic_human_parasite,,dimorphic_yeast,none,,,,,
Ascomycota,Ascomycota_cls_Incertae_sedis,Ascomycota_ord_Incertae_sedis,Ascomycota_fam_Incertae_sedis,Ascomycota_gen_Incertae_sedis,Ascomycota_sp;sh__SH0085751.10FU,NA,NA,NA,NA,NA,NA,NA,NA,NA,NA,NA,NA,NA,NA,NA,NA,NA,NA,NA,NA,NA,NA,NA
Basidiomycota,Agaricomycetes,Agaricales,Mycenaceae,Mycena,NA,jrk05357,Basidiomycota,Agaricomycetes,Agaricales,Mycenaceae,,litter_saprotroph,root-associated,wood_saprotroph_many_species,root-associated,leaf/fruit/seed_pathogen,leaf/fruit/seed,,non-aquatic,,,filamentous_mycelium,agaricoid,gills,,,,
Basidiomycota,Agaricomycetes,Thelephorales,Thelephoraceae,NA,NA,NA,NA,NA,NA,NA,NA,NA,NA,NA,NA,NA,NA,NA,NA,NA,NA,NA,NA,NA,NA,NA,NA,NA
Fungi_phy_Incertae_sedis,Fungi_cls_Incertae_sedis,Fungi_ord_Incertae_sedis,Fungi_fam_Incertae_sedis,Fungi_gen_Incertae_sedis,Fungi_sp;sh__SH0186900.10FU,NA,NA,NA,NA,NA,NA,NA,NA,NA,NA,NA,NA,NA,NA,NA,NA,NA,NA,NA,NA,NA,NA,NA
Ascomycota,Pezizomycetes,Pezizales,Sarcosomataceae,Plectania,Plectania_melastoma;sh__SH0072822.10FU,jrk06704,Ascomycota,Pezizomycetes,Pezizales,Sarcosomataceae,,litter_saprotroph,,,,,leaf/fruit/seed,,non-aquatic,,,filamentous_mycelium,apothecium_(hymenium_on_surface),smooth,,,,
Ascomycota,Eurotiomycetes,Chaetothyriales,Herpotrichiellaceae,Cladophialophora,Cladophialophora_sp,jrk01805,Ascomycota,Eurotiomycetes,Chaetothyriales,Herpotrichiellaceae,,soil_saprotroph,root_endophyte_dark_septate,"mycoparasite_some_species,animal_pathogen_some_species",root_endophyte_dark_septate,,soil,,non-aquatic,animal_parasite/opportunistic_human_parasite,,dimorphic_yeast,none,,,,,
Mortierellomycota,Mortierellomycetes,Mortierellales,Mortierellaceae,Tyroliella,Tyroliella_animi-liberi;sh__SH0146091.10FU,NA,NA,NA,NA,NA,NA,NA,NA,NA,NA,NA,NA,NA,NA,NA,NA,NA,NA,NA,NA,NA,NA,NA
Ascomycota,Eurotiomycetes,Chaetothyriales,Herpotrichiellaceae,Cladophialophora,Cladophialophora_sp;sh__SH0154046.10FU,jrk01805,Ascomycota,Eurotiomycetes,Chaetothyriales,Herpotrichiellaceae,,soil_saprotroph,root_endophyte_dark_septate,"mycoparasite_some_species,animal_pathogen_some_species",root_endophyte_dark_septate,,soil,,non-aquatic,animal_parasite/opportunistic_human_parasite,,dimorphic_yeast,none,,,,,
Ascomycota,Leotiomycetes,Leotiomycetes_ord_Incertae_sedis,Leotiomycetes_fam_Incertae_sedis,Leotiomycetes_gen_Incertae_sedis,Leotiomycetes_sp;sh__SH0144080.10FU,NA,NA,NA,NA,NA,NA,NA,NA,NA,NA,NA,NA,NA,NA,NA,NA,NA,NA,NA,NA,NA,NA,NA
Ascomycota,Leotiomycetes,Helotiales,Hyaloscyphaceae,NA,NA,NA,NA,NA,NA,NA,NA,NA,NA,NA,NA,NA,NA,NA,NA,NA,NA,NA,NA,NA,NA,NA,NA,NA
Basidiomycota,Agaricomycetes,Agaricales,Entolomataceae,Entoloma,Entoloma_velenovskyi;sh__SH0123303.10FU,jrk02963,Basidiomycota,Agaricomycetes,Agaricales,Entolomataceae,,soil_saprotroph,unspecified_symbiotroph,"CHEGD_symbiotrophs,ectomycorrhizal_ca_10%_of_species",root-associated,root-associated,"roots,soil",,non-aquatic,,,filamentous_mycelium,agaricoid,gills,medium-distance_smooth,/entoloma,,
Basidiomycota,Agaricomycetes,Agaricales,Clavariaceae,Clavaria,Clavaria_sp;sh__SH0173689.10FU,jrk01836,Basidiomycota,Agaricomycetes,Agaricales,Clavariaceae,,soil_saprotroph,unspecified_symbiotroph,CHEGD_symbiotrophs,root-associated,root-associated,"roots,soil",,non-aquatic,,,filamentous_mycelium,clavarioid,smooth,,,,
Ascomycota,Ascomycota_cls_Incertae_sedis,Ascomycota_ord_Incertae_sedis,Ascomycota_fam_Incertae_sedis,Ascomycota_gen_Incertae_sedis,Ascomycota_sp;sh__SH0147857.10FU,NA,NA,NA,NA,NA,NA,NA,NA,NA,NA,NA,NA,NA,NA,NA,NA,NA,NA,NA,NA,NA,NA,NA
Mucoromycota,Endogonomycetes,GS22,GS22_fam_Incertae_sedis,GS22_gen_Incertae_sedis,GS22_sp;sh__SH0116917.10FU,NA,NA,NA,NA,NA,NA,NA,NA,NA,NA,NA,NA,NA,NA,NA,NA,NA,NA,NA,NA,NA,NA,NA
Ascomycota,Eurotiomycetes,Chaetothyriales,Herpotrichiellaceae,Cladophialophora,Cladophialophora_sp;sh__SH0165248.10FU,jrk01805,Ascomycota,Eurotiomycetes,Chaetothyriales,Herpotrichiellaceae,,soil_saprotroph,root_endophyte_dark_septate,"mycoparasite_some_species,animal_pathogen_some_species",root_endophyte_dark_septate,,soil,,non-aquatic,animal_parasite/opportunistic_human_parasite,,dimorphic_yeast,none,,,,,
Basidiomycota,Tremellomycetes,Tremellales,Tremellales_fam_Incertae_sedis,Tremellales_gen_Incertae_sedis,Tremellales_sp;sh__SH0062439.10FU,NA,NA,NA,NA,NA,NA,NA,NA,NA,NA,NA,NA,NA,NA,NA,NA,NA,NA,NA,NA,NA,NA,NA
Fungi_phy_Incertae_sedis,Fungi_cls_Incertae_sedis,Fungi_ord_Incertae_sedis,Fungi_fam_Incertae_sedis,Fungi_gen_Incertae_sedis,Fungi_sp;sh__SH0190180.10FU,NA,NA,NA,NA,NA,NA,NA,NA,NA,NA,NA,NA,NA,NA,NA,NA,NA,NA,NA,NA,NA,NA,NA
Ascomycota,NA,NA,NA,NA,NA,NA,NA,NA,NA,NA,NA,NA,NA,NA,NA,NA,NA,NA,NA,NA,NA,NA,NA,NA,NA,NA,NA,NA
Ascomycota,Archaeorhizomycetes,Archaeorhizomycetales,Archaeorhizomycetales_fam_Incertae_sedis,Archaeorhizomycetales_gen_Incertae_sedis,Archaeorhizomycetales_sp;sh__SH0177121.10FU,NA,NA,NA,NA,NA,NA,NA,NA,NA,NA,NA,NA,NA,NA,NA,NA,NA,NA,NA,NA,NA,NA,NA
Mucoromycota,Endogonomycetes,GS21,GS21_fam_Incertae_sedis,GS21_gen_Incertae_sedis,GS21_sp;sh__SH0195568.10FU,NA,NA,NA,NA,NA,NA,NA,NA,NA,NA,NA,NA,NA,NA,NA,NA,NA,NA,NA,NA,NA,NA,NA
Ascomycota,Leotiomycetes,NA,NA,NA,NA,NA,NA,NA,NA,NA,NA,NA,NA,NA,NA,NA,NA,NA,NA,NA,NA,NA,NA,NA,NA,NA,NA,NA
Ascomycota,Leotiomycetes,Helotiales,Helotiaceae,Gloeotinia,Gloeotinia_sp;sh__SH0183053.10FU,jrk03461,Ascomycota,Leotiomycetes,Helotiales,Helotiaceae,,plant_pathogen,litter_saprotroph,,,leaf/fruit/seed_pathogen,leaf/fruit/seed,,non-aquatic,,,filamentous_mycelium,apothecium_(hymenium_on_surface),smooth,,,,
Ascomycota,Leotiomycetes,Helotiales,NA,NA,NA,NA,NA,NA,NA,NA,NA,NA,NA,NA,NA,NA,NA,NA,NA,NA,NA,NA,NA,NA,NA,NA,NA,NA
Ascomycota,NA,NA,NA,NA,NA,NA,NA,NA,NA,NA,NA,NA,NA,NA,NA,NA,NA,NA,NA,NA,NA,NA,NA,NA,NA,NA,NA,NA
Basidiomycota,Tremellomycetes,Tremellomycetes_ord_Incertae_sedis,Tremellomycetes_fam_Incertae_sedis,Tremellomycetes_gen_Incertae_sedis,Tremellomycetes_sp;sh__SH0062473.10FU,NA,NA,NA,NA,NA,NA,NA,NA,NA,NA,NA,NA,NA,NA,NA,NA,NA,NA,NA,NA,NA,NA,NA
Ascomycota,Leotiomycetes,Helotiales,Helotiales_fam_Incertae_sedis,Helotiales_gen_Incertae_sedis,Helotiales_sp;sh__SH0093359.10FU,NA,NA,NA,NA,NA,NA,NA,NA,NA,NA,NA,NA,NA,NA,NA,NA,NA,NA,NA,NA,NA,NA,NA
Basidiomycota,Basidiomycota_cls_Incertae_sedis,Basidiomycota_ord_Incertae_sedis,Basidiomycota_fam_Incertae_sedis,Basidiomycota_gen_Incertae_sedis,Basidiomycota_sp;sh__SH0074083.10FU,NA,NA,NA,NA,NA,NA,NA,NA,NA,NA,NA,NA,NA,NA,NA,NA,NA,NA,NA,NA,NA,NA,NA
Basidiomycota,Agaricomycetes,Hymenochaetales,Schizoporaceae,Xylodon,Xylodon_subtilissimus;sh__SH0097094.10FU,jrk09485,Basidiomycota,Agaricomycetes,Hymenochaetales,Schizoporaceae,,wood_saprotroph,,,,,wood,white_rot,partly_aquatic,,,filamentous_mycelium,corticioid,hydnoid,,,,
Basidiomycota,NA,NA,NA,NA,NA,NA,NA,NA,NA,NA,NA,NA,NA,NA,NA,NA,NA,NA,NA,NA,NA,NA,NA,NA,NA,NA,NA,NA
Ascomycota,Leotiomycetes,Leotiomycetes_ord_Incertae_sedis,Leotiomycetes_fam_Incertae_sedis,Leotiomycetes_gen_Incertae_sedis,Leotiomycetes_sp;sh__SH0179364.10FU,NA,NA,NA,NA,NA,NA,NA,NA,NA,NA,NA,NA,NA,NA,NA,NA,NA,NA,NA,NA,NA,NA,NA
Ascomycota,Eurotiomycetes,Chaetothyriales,Herpotrichiellaceae,Cladophialophora,Cladophialophora_sp;sh__SH0164887.10FU,jrk01805,Ascomycota,Eurotiomycetes,Chaetothyriales,Herpotrichiellaceae,,soil_saprotroph,root_endophyte_dark_septate,"mycoparasite_some_species,animal_pathogen_some_species",root_endophyte_dark_septate,,soil,,non-aquatic,animal_parasite/opportunistic_human_parasite,,dimorphic_yeast,none,,,,,
Basidiomycota,Tremellomycetes,Tremellales,Tremellales_fam_Incertae_sedis,Tremellales_gen_Incertae_sedis,Tremellales_sp;sh__SH0019417.10FU,NA,NA,NA,NA,NA,NA,NA,NA,NA,NA,NA,NA,NA,NA,NA,NA,NA,NA,NA,NA,NA,NA,NA
Ascomycota,Eurotiomycetes,Chaetothyriales,Herpotrichiellaceae,Cladophialophora,NA,jrk01805,Ascomycota,Eurotiomycetes,Chaetothyriales,Herpotrichiellaceae,,soil_saprotroph,root_endophyte_dark_septate,"mycoparasite_some_species,animal_pathogen_some_species",root_endophyte_dark_septate,,soil,,non-aquatic,animal_parasite/opportunistic_human_parasite,,dimorphic_yeast,none,,,,,
Basidiomycota,Agaricomycetes,Thelephorales,Thelephoraceae,Tomentella,Tomentella_sp;sh__SH0126739.10FU,jrk08875,Basidiomycota,Agaricomycetes,Thelephorales,Thelephoraceae,,ectomycorrhizal,,,,,,,non-aquatic,,,filamentous_mycelium,corticioid,smooth,medium-distance_smooth,/tomentella-thelephora,,
Basidiomycota,Agaricomycetes,Agaricales,Inocybaceae,Inocybe,Inocybe_sp;sh__SH0208866.10FU,jrk04145,Basidiomycota,Agaricomycetes,Agaricales,Inocybaceae,,ectomycorrhizal,,,,,,,non-aquatic,,,filamentous_mycelium,agaricoid,gills,short-distance_delicate,/inocybe,,
Basidiomycota,Agaricomycetes,Sebacinales,Serendipitaceae,Serendipita,Serendipita_sp,jrk08004,Basidiomycota,Agaricomycetes,Sebacinales,Serendipitaceae,,root_endophyte,soil_saprotroph,ectomycorrhizal_1%_species/ericoid_mycorrhizal_many_species/orchid_mycorrhizal,root_endophyte,,soil,,non-aquatic,,,filamentous_mycelium,none,none,,,,
NA,NA,NA,NA,NA,NA,NA,NA,NA,NA,NA,NA,NA,NA,NA,NA,NA,NA,NA,NA,NA,NA,NA,NA,NA,NA,NA,NA,NA
Ascomycota,Leotiomycetes,Helotiales,Hyaloscyphaceae,Hyaloscyphaceae_gen_Incertae_sedis,Hyaloscyphaceae_sp;sh__SH0110911.10FU,NA,NA,NA,NA,NA,NA,NA,NA,NA,NA,NA,NA,NA,NA,NA,NA,NA,NA,NA,NA,NA,NA,NA
Basidiomycota,Agaricomycetes,Cantharellales,Hydnaceae,Hydnum,Hydnum_sp;sh__SH0025172.10FU,jrk03988,Basidiomycota,Agaricomycetes,Cantharellales,Hydnaceae,,ectomycorrhizal,,,,,,,non-aquatic,,,filamentous_mycelium,agaricoid,hydnoid,medium-distance_smooth,/cantharellus,,
Ascomycota,Leotiomycetes,NA,NA,NA,NA,NA,NA,NA,NA,NA,NA,NA,NA,NA,NA,NA,NA,NA,NA,NA,NA,NA,NA,NA,NA,NA,NA,NA
Basidiomycota,Agaricomycetes,Agaricales,Mycenaceae,Mycena,NA,jrk05357,Basidiomycota,Agaricomycetes,Agaricales,Mycenaceae,,litter_saprotroph,root-associated,wood_saprotroph_many_species,root-associated,leaf/fruit/seed_pathogen,leaf/fruit/seed,,non-aquatic,,,filamentous_mycelium,agaricoid,gills,,,,
Rozellomycota,Rozellomycota_cls_Incertae_sedis,Rozellomycota_ord_Incertae_sedis,Rozellomycota_fam_Incertae_sedis,Rozellomycota_gen_Incertae_sedis,Rozellomycota_sp;sh__SH0012145.10FU,NA,NA,NA,NA,NA,NA,NA,NA,NA,NA,NA,NA,NA,NA,NA,NA,NA,NA,NA,NA,NA,NA,NA
Ascomycota,Ascomycota_cls_Incertae_sedis,Ascomycota_ord_Incertae_sedis,Ascomycota_fam_Incertae_sedis,Ascomycota_gen_Incertae_sedis,Ascomycota_sp;sh__SH0133285.10FU,NA,NA,NA,NA,NA,NA,NA,NA,NA,NA,NA,NA,NA,NA,NA,NA,NA,NA,NA,NA,NA,NA,NA
Ascomycota,Saccharomycetes,Saccharomycetales,Saccharomycetales_fam_Incertae_sedis,Saccharomycetales_gen_Incertae_sedis,Saccharomycetales_sp;sh__SH0188952.10FU,NA,NA,NA,NA,NA,NA,NA,NA,NA,NA,NA,NA,NA,NA,NA,NA,NA,NA,NA,NA,NA,NA,NA
Ascomycota,NA,NA,NA,NA,NA,NA,NA,NA,NA,NA,NA,NA,NA,NA,NA,NA,NA,NA,NA,NA,NA,NA,NA,NA,NA,NA,NA,NA
Basidiomycota,Agaricomycetes,Agaricales,Mycenaceae,Mycena,NA,jrk05357,Basidiomycota,Agaricomycetes,Agaricales,Mycenaceae,,litter_saprotroph,root-associated,wood_saprotroph_many_species,root-associated,leaf/fruit/seed_pathogen,leaf/fruit/seed,,non-aquatic,,,filamentous_mycelium,agaricoid,gills,,,,
Ascomycota,Eurotiomycetes,Chaetothyriales,Herpotrichiellaceae,Cladophialophora,NA,jrk01805,Ascomycota,Eurotiomycetes,Chaetothyriales,Herpotrichiellaceae,,soil_saprotroph,root_endophyte_dark_septate,"mycoparasite_some_species,animal_pathogen_some_species",root_endophyte_dark_septate,,soil,,non-aquatic,animal_parasite/opportunistic_human_parasite,,dimorphic_yeast,none,,,,,
Basidiomycota,Agaricomycetes,Agaricales,Agaricales_fam_Incertae_sedis,Agaricales_gen_Incertae_sedis,Agaricales_sp;sh__SH0006125.10FU,NA,NA,NA,NA,NA,NA,NA,NA,NA,NA,NA,NA,NA,NA,NA,NA,NA,NA,NA,NA,NA,NA,NA
Ascomycota,Dothideomycetes,Pleosporales,Dictyosporiaceae,NA,NA,NA,NA,NA,NA,NA,NA,NA,NA,NA,NA,NA,NA,NA,NA,NA,NA,NA,NA,NA,NA,NA,NA,NA
Mortierellomycota,Mortierellomycetes,Mortierellales,Mortierellaceae,Mortierella,Mortierella_sp,jrk05302,Mortierellomycota,Mortierellomycetes,Mortierellales,Mortierellaceae,,soil_saprotroph,root-associated,,root-associated,root-associated,"roots,soil",chitinolytic,partly_aquatic,opportunistic_human_parasite,,filamentous_mycelium,none,none,,,,
Basidiomycota,Agaricomycetes,Agaricales,Hygrophoraceae,Hygrocybe,Hygrocybe_sp;sh__SH0078874.10FU,jrk03999,Basidiomycota,Agaricomycetes,Agaricales,Hygrophoraceae,,soil_saprotroph,unspecified_symbiotroph,CHEGD_symbiotrophs,root-associated,root-associated,"roots,soil",,non-aquatic,,,filamentous_mycelium,agaricoid,gills,,,,
Ascomycota,Dothideomycetes,NA,NA,NA,NA,NA,NA,NA,NA,NA,NA,NA,NA,NA,NA,NA,NA,NA,NA,NA,NA,NA,NA,NA,NA,NA,NA,NA
Basidiomycota,Agaricomycetes,Sebacinales,Serendipitaceae,Serendipita,Serendipita_sp;sh__SH0145612.10FU,jrk08004,Basidiomycota,Agaricomycetes,Sebacinales,Serendipitaceae,,root_endophyte,soil_saprotroph,ectomycorrhizal_1%_species/ericoid_mycorrhizal_many_species/orchid_mycorrhizal,root_endophyte,,soil,,non-aquatic,,,filamentous_mycelium,none,none,,,,
Ascomycota,Eurotiomycetes,Chaetothyriales,Herpotrichiellaceae,Cladophialophora,Cladophialophora_sp,jrk01805,Ascomycota,Eurotiomycetes,Chaetothyriales,Herpotrichiellaceae,,soil_saprotroph,root_endophyte_dark_septate,"mycoparasite_some_species,animal_pathogen_some_species",root_endophyte_dark_septate,,soil,,non-aquatic,animal_parasite/opportunistic_human_parasite,,dimorphic_yeast,none,,,,,
Rozellomycota,Rozellomycota_cls_Incertae_sedis,Rozellomycota_ord_Incertae_sedis,Rozellomycota_fam_Incertae_sedis,Rozellomycota_gen_Incertae_sedis,Rozellomycota_sp;sh__SH0011839.10FU,NA,NA,NA,NA,NA,NA,NA,NA,NA,NA,NA,NA,NA,NA,NA,NA,NA,NA,NA,NA,NA,NA,NA
Basidiomycota,Microbotryomycetes,NA,NA,NA,NA,NA,NA,NA,NA,NA,NA,NA,NA,NA,NA,NA,NA,NA,NA,NA,NA,NA,NA,NA,NA,NA,NA,NA
Ascomycota,Ascomycota_cls_Incertae_sedis,Ascomycota_ord_Incertae_sedis,Ascomycota_fam_Incertae_sedis,Ascomycota_gen_Incertae_sedis,Ascomycota_sp;sh__SH0058250.10FU,NA,NA,NA,NA,NA,NA,NA,NA,NA,NA,NA,NA,NA,NA,NA,NA,NA,NA,NA,NA,NA,NA,NA
Rozellomycota,Rozellomycota_cls_Incertae_sedis,Rozellomycota_ord_Incertae_sedis,Rozellomycota_fam_Incertae_sedis,Rozellomycota_gen_Incertae_sedis,Rozellomycota_sp;sh__SH0023863.10FU,NA,NA,NA,NA,NA,NA,NA,NA,NA,NA,NA,NA,NA,NA,NA,NA,NA,NA,NA,NA,NA,NA,NA
Ascomycota,Dothideomycetes,Capnodiales,Capnodiales_fam_Incertae_sedis,Capnodiales_gen_Incertae_sedis,Capnodiales_sp;sh__SH0183700.10FU,NA,NA,NA,NA,NA,NA,NA,NA,NA,NA,NA,NA,NA,NA,NA,NA,NA,NA,NA,NA,NA,NA,NA
Ascomycota,Dothideomycetes,NA,NA,NA,NA,NA,NA,NA,NA,NA,NA,NA,NA,NA,NA,NA,NA,NA,NA,NA,NA,NA,NA,NA,NA,NA,NA,NA
Ascomycota,Eurotiomycetes,Chaetothyriales,Herpotrichiellaceae,Cladophialophora,Cladophialophora_sp;sh__SH0153992.10FU,jrk01805,Ascomycota,Eurotiomycetes,Chaetothyriales,Herpotrichiellaceae,,soil_saprotroph,root_endophyte_dark_septate,"mycoparasite_some_species,animal_pathogen_some_species",root_endophyte_dark_septate,,soil,,non-aquatic,animal_parasite/opportunistic_human_parasite,,dimorphic_yeast,none,,,,,
Fungi_phy_Incertae_sedis,Fungi_cls_Incertae_sedis,Fungi_ord_Incertae_sedis,Fungi_fam_Incertae_sedis,Fungi_gen_Incertae_sedis,Fungi_sp;sh__SH0137859.10FU,NA,NA,NA,NA,NA,NA,NA,NA,NA,NA,NA,NA,NA,NA,NA,NA,NA,NA,NA,NA,NA,NA,NA
Ascomycota,Dothideomycetes,Capnodiales,Capnodiales_fam_Incertae_sedis,Capnodiales_gen_Incertae_sedis,Capnodiales_sp;sh__SH0148176.10FU,NA,NA,NA,NA,NA,NA,NA,NA,NA,NA,NA,NA,NA,NA,NA,NA,NA,NA,NA,NA,NA,NA,NA
Chytridiomycota,Rhizophydiomycetes,Rhizophydiales,Terramycetaceae,Terramyces,Terramyces_subangulosus;sh__SH0169390.10FU,jrk08719,Chytridiomycota,Rhizophydiomycetes,Rhizophydiales,Terramycetaceae,,pollen_saprotroph,,,,,pollen,,partly_freshwater_(partly_non-aquatic),,,zoosporic-rhizomycelial_(chytrid-like),zoosporangium,closed,,,,
Basidiomycota,Agaricomycetes,Agaricales,Mycenaceae,Mycena,NA,jrk05357,Basidiomycota,Agaricomycetes,Agaricales,Mycenaceae,,litter_saprotroph,root-associated,wood_saprotroph_many_species,root-associated,leaf/fruit/seed_pathogen,leaf/fruit/seed,,non-aquatic,,,filamentous_mycelium,agaricoid,gills,,,,
Ascomycota,Leotiomycetes,Helotiales,Helotiales_fam_Incertae_sedis,Helotiales_gen_Incertae_sedis,Helotiales_sp;sh__SH0008477.10FU,NA,NA,NA,NA,NA,NA,NA,NA,NA,NA,NA,NA,NA,NA,NA,NA,NA,NA,NA,NA,NA,NA,NA
Basidiomycota,Agaricomycetes,Agaricales,Amanitaceae,Amanita,Amanita_citrina;sh__SH0177682.10FU,jrk00264,Basidiomycota,Agaricomycetes,Agaricales,Amanitaceae,,ectomycorrhizal,,,,,,,non-aquatic,,,filamentous_mycelium,agaricoid,gills,contact,/amanita,,
Chytridiomycota,Chytridiomycota_cls_Incertae_sedis,Chytridiomycota_ord_Incertae_sedis,Chytridiomycota_fam_Incertae_sedis,Chytridiomycota_gen_Incertae_sedis,Chytridiomycota_sp;sh__SH0138010.10FU,NA,NA,NA,NA,NA,NA,NA,NA,NA,NA,NA,NA,NA,NA,NA,NA,NA,NA,NA,NA,NA,NA,NA
Ascomycota,Leotiomycetes,Helotiales,Helotiales_fam_Incertae_sedis,Helotiales_gen_Incertae_sedis,Helotiales_sp;sh__SH0008413.10FU,NA,NA,NA,NA,NA,NA,NA,NA,NA,NA,NA,NA,NA,NA,NA,NA,NA,NA,NA,NA,NA,NA,NA
Ascomycota,Orbiliomycetes,Orbiliales,Orbiliaceae,Retiarius,Retiarius_bovicornutus;sh__SH0120619.10FU,jrk07503,Ascomycota,Orbiliomycetes,Orbiliales,Orbiliaceae,,pollen_saprotroph,wood_saprotroph,,,,"pollen,wood",,non-aquatic,,,filamentous_mycelium,apothecium_(hymenium_on_surface),smooth,,,,
Ascomycota,Leotiomycetes,Helotiales,Helotiales_fam_Incertae_sedis,Helotiales_gen_Incertae_sedis,Helotiales_sp,NA,NA,NA,NA,NA,NA,NA,NA,NA,NA,NA,NA,NA,NA,NA,NA,NA,NA,NA,NA,NA,NA,NA
Ascomycota,Archaeorhizomycetes,Archaeorhizomycetales,Archaeorhizomycetaceae,Archaeorhizomyces,Archaeorhizomyces_sp;sh__SH0170210.10FU,jrk00567,Ascomycota,Archaeorhizomycetes,Archaeorhizomycetales,Archaeorhizomycetaceae,,soil_saprotroph,root-associated,,root-associated,root-associated,"roots,soil",,non-aquatic,,,filamentous_mycelium,none,none,,,,
Ascomycota,Leotiomycetes,Helotiales,Helotiales_fam_Incertae_sedis,Helotiales_gen_Incertae_sedis,Helotiales_sp;sh__SH0008452.10FU,NA,NA,NA,NA,NA,NA,NA,NA,NA,NA,NA,NA,NA,NA,NA,NA,NA,NA,NA,NA,NA,NA,NA
Ascomycota,Eurotiomycetes,Chaetothyriales,Herpotrichiellaceae,Cladophialophora,Cladophialophora_sp;sh__SH0062128.10FU,jrk01805,Ascomycota,Eurotiomycetes,Chaetothyriales,Herpotrichiellaceae,,soil_saprotroph,root_endophyte_dark_septate,"mycoparasite_some_species,animal_pathogen_some_species",root_endophyte_dark_septate,,soil,,non-aquatic,animal_parasite/opportunistic_human_parasite,,dimorphic_yeast,none,,,,,
Ascomycota,Leotiomycetes,Helotiales,Helotiales_fam_Incertae_sedis,Helotiales_gen_Incertae_sedis,Helotiales_sp,NA,NA,NA,NA,NA,NA,NA,NA,NA,NA,NA,NA,NA,NA,NA,NA,NA,NA,NA,NA,NA,NA,NA
Ascomycota,Sareomycetes,Sareales,Sareaceae,Sarea,Sarea_resinae;sh__SH0157636.10FU,jrk07811,Ascomycota,Sareomycetes,Sareales,Sareaceae,,unspecified_saprotroph,,,,,,,,,,filamentous_mycelium,apothecium_(hymenium_on_surface),smooth,,,,
Rozellomycota,Rozellomycota_cls_Incertae_sedis,Rozellomycota_ord_Incertae_sedis,Rozellomycota_fam_Incertae_sedis,Rozellomycota_gen_Incertae_sedis,Rozellomycota_sp;sh__SH0012145.10FU,NA,NA,NA,NA,NA,NA,NA,NA,NA,NA,NA,NA,NA,NA,NA,NA,NA,NA,NA,NA,NA,NA,NA
Basidiomycota,Agaricomycetes,Agaricales,Hymenogastraceae,Galerina,Galerina_sp;sh__SH0176595.10FU,jrk03314,Basidiomycota,Agaricomycetes,Agaricales,Hymenogastraceae,,wood_saprotroph,litter_saprotroph,,,leaf/fruit/seed_pathogen,"wood,leaf/fruit/seed",,non-aquatic,,,filamentous_mycelium,agaricoid,gills,,,,
Chytridiomycota,Rhizophydiomycetes,Rhizophydiales,Rhizophydiaceae,Rhizophydiaceae_gen_Incertae_sedis,Rhizophydiaceae_sp;sh__SH0063015.10FU,NA,NA,NA,NA,NA,NA,NA,NA,NA,NA,NA,NA,NA,NA,NA,NA,NA,NA,NA,NA,NA,NA,NA
Basidiomycota,Agaricomycetes,Agaricales,Clavariaceae,Clavaria,Clavaria_griseobrunnea;sh__SH0013548.10FU,jrk01836,Basidiomycota,Agaricomycetes,Agaricales,Clavariaceae,,soil_saprotroph,unspecified_symbiotroph,CHEGD_symbiotrophs,root-associated,root-associated,"roots,soil",,non-aquatic,,,filamentous_mycelium,clavarioid,smooth,,,,
Basidiomycota,Agaricomycetes,Agaricales,Inocybaceae,Inocybe,Inocybe_calamistrata;sh__SH0129561.10FU,jrk04145,Basidiomycota,Agaricomycetes,Agaricales,Inocybaceae,,ectomycorrhizal,,,,,,,non-aquatic,,,filamentous_mycelium,agaricoid,gills,short-distance_delicate,/inocybe,,
Ascomycota,Leotiomycetes,NA,NA,NA,NA,NA,NA,NA,NA,NA,NA,NA,NA,NA,NA,NA,NA,NA,NA,NA,NA,NA,NA,NA,NA,NA,NA,NA
Basidiomycota,Agaricomycetes,Thelephorales,Thelephoraceae,Polyozellus,Polyozellus_sp;sh__SH0174593.10FU,jrk06856,Basidiomycota,Agaricomycetes,Thelephorales,Thelephoraceae,,ectomycorrhizal,,,,,,,non-aquatic,,,filamentous_mycelium,clavarioid,smooth,medium-distance_smooth,/pseudotomentella,,
Ascomycota,Dothideomycetes,Pleosporales,NA,NA,NA,NA,NA,NA,NA,NA,NA,NA,NA,NA,NA,NA,NA,NA,NA,NA,NA,NA,NA,NA,NA,NA,NA,NA
Ascomycota,Dothideomycetes,Mycosphaerellales,Teratosphaeriaceae,Rapidomyces,Rapidomyces_narthecii;sh__SH0072196.10FU,NA,NA,NA,NA,NA,NA,NA,NA,NA,NA,NA,NA,NA,NA,NA,NA,NA,NA,NA,NA,NA,NA,NA
Ascomycota,Eurotiomycetes,Chaetothyriales,Herpotrichiellaceae,Herpotrichiellaceae_gen_Incertae_sedis,Herpotrichiellaceae_sp;sh__SH0062110.10FU,NA,NA,NA,NA,NA,NA,NA,NA,NA,NA,NA,NA,NA,NA,NA,NA,NA,NA,NA,NA,NA,NA,NA
NA,NA,NA,NA,NA,NA,NA,NA,NA,NA,NA,NA,NA,NA,NA,NA,NA,NA,NA,NA,NA,NA,NA,NA,NA,NA,NA,NA,NA
Ascomycota,Eurotiomycetes,Chaetothyriales,Herpotrichiellaceae,Herpotrichiellaceae_gen_Incertae_sedis,Herpotrichiellaceae_sp;sh__SH0116044.10FU,NA,NA,NA,NA,NA,NA,NA,NA,NA,NA,NA,NA,NA,NA,NA,NA,NA,NA,NA,NA,NA,NA,NA
Ascomycota,Eurotiomycetes,Chaetothyriales,Chaetothyriales_fam_Incertae_sedis,Chaetothyriales_gen_Incertae_sedis,Chaetothyriales_sp;sh__SH0153970.10FU,NA,NA,NA,NA,NA,NA,NA,NA,NA,NA,NA,NA,NA,NA,NA,NA,NA,NA,NA,NA,NA,NA,NA
Chytridiomycota,Spizellomycetes,Spizellomycetales,Powellomycetaceae,Thoreauomyces,Thoreauomyces_sp;sh__SH0186046.10FU,jrk08814,Chytridiomycota,Spizellomycetes,Spizellomycetales,Powellomycetaceae,,pollen_saprotroph,algal_parasite,,,algal_parasite,pollen,,partly_freshwater_(partly_non-aquatic),,,zoosporic-rhizomycelial_(chytrid-like),zoosporangium,closed,,,,
Mortierellomycota,Mortierellomycetes,Mortierellales,Mortierellaceae,Mortierella,Mortierella_pulchella;sh__SH0089570.10FU,jrk05302,Mortierellomycota,Mortierellomycetes,Mortierellales,Mortierellaceae,,soil_saprotroph,root-associated,,root-associated,root-associated,"roots,soil",chitinolytic,partly_aquatic,opportunistic_human_parasite,,filamentous_mycelium,none,none,,,,
Ascomycota,Lecanoromycetes,Baeomycetales,Trapeliaceae,Placynthiella,Placynthiella_dasaea;sh__SH0130128.10FU,jrk06678,Ascomycota,Lecanoromycetes,Baeomycetales,Trapeliaceae,,lichenized,,,,,,,non-aquatic,,,thallus_photosynthetic,apothecium_(hymenium_on_surface),smooth,,,chlorococcoid,
Rozellomycota,Rozellomycota_cls_Incertae_sedis,Rozellomycota_ord_Incertae_sedis,Rozellomycota_fam_Incertae_sedis,Rozellomycota_gen_Incertae_sedis,Rozellomycota_sp;sh__SH0009023.10FU,NA,NA,NA,NA,NA,NA,NA,NA,NA,NA,NA,NA,NA,NA,NA,NA,NA,NA,NA,NA,NA,NA,NA
Ascomycota,Eurotiomycetes,Chaetothyriales,Herpotrichiellaceae,Cladophialophora,Cladophialophora_sp;sh__SH0153971.10FU,jrk01805,Ascomycota,Eurotiomycetes,Chaetothyriales,Herpotrichiellaceae,,soil_saprotroph,root_endophyte_dark_septate,"mycoparasite_some_species,animal_pathogen_some_species",root_endophyte_dark_septate,,soil,,non-aquatic,animal_parasite/opportunistic_human_parasite,,dimorphic_yeast,none,,,,,
Basidiomycota,Agaricomycetes,Tremellodendropsidales,Tremellodendropsidales_fam_Incertae_sedis,Tremellodendropsidales_gen_Incertae_sedis,Tremellodendropsidales_sp,NA,NA,NA,NA,NA,NA,NA,NA,NA,NA,NA,NA,NA,NA,NA,NA,NA,NA,NA,NA,NA,NA,NA
NA,NA,NA,NA,NA,NA,NA,NA,NA,NA,NA,NA,NA,NA,NA,NA,NA,NA,NA,NA,NA,NA,NA,NA,NA,NA,NA,NA,NA
Ascomycota,Eurotiomycetes,Chaetothyriales,Herpotrichiellaceae,Cladophialophora,Cladophialophora_sp,jrk01805,Ascomycota,Eurotiomycetes,Chaetothyriales,Herpotrichiellaceae,,soil_saprotroph,root_endophyte_dark_septate,"mycoparasite_some_species,animal_pathogen_some_species",root_endophyte_dark_septate,,soil,,non-aquatic,animal_parasite/opportunistic_human_parasite,,dimorphic_yeast,none,,,,,
Ascomycota,Eurotiomycetes,Chaetothyriales,Chaetothyriales_fam_Incertae_sedis,Chaetothyriales_gen_Incertae_sedis,Chaetothyriales_sp,NA,NA,NA,NA,NA,NA,NA,NA,NA,NA,NA,NA,NA,NA,NA,NA,NA,NA,NA,NA,NA,NA,NA
Basidiomycota,Agaricomycetes,Trechisporales,Trechisporales_fam_Incertae_sedis,Trechisporales_gen_Incertae_sedis,Trechisporales_sp;sh__SH0061818.10FU,NA,NA,NA,NA,NA,NA,NA,NA,NA,NA,NA,NA,NA,NA,NA,NA,NA,NA,NA,NA,NA,NA,NA
Ascomycota,Archaeorhizomycetes,Archaeorhizomycetales,Archaeorhizomycetaceae,Archaeorhizomyces,Archaeorhizomyces_sp;sh__SH0177000.10FU,jrk00567,Ascomycota,Archaeorhizomycetes,Archaeorhizomycetales,Archaeorhizomycetaceae,,soil_saprotroph,root-associated,,root-associated,root-associated,"roots,soil",,non-aquatic,,,filamentous_mycelium,none,none,,,,
NA,NA,NA,NA,NA,NA,NA,NA,NA,NA,NA,NA,NA,NA,NA,NA,NA,NA,NA,NA,NA,NA,NA,NA,NA,NA,NA,NA,NA
Ascomycota,Leotiomycetes,NA,NA,NA,NA,NA,NA,NA,NA,NA,NA,NA,NA,NA,NA,NA,NA,NA,NA,NA,NA,NA,NA,NA,NA,NA,NA,NA
Ascomycota,Leotiomycetes,Helotiales,Helotiales_fam_Incertae_sedis,Helotiales_gen_Incertae_sedis,Helotiales_sp;sh__SH0162802.10FU,NA,NA,NA,NA,NA,NA,NA,NA,NA,NA,NA,NA,NA,NA,NA,NA,NA,NA,NA,NA,NA,NA,NA
Ascomycota,NA,NA,NA,NA,NA,NA,NA,NA,NA,NA,NA,NA,NA,NA,NA,NA,NA,NA,NA,NA,NA,NA,NA,NA,NA,NA,NA,NA
Basidiomycota,Agaricomycetes,NA,NA,NA,NA,NA,NA,NA,NA,NA,NA,NA,NA,NA,NA,NA,NA,NA,NA,NA,NA,NA,NA,NA,NA,NA,NA,NA
Ascomycota,Eurotiomycetes,Chaetothyriales,Herpotrichiellaceae,Cladophialophora,Cladophialophora_sp;sh__SH0062201.10FU,jrk01805,Ascomycota,Eurotiomycetes,Chaetothyriales,Herpotrichiellaceae,,soil_saprotroph,root_endophyte_dark_septate,"mycoparasite_some_species,animal_pathogen_some_species",root_endophyte_dark_septate,,soil,,non-aquatic,animal_parasite/opportunistic_human_parasite,,dimorphic_yeast,none,,,,,
Mortierellomycota,Mortierellomycetes,Mortierellales,Mortierellaceae,NA,NA,NA,NA,NA,NA,NA,NA,NA,NA,NA,NA,NA,NA,NA,NA,NA,NA,NA,NA,NA,NA,NA,NA,NA
Ascomycota,Eurotiomycetes,Onygenales,Arthrodermataceae,Guarromyces,Guarromyces_ceretanicus;sh__SH0177218.10FU,jrk03569,Ascomycota,Eurotiomycetes,Onygenales,Arthrodermataceae,,soil_saprotroph,,,,,soil,,non-aquatic,,,filamentous_mycelium,"cleistothecium_(closed,_spherical)",,,,,
Ascomycota,Leotiomycetes,Helotiales,Helotiaceae,Helotiaceae_gen_Incertae_sedis,Helotiaceae_sp;sh__SH0170011.10FU,NA,NA,NA,NA,NA,NA,NA,NA,NA,NA,NA,NA,NA,NA,NA,NA,NA,NA,NA,NA,NA,NA,NA
Basidiomycota,Agaricomycetes,Agaricales,Agaricales_fam_Incertae_sedis,Agaricales_gen_Incertae_sedis,Agaricales_sp;sh__SH0080973.10FU,NA,NA,NA,NA,NA,NA,NA,NA,NA,NA,NA,NA,NA,NA,NA,NA,NA,NA,NA,NA,NA,NA,NA
Basidiomycota,Agaricomycetes,Agaricales,Entolomataceae,Entoloma,Entoloma_pudens;sh__SH0078960.10FU,jrk02963,Basidiomycota,Agaricomycetes,Agaricales,Entolomataceae,,soil_saprotroph,unspecified_symbiotroph,"CHEGD_symbiotrophs,ectomycorrhizal_ca_10%_of_species",root-associated,root-associated,"roots,soil",,non-aquatic,,,filamentous_mycelium,agaricoid,gills,medium-distance_smooth,/entoloma,,
Basidiomycota,Agaricomycetes,Agaricales,Bolbitiaceae,Conocybula,Conocybula_longistipitata;sh__SH0167002.10FU,NA,NA,NA,NA,NA,NA,NA,NA,NA,NA,NA,NA,NA,NA,NA,NA,NA,NA,NA,NA,NA,NA,NA
Basidiomycota,Tremellomycetes,Tremellales,Bulleribasidiaceae,Hannaella,Hannaella_oryzae;sh__SH0042771.10FU,jrk03671,Basidiomycota,Tremellomycetes,Tremellales,Bulleribasidiaceae,,animal_parasite,animal_decomposer,,,,animal_material,,partly_freshwater_(partly_non-aquatic),animal_parasite/opportunistic_human_parasite,,yeast,none,,,,,
Ascomycota,Dothideomycetes,Pleosporales,Massarinaceae,Helminthosporium,NA,jrk03774,Ascomycota,Dothideomycetes,Pleosporales,Massarinaceae,,plant_pathogen,,,,leaf/fruit/seed_pathogen,,,non-aquatic,,,filamentous_mycelium,none,,,,,
NA,NA,NA,NA,NA,NA,NA,NA,NA,NA,NA,NA,NA,NA,NA,NA,NA,NA,NA,NA,NA,NA,NA,NA,NA,NA,NA,NA,NA
Rozellomycota,Rozellomycota_cls_Incertae_sedis,Rozellomycota_ord_Incertae_sedis,Rozellomycota_fam_Incertae_sedis,Rozellomycota_gen_Incertae_sedis,Rozellomycota_sp;sh__SH0012145.10FU,NA,NA,NA,NA,NA,NA,NA,NA,NA,NA,NA,NA,NA,NA,NA,NA,NA,NA,NA,NA,NA,NA,NA
Ascomycota,Leotiomycetes,Helotiales,NA,NA,NA,NA,NA,NA,NA,NA,NA,NA,NA,NA,NA,NA,NA,NA,NA,NA,NA,NA,NA,NA,NA,NA,NA,NA
Ascomycota,Leotiomycetes,Helotiales,Helotiales_fam_Incertae_sedis,NA,NA,NA,NA,NA,NA,NA,NA,NA,NA,NA,NA,NA,NA,NA,NA,NA,NA,NA,NA,NA,NA,NA,NA,NA
Fungi_phy_Incertae_sedis,Fungi_cls_Incertae_sedis,Fungi_ord_Incertae_sedis,Fungi_fam_Incertae_sedis,Fungi_gen_Incertae_sedis,Fungi_sp;sh__SH0128301.10FU,NA,NA,NA,NA,NA,NA,NA,NA,NA,NA,NA,NA,NA,NA,NA,NA,NA,NA,NA,NA,NA,NA,NA
Basidiomycota,Agaricomycetes,Agaricales,Agaricales_fam_Incertae_sedis,Delicatula,Delicatula_integrella;sh__SH0131939.10FU,jrk02428,Basidiomycota,Agaricomycetes,Agaricales,Agaricales family incertae sedis,,litter_saprotroph,,,,,leaf/fruit/seed,,non-aquatic,,,filamentous_mycelium,agaricoid,gills,,,,
Ascomycota,NA,NA,NA,NA,NA,NA,NA,NA,NA,NA,NA,NA,NA,NA,NA,NA,NA,NA,NA,NA,NA,NA,NA,NA,NA,NA,NA,NA
Ascomycota,Dothideomycetes,Pleosporales,NA,NA,NA,NA,NA,NA,NA,NA,NA,NA,NA,NA,NA,NA,NA,NA,NA,NA,NA,NA,NA,NA,NA,NA,NA,NA
Glomeromycota,Glomeromycetes,Diversisporales,Acaulosporaceae,Acaulospora,Acaulospora_sp;sh__SH0148880.10FU,jrk00048,Glomeromycota,Glomeromycetes,Diversisporales,Acaulosporaceae,,arbuscular_mycorrhizal,root-associated,,root_endophyte,,,,,,,filamentous_mycelium,none,none,,,,
Basidiomycota,Agaricomycetes,Agaricales,Agaricales_fam_Incertae_sedis,Agaricales_gen_Incertae_sedis,Agaricales_sp;sh__SH0103070.10FU,NA,NA,NA,NA,NA,NA,NA,NA,NA,NA,NA,NA,NA,NA,NA,NA,NA,NA,NA,NA,NA,NA,NA
Ascomycota,Dothideomycetes,Pleosporales,Pleosporales_fam_Incertae_sedis,Pleosporales_gen_Incertae_sedis,Pleosporales_sp;sh__SH0155461.10FU,NA,NA,NA,NA,NA,NA,NA,NA,NA,NA,NA,NA,NA,NA,NA,NA,NA,NA,NA,NA,NA,NA,NA
Ascomycota,Leotiomycetes,NA,NA,NA,NA,NA,NA,NA,NA,NA,NA,NA,NA,NA,NA,NA,NA,NA,NA,NA,NA,NA,NA,NA,NA,NA,NA,NA
Ascomycota,NA,NA,NA,NA,NA,NA,NA,NA,NA,NA,NA,NA,NA,NA,NA,NA,NA,NA,NA,NA,NA,NA,NA,NA,NA,NA,NA,NA
Basidiomycota,Microbotryomycetes,Sporidiobolales,Sporidiobolaceae,Rhodotorula,Rhodotorula_sp;sh__SH0144967.10FU,jrk07587,Basidiomycota,Microbotryomycetes,Sporidiobolales,Sporidiobolaceae,,unspecified_saprotroph,foliar_endophyte,,foliar_endophyte,,,,partly_aquatic,opportunistic_human_parasite,,yeast,none,none,,,,
Ascomycota,Leotiomycetes,Helotiales,Helotiales_fam_Incertae_sedis,Helotiales_gen_Incertae_sedis,Helotiales_sp,NA,NA,NA,NA,NA,NA,NA,NA,NA,NA,NA,NA,NA,NA,NA,NA,NA,NA,NA,NA,NA,NA,NA
Basidiomycota,Agaricomycetes,Sebacinales,Sebacinales_fam_Incertae_sedis,Sebacinales_gen_Incertae_sedis,Sebacinales_sp;sh__SH0160795.10FU,NA,NA,NA,NA,NA,NA,NA,NA,NA,NA,NA,NA,NA,NA,NA,NA,NA,NA,NA,NA,NA,NA,NA
Basidiomycota,Agaricomycetes,Polyporales,Podoscyphaceae,Hypochnicium,Hypochnicium_geogenium;sh__SH0186457.10FU,jrk04050,Basidiomycota,Agaricomycetes,Polyporales,Podoscyphaceae,,wood_saprotroph,,,,,wood,white_rot,non-aquatic,,,filamentous_mycelium,corticioid,smooth,,,,
Basidiomycota,Agaricomycetes,Agaricales,Cortinariaceae,Cortinarius,NA,jrk02100,Basidiomycota,Agaricomycetes,Agaricales,Cortinariaceae,,ectomycorrhizal,,,,,,,non-aquatic,,,filamentous_mycelium,agaricoid,gills,medium-distance_fringe,/cortinarius,,
Basidiomycota,Agaricomycetes,Agaricales,Cortinariaceae,Cortinarius,Cortinarius_aureovelatus;sh__SH0171035.10FU,jrk02100,Basidiomycota,Agaricomycetes,Agaricales,Cortinariaceae,,ectomycorrhizal,,,,,,,non-aquatic,,,filamentous_mycelium,agaricoid,gills,medium-distance_fringe,/cortinarius,,
Ascomycota,Leotiomycetes,Helotiales,Helotiales_fam_Incertae_sedis,Humicolopsis,Humicolopsis_cephalosporioides;sh__SH0118505.10FU,jrk03935,Ascomycota,Leotiomycetes,Helotiales,Helotiales family incertae sedis,,soil_saprotroph,,,,,soil,,non-aquatic,,,filamentous_mycelium,none,none,,,,
Ascomycota,Leotiomycetes,Helotiales,Helotiales_fam_Incertae_sedis,Helotiales_gen_Incertae_sedis,Helotiales_sp;sh__SH0161095.10FU,NA,NA,NA,NA,NA,NA,NA,NA,NA,NA,NA,NA,NA,NA,NA,NA,NA,NA,NA,NA,NA,NA,NA
Ascomycota,Leotiomycetes,Leotiomycetes_ord_Incertae_sedis,Leotiomycetes_fam_Incertae_sedis,Leotiomycetes_gen_Incertae_sedis,Leotiomycetes_sp;sh__SH0008486.10FU,NA,NA,NA,NA,NA,NA,NA,NA,NA,NA,NA,NA,NA,NA,NA,NA,NA,NA,NA,NA,NA,NA,NA
Basidiomycota,Agaricomycetes,Agaricales,Mycenaceae,Mycena,Mycena_sp;sh__SH0149085.10FU,jrk05357,Basidiomycota,Agaricomycetes,Agaricales,Mycenaceae,,litter_saprotroph,root-associated,wood_saprotroph_many_species,root-associated,leaf/fruit/seed_pathogen,leaf/fruit/seed,,non-aquatic,,,filamentous_mycelium,agaricoid,gills,,,,
Ascomycota,Sordariomycetes,Xylariales,Xylariaceae,Xylaria,NA,jrk09478,Ascomycota,Sordariomycetes,Xylariales,Xylariaceae,,wood_saprotroph,litter_saprotroph,,foliar_endophyte,,"wood,leaf/fruit/seed",,non-aquatic,,angiosperms,filamentous_mycelium,"perithecium_(hymenium_hidden,_narrow_opening)",closed,,,,
Basidiomycota,Agaricomycetes,Cantharellales,Cantharellales_fam_Incertae_sedis,Cantharellales_gen_Incertae_sedis,Cantharellales_sp;sh__SH0150134.10FU,NA,NA,NA,NA,NA,NA,NA,NA,NA,NA,NA,NA,NA,NA,NA,NA,NA,NA,NA,NA,NA,NA,NA
Basidiomycota,Agaricomycetes,Agaricales,Entolomataceae,Entoloma,NA,jrk02963,Basidiomycota,Agaricomycetes,Agaricales,Entolomataceae,,soil_saprotroph,unspecified_symbiotroph,"CHEGD_symbiotrophs,ectomycorrhizal_ca_10%_of_species",root-associated,root-associated,"roots,soil",,non-aquatic,,,filamentous_mycelium,agaricoid,gills,medium-distance_smooth,/entoloma,,
Basidiomycota,Agaricomycetes,Sebacinales,Sebacinales_fam_Incertae_sedis,Sebacinales_gen_Incertae_sedis,Sebacinales_sp;sh__SH0067051.10FU,NA,NA,NA,NA,NA,NA,NA,NA,NA,NA,NA,NA,NA,NA,NA,NA,NA,NA,NA,NA,NA,NA,NA
Ascomycota,Leotiomycetes,Helotiales,Helotiales_fam_Incertae_sedis,Infundichalara,Infundichalara_minuta;sh__SH0188205.10FU,jrk04137,Ascomycota,Leotiomycetes,Helotiales,Hamatocanthoscyphaceae,,litter_saprotroph,,,,,leaf/fruit/seed,,non-aquatic,,Pinus,filamentous_mycelium,none,,,,,
Glomeromycota,Glomeromycetes,Glomerales,Glomeraceae,Glomeraceae_gen_Incertae_sedis,Glomeraceae_sp;sh__SH0095258.10FU,NA,NA,NA,NA,NA,NA,NA,NA,NA,NA,NA,NA,NA,NA,NA,NA,NA,NA,NA,NA,NA,NA,NA
Ascomycota,Leotiomycetes,Helotiales,NA,NA,NA,NA,NA,NA,NA,NA,NA,NA,NA,NA,NA,NA,NA,NA,NA,NA,NA,NA,NA,NA,NA,NA,NA,NA
Ascomycota,Leotiomycetes,Helotiales,Hyaloscyphaceae,Hyaloscypha,Hyaloscypha_sp,jrk03965,Ascomycota,Leotiomycetes,Helotiales,Hyaloscyphaceae,,litter_saprotroph,wood_saprotroph,"ectomycorrhizal_H._Bicolor,_H._Finlandica,_ericoid_mycorrhizal_H._Variabilis,_plant_pathogen_some_species",,leaf/fruit/seed_pathogen,"wood,leaf/fruit/seed",,partly_freshwater_(partly_non-aquatic),,mosses,filamentous_mycelium,apothecium_(hymenium_on_surface),smooth,,,,
Ascomycota,Leotiomycetes,Helotiales,NA,NA,NA,NA,NA,NA,NA,NA,NA,NA,NA,NA,NA,NA,NA,NA,NA,NA,NA,NA,NA,NA,NA,NA,NA,NA
Ascomycota,NA,NA,NA,NA,NA,NA,NA,NA,NA,NA,NA,NA,NA,NA,NA,NA,NA,NA,NA,NA,NA,NA,NA,NA,NA,NA,NA,NA
Ascomycota,Archaeorhizomycetes,Archaeorhizomycetales,Archaeorhizomycetales_fam_Incertae_sedis,Archaeorhizomycetales_gen_Incertae_sedis,Archaeorhizomycetales_sp;sh__SH0177121.10FU,NA,NA,NA,NA,NA,NA,NA,NA,NA,NA,NA,NA,NA,NA,NA,NA,NA,NA,NA,NA,NA,NA,NA
Ascomycota,Leotiomycetes,Helotiales,Helotiales_fam_Incertae_sedis,Helotiales_gen_Incertae_sedis,Helotiales_sp;sh__SH0118434.10FU,NA,NA,NA,NA,NA,NA,NA,NA,NA,NA,NA,NA,NA,NA,NA,NA,NA,NA,NA,NA,NA,NA,NA
Mortierellomycota,Mortierellomycetes,Mortierellales,Mortierellaceae,Mortierella,Mortierella_tsukubaensis;sh__SH0192871.10FU,jrk05302,Mortierellomycota,Mortierellomycetes,Mortierellales,Mortierellaceae,,soil_saprotroph,root-associated,,root-associated,root-associated,"roots,soil",chitinolytic,partly_aquatic,opportunistic_human_parasite,,filamentous_mycelium,none,none,,,,
Basidiomycota,Agaricomycetes,Agaricales,Clavariaceae,Clavariaceae_gen_Incertae_sedis,Clavariaceae_sp;sh__SH0150046.10FU,NA,NA,NA,NA,NA,NA,NA,NA,NA,NA,NA,NA,NA,NA,NA,NA,NA,NA,NA,NA,NA,NA,NA
NA,NA,NA,NA,NA,NA,NA,NA,NA,NA,NA,NA,NA,NA,NA,NA,NA,NA,NA,NA,NA,NA,NA,NA,NA,NA,NA,NA,NA
NA,NA,NA,NA,NA,NA,NA,NA,NA,NA,NA,NA,NA,NA,NA,NA,NA,NA,NA,NA,NA,NA,NA,NA,NA,NA,NA,NA,NA
Mucoromycota,Endogonomycetes,GS21,GS21_fam_Incertae_sedis,GS21_gen_Incertae_sedis,GS21_sp;sh__SH0195572.10FU,NA,NA,NA,NA,NA,NA,NA,NA,NA,NA,NA,NA,NA,NA,NA,NA,NA,NA,NA,NA,NA,NA,NA
Ascomycota,Sordariomycetes,Sordariales,Sordariales_fam_Incertae_sedis,Sordariales_gen_Incertae_sedis,Sordariales_sp;sh__SH0156504.10FU,NA,NA,NA,NA,NA,NA,NA,NA,NA,NA,NA,NA,NA,NA,NA,NA,NA,NA,NA,NA,NA,NA,NA
Ascomycota,Dothideomycetes,Venturiales,NA,NA,NA,NA,NA,NA,NA,NA,NA,NA,NA,NA,NA,NA,NA,NA,NA,NA,NA,NA,NA,NA,NA,NA,NA,NA
Mucoromycota,Endogonomycetes,GS22,GS22_fam_Incertae_sedis,GS22_gen_Incertae_sedis,GS22_sp;sh__SH0116911.10FU,NA,NA,NA,NA,NA,NA,NA,NA,NA,NA,NA,NA,NA,NA,NA,NA,NA,NA,NA,NA,NA,NA,NA
Ascomycota,Leotiomycetes,NA,NA,NA,NA,NA,NA,NA,NA,NA,NA,NA,NA,NA,NA,NA,NA,NA,NA,NA,NA,NA,NA,NA,NA,NA,NA,NA
Basidiomycota,Agaricomycetes,Agaricales,Nidulariaceae,Mycocalia,Mycocalia_denudata;sh__SH0188833.10FU,jrk05372,Basidiomycota,Agaricomycetes,Agaricales,Nidulariaceae,,litter_saprotroph,,,,,leaf/fruit/seed,,non-aquatic,,,filamentous_mycelium,gasteroid,closed,,,,
Ascomycota,NA,NA,NA,NA,NA,NA,NA,NA,NA,NA,NA,NA,NA,NA,NA,NA,NA,NA,NA,NA,NA,NA,NA,NA,NA,NA,NA,NA
Basidiomycota,Agaricomycetes,Agaricomycetes_ord_Incertae_sedis,Agaricomycetes_fam_Incertae_sedis,Agaricomycetes_gen_Incertae_sedis,Agaricomycetes_sp;sh__SH0161590.10FU,NA,NA,NA,NA,NA,NA,NA,NA,NA,NA,NA,NA,NA,NA,NA,NA,NA,NA,NA,NA,NA,NA,NA
Rozellomycota,Rozellomycota_cls_Incertae_sedis,Rozellomycota_ord_Incertae_sedis,Rozellomycota_fam_Incertae_sedis,Rozellomycota_gen_Incertae_sedis,Rozellomycota_sp,NA,NA,NA,NA,NA,NA,NA,NA,NA,NA,NA,NA,NA,NA,NA,NA,NA,NA,NA,NA,NA,NA,NA
Glomeromycota,Archaeosporomycetes,Archaeosporales,Archaeosporales_fam_Incertae_sedis,Archaeosporales_gen_Incertae_sedis,Archaeosporales_sp;sh__SH0088766.10FU,NA,NA,NA,NA,NA,NA,NA,NA,NA,NA,NA,NA,NA,NA,NA,NA,NA,NA,NA,NA,NA,NA,NA
Basidiomycota,Spiculogloeomycetes,Spiculogloeomycetes_ord_Incertae_sedis,Spiculogloeomycetes_fam_Incertae_sedis,Meniscomyces,Meniscomyces_layueensis;sh__SH0134289.10FU,,Basidiomycota,Cystobasidiomycetes,Spiculogloeales,Spiculogloeales family incertae sedis,,epiphyte,soil_saprotroph,,,,soil,,non-aquatic,,,yeast,none,none,,,,
Rozellomycota,Rozellomycota_cls_Incertae_sedis,Rozellomycota_ord_Incertae_sedis,Rozellomycota_fam_Incertae_sedis,Rozellomycota_gen_Incertae_sedis,Rozellomycota_sp,NA,NA,NA,NA,NA,NA,NA,NA,NA,NA,NA,NA,NA,NA,NA,NA,NA,NA,NA,NA,NA,NA,NA
Rozellomycota,Rozellomycota_cls_Incertae_sedis,Rozellomycota_ord_Incertae_sedis,Rozellomycota_fam_Incertae_sedis,Rozellomycota_gen_Incertae_sedis,Rozellomycota_sp;sh__SH0151825.10FU,NA,NA,NA,NA,NA,NA,NA,NA,NA,NA,NA,NA,NA,NA,NA,NA,NA,NA,NA,NA,NA,NA,NA
Ascomycota,Lecanoromycetes,Ostropales,Ostropales_fam_Incertae_sedis,Ostropales_gen_Incertae_sedis,Ostropales_sp;sh__SH0005320.10FU,NA,NA,NA,NA,NA,NA,NA,NA,NA,NA,NA,NA,NA,NA,NA,NA,NA,NA,NA,NA,NA,NA,NA
Basidiomycota,Agaricomycetes,Cantharellales,Hydnaceae,Sistotrema,Sistotrema_citriforme;sh__SH0153321.10FU,jrk08105,Basidiomycota,Agaricomycetes,Cantharellales,Cantharellales family incertae sedis,,litter_saprotroph,,ectomycorrhizal_many_species,,,leaf/fruit/seed,,non-aquatic,,,filamentous_mycelium,corticioid,smooth,medium-distance_fringe,/cantharellus,,
Basidiomycota,Agaricomycetes,Sebacinales,Serendipitaceae,Serendipita,Serendipita_sp,jrk08004,Basidiomycota,Agaricomycetes,Sebacinales,Serendipitaceae,,root_endophyte,soil_saprotroph,ectomycorrhizal_1%_species/ericoid_mycorrhizal_many_species/orchid_mycorrhizal,root_endophyte,,soil,,non-aquatic,,,filamentous_mycelium,none,none,,,,
Ascomycota,Eurotiomycetes,Chaetothyriales,Chaetothyriales_fam_Incertae_sedis,Chaetothyriales_gen_Incertae_sedis,Chaetothyriales_sp;sh__SH0062345.10FU,NA,NA,NA,NA,NA,NA,NA,NA,NA,NA,NA,NA,NA,NA,NA,NA,NA,NA,NA,NA,NA,NA,NA
Ascomycota,Saccharomycetes,Saccharomycetales,Saccharomycetales_fam_Incertae_sedis,Saccharomycetales_gen_Incertae_sedis,Saccharomycetales_sp;sh__SH0159923.10FU,NA,NA,NA,NA,NA,NA,NA,NA,NA,NA,NA,NA,NA,NA,NA,NA,NA,NA,NA,NA,NA,NA,NA
Basidiomycota,Agaricomycetes,Trechisporales,Hydnodontaceae,Luellia,Luellia_recondita;sh__SH0175542.10FU,jrk04814,Basidiomycota,Agaricomycetes,Trechisporales,Hydnodontaceae,,wood_saprotroph,,,,,wood,white_rot,non-aquatic,,,filamentous_mycelium,corticioid,smooth,,,,
Basidiomycota,Agaricomycetes,Atheliales,Atheliaceae,Tylospora,Tylospora_fibrillosa;sh__SH0061002.10FU,jrk09129,Basidiomycota,Agaricomycetes,Atheliales,Atheliaceae,,ectomycorrhizal,,,,,,,non-aquatic,,,filamentous_mycelium,corticioid,smooth,short-distance_delicate,/amphinema-tylospora,,
Fungi_phy_Incertae_sedis,Fungi_cls_Incertae_sedis,Fungi_ord_Incertae_sedis,Fungi_fam_Incertae_sedis,Fungi_gen_Incertae_sedis,Fungi_sp;sh__SH0190126.10FU,NA,NA,NA,NA,NA,NA,NA,NA,NA,NA,NA,NA,NA,NA,NA,NA,NA,NA,NA,NA,NA,NA,NA
NA,NA,NA,NA,NA,NA,NA,NA,NA,NA,NA,NA,NA,NA,NA,NA,NA,NA,NA,NA,NA,NA,NA,NA,NA,NA,NA,NA,NA
Mucoromycota,Umbelopsidomycetes,Umbelopsidales,Umbelopsidaceae,Umbelopsis,Umbelopsis_gibberispora;sh__SH0047858.10FU,jrk09156,Mucoromycota,Umbelopsidomycetes,Umbelopsidales,Umbelopsidaceae,,soil_saprotroph,root-associated,,root-associated,root-associated,"roots,soil",mold,non-aquatic,,,filamentous_mycelium,none,none,,,,
Ascomycota,Archaeorhizomycetes,Archaeorhizomycetales,Archaeorhizomycetaceae,Archaeorhizomyces,Archaeorhizomyces_sp;sh__SH0034255.10FU,jrk00567,Ascomycota,Archaeorhizomycetes,Archaeorhizomycetales,Archaeorhizomycetaceae,,soil_saprotroph,root-associated,,root-associated,root-associated,"roots,soil",,non-aquatic,,,filamentous_mycelium,none,none,,,,
Basidiomycota,Agaricomycetes,NA,NA,NA,NA,NA,NA,NA,NA,NA,NA,NA,NA,NA,NA,NA,NA,NA,NA,NA,NA,NA,NA,NA,NA,NA,NA,NA
Basidiomycota,Agaricomycetes,Agaricales,Hygrophoraceae,Gliophorus,Gliophorus_irrigatus;sh__SH0120389.10FU,jrk03425,Basidiomycota,Agaricomycetes,Agaricales,Hygrophoraceae,,soil_saprotroph,unspecified_symbiotroph,CHEGD_symbiotrophs,root-associated,root-associated,"roots,soil",,non-aquatic,,,filamentous_mycelium,agaricoid,gills,,,,
Chytridiomycota,Rhizophydiomycetes,Rhizophydiales,Rhizophydiales_fam_Incertae_sedis,Rhizophydiales_gen_Incertae_sedis,Rhizophydiales_sp,NA,NA,NA,NA,NA,NA,NA,NA,NA,NA,NA,NA,NA,NA,NA,NA,NA,NA,NA,NA,NA,NA,NA
Basidiomycota,Agaricomycetes,Agaricomycetes_ord_Incertae_sedis,Agaricomycetes_fam_Incertae_sedis,Agaricomycetes_gen_Incertae_sedis,Agaricomycetes_sp;sh__SH0174032.10FU,NA,NA,NA,NA,NA,NA,NA,NA,NA,NA,NA,NA,NA,NA,NA,NA,NA,NA,NA,NA,NA,NA,NA
Ascomycota,Leotiomycetes,NA,NA,NA,NA,NA,NA,NA,NA,NA,NA,NA,NA,NA,NA,NA,NA,NA,NA,NA,NA,NA,NA,NA,NA,NA,NA,NA
Ascomycota,Dothideomycetes,Pleosporales,Massarinaceae,Stagonospora,Stagonospora_perfecta;sh__SH0054387.10FU,jrk08317,Ascomycota,Dothideomycetes,Pleosporales,Massarinaceae,,plant_pathogen,,,,leaf/fruit/seed_pathogen,,,non-aquatic,,,filamentous_mycelium,other,,,,,
Ascomycota,Leotiomycetes,Helotiales,NA,NA,NA,NA,NA,NA,NA,NA,NA,NA,NA,NA,NA,NA,NA,NA,NA,NA,NA,NA,NA,NA,NA,NA,NA,NA
NA,NA,NA,NA,NA,NA,NA,NA,NA,NA,NA,NA,NA,NA,NA,NA,NA,NA,NA,NA,NA,NA,NA,NA,NA,NA,NA,NA,NA
Ascomycota,Dothideomycetes,Pleosporales,Pleosporales_fam_Incertae_sedis,Pleosporales_gen_Incertae_sedis,Pleosporales_sp;sh__SH0154545.10FU,NA,NA,NA,NA,NA,NA,NA,NA,NA,NA,NA,NA,NA,NA,NA,NA,NA,NA,NA,NA,NA,NA,NA
Basidiomycota,Agaricomycetes,Hymenochaetales,Schizoporaceae,Xylodon,Xylodon_daweishanensis;sh__SH0111215.10FU,jrk09485,Basidiomycota,Agaricomycetes,Hymenochaetales,Schizoporaceae,,wood_saprotroph,,,,,wood,white_rot,partly_aquatic,,,filamentous_mycelium,corticioid,hydnoid,,,,
Ascomycota,Eurotiomycetes,Eurotiales,Elaphomycetaceae,Elaphomyces,Elaphomyces_leveillei;sh__SH0015556.10FU,jrk02855,Ascomycota,Eurotiomycetes,Eurotiales,Elaphomycetaceae,,ectomycorrhizal,,,,,,,non-aquatic,,,filamentous_mycelium,gasteroid-hypogeous,closed,short-distance_delicate,/elaphomyces,,
Ascomycota,Leotiomycetes,Helotiales,NA,NA,NA,NA,NA,NA,NA,NA,NA,NA,NA,NA,NA,NA,NA,NA,NA,NA,NA,NA,NA,NA,NA,NA,NA,NA
Ascomycota,Leotiomycetes,Helotiales,Helotiales_fam_Incertae_sedis,Infundichalara,Infundichalara_microchona;sh__SH0188239.10FU,jrk04137,Ascomycota,Leotiomycetes,Helotiales,Hamatocanthoscyphaceae,,litter_saprotroph,,,,,leaf/fruit/seed,,non-aquatic,,Pinus,filamentous_mycelium,none,,,,,
Ascomycota,Leotiomycetes,Helotiales,Helotiales_fam_Incertae_sedis,Infundichalara,Infundichalara_microchona;sh__SH0188239.10FU,jrk04137,Ascomycota,Leotiomycetes,Helotiales,Hamatocanthoscyphaceae,,litter_saprotroph,,,,,leaf/fruit/seed,,non-aquatic,,Pinus,filamentous_mycelium,none,,,,,
Ascomycota,Dothideomycetes,Capnodiales,Capnodiales_fam_Incertae_sedis,Perusta,Perusta_inaequalis;sh__SH0130769.10FU,jrk06327,Ascomycota,Dothideomycetes,Capnodiales,Capnodiales family incertae sedis,,unspecified_saprotroph,rock-inhabiting,,,,soil,,non-aquatic,,,filamentous_mycelium,"perithecium_(hymenium_hidden,_narrow_opening)",closed,,,,
Ascomycota,NA,NA,NA,NA,NA,NA,NA,NA,NA,NA,NA,NA,NA,NA,NA,NA,NA,NA,NA,NA,NA,NA,NA,NA,NA,NA,NA,NA
Ascomycota,Lecanoromycetes,Baeomycetales,Trapeliaceae,Trapelia,Trapelia_corticola;sh__SH0079913.10FU,jrk08920,Ascomycota,Lecanoromycetes,Baeomycetales,Trapeliaceae,,lichenized,,,,,,,non-aquatic,,,thallus_photosynthetic,apothecium_(hymenium_on_surface),smooth,,,chlorococcoid,
Ascomycota,Ascomycota_cls_Incertae_sedis,Ascomycota_ord_Incertae_sedis,Ascomycota_fam_Incertae_sedis,Ascomycota_gen_Incertae_sedis,Ascomycota_sp;sh__SH0144761.10FU,NA,NA,NA,NA,NA,NA,NA,NA,NA,NA,NA,NA,NA,NA,NA,NA,NA,NA,NA,NA,NA,NA,NA
Ascomycota,Lecanoromycetes,Ostropales,Stictidaceae,Cryptodiscus,Cryptodiscus_sp;sh__SH0106452.10FU,jrk02196,Ascomycota,Lecanoromycetes,Ostropales,Stictidaceae,,lichen_parasite,fungal_decomposer,saprotroph_unspecified_some_species,,,"fungal_material,algal_material",,non-aquatic,,,filamentous_mycelium,apothecium_(hymenium_on_surface),smooth,,,,
Basidiomycota,Agaricomycetes,Agaricales,Agaricales_fam_Incertae_sedis,Agaricales_gen_Incertae_sedis,Agaricales_sp;sh__SH0170023.10FU,NA,NA,NA,NA,NA,NA,NA,NA,NA,NA,NA,NA,NA,NA,NA,NA,NA,NA,NA,NA,NA,NA,NA
Ascomycota,Leotiomycetes,NA,NA,NA,NA,NA,NA,NA,NA,NA,NA,NA,NA,NA,NA,NA,NA,NA,NA,NA,NA,NA,NA,NA,NA,NA,NA,NA
Basidiomycota,Agaricomycetes,Agaricales,Strophariaceae,Pholiota,Pholiota_gummosa;sh__SH0020075.10FU,jrk06516,Basidiomycota,Agaricomycetes,Agaricales,Strophariaceae,,wood_saprotroph,litter_saprotroph,,,wood_pathogen,"wood,leaf/fruit/seed",white_rot,non-aquatic,,,filamentous_mycelium,agaricoid,gills,,,,
Ascomycota,Eurotiomycetes,Chaetothyriales,Chaetothyriales_fam_Incertae_sedis,Chaetothyriales_gen_Incertae_sedis,Chaetothyriales_sp;sh__SH0062121.10FU,NA,NA,NA,NA,NA,NA,NA,NA,NA,NA,NA,NA,NA,NA,NA,NA,NA,NA,NA,NA,NA,NA,NA
Basidiomycota,Agaricomycetes,Agaricales,Agaricales_fam_Incertae_sedis,Agaricales_gen_Incertae_sedis,Agaricales_sp;sh__SH0170319.10FU,NA,NA,NA,NA,NA,NA,NA,NA,NA,NA,NA,NA,NA,NA,NA,NA,NA,NA,NA,NA,NA,NA,NA
Rozellomycota,Rozellomycota_cls_Incertae_sedis,Rozellomycota_ord_Incertae_sedis,Rozellomycota_fam_Incertae_sedis,Rozellomycota_gen_Incertae_sedis,Rozellomycota_sp;sh__SH0151156.10FU,NA,NA,NA,NA,NA,NA,NA,NA,NA,NA,NA,NA,NA,NA,NA,NA,NA,NA,NA,NA,NA,NA,NA
Ascomycota,Lecanoromycetes,Lecanoromycetes_ord_Incertae_sedis,Lecanoromycetes_fam_Incertae_sedis,Lecanoromycetes_gen_Incertae_sedis,Lecanoromycetes_sp;sh__SH0154781.10FU,NA,NA,NA,NA,NA,NA,NA,NA,NA,NA,NA,NA,NA,NA,NA,NA,NA,NA,NA,NA,NA,NA,NA
Ascomycota,Leotiomycetes,Helotiales,Helotiales_fam_Incertae_sedis,Infundichalara,Infundichalara_microchona;sh__SH0188239.10FU,jrk04137,Ascomycota,Leotiomycetes,Helotiales,Hamatocanthoscyphaceae,,litter_saprotroph,,,,,leaf/fruit/seed,,non-aquatic,,Pinus,filamentous_mycelium,none,,,,,
Ascomycota,Ascomycota_cls_Incertae_sedis,Ascomycota_ord_Incertae_sedis,Ascomycota_fam_Incertae_sedis,Ascomycota_gen_Incertae_sedis,Ascomycota_sp;sh__SH0150258.10FU,NA,NA,NA,NA,NA,NA,NA,NA,NA,NA,NA,NA,NA,NA,NA,NA,NA,NA,NA,NA,NA,NA,NA
Ascomycota,Dothideomycetes,Pleosporales,Dictyosporiaceae,Jalapriya,Jalapriya_pulchra;sh__SH0079834.10FU,jrk04212,Ascomycota,Dothideomycetes,Pleosporales,Dictyosporiaceae,,wood_saprotroph,,,,,wood,,partly_aquatic,,,filamentous_mycelium,"perithecium_(hymenium_hidden,_narrow_opening)",,,,,
Ascomycota,Sordariomycetes,Myrmecridiales,Myrmecridiaceae,Myrmecridium,Myrmecridium_flexuosum;sh__SH0168552.10FU,jrk05468,Ascomycota,Sordariomycetes,Myrmecridiales,Myrmecridiaceae,,soil_saprotroph,,,,,soil,,partly_aquatic,,,filamentous_mycelium,none,none,,,,
Glomeromycota,Glomeromycetes,Glomerales,Glomeraceae,Glomeraceae_gen_Incertae_sedis,Glomeraceae_sp;sh__SH0095258.10FU,NA,NA,NA,NA,NA,NA,NA,NA,NA,NA,NA,NA,NA,NA,NA,NA,NA,NA,NA,NA,NA,NA,NA
Basidiomycota,Microbotryomycetes,Microbotryomycetes_ord_Incertae_sedis,Microbotryomycetes_fam_Incertae_sedis,Slooffia,Slooffia_cresolica;sh__SH0165481.10FU,jrk08122,Basidiomycota,Microbotryomycetes,Microbotryomycetes order incertae sedis,Microbotryomycetes family incertae sedis,,unspecified_saprotroph,,,,,,,non-aquatic,,,yeast,none,none,,,,
Basidiomycota,Agaricomycetes,Thelephorales,Thelephoraceae,Thelephora,Thelephora_ellisii;sh__SH0126279.10FU,jrk08781,Basidiomycota,Agaricomycetes,Thelephorales,Thelephoraceae,,ectomycorrhizal,,,,,,,non-aquatic,,,filamentous_mycelium,clavarioid,smooth,medium-distance_smooth,/tomentella-thelephora,,
Ascomycota,Leotiomycetes,Helotiales,Hyaloscyphaceae,NA,NA,NA,NA,NA,NA,NA,NA,NA,NA,NA,NA,NA,NA,NA,NA,NA,NA,NA,NA,NA,NA,NA,NA,NA
Chytridiomycota,Spizellomycetes,Spizellomycetales,Spizellomycetales_fam_Incertae_sedis,Spizellomycetales_gen_Incertae_sedis,Spizellomycetales_sp;sh__SH0011487.10FU,NA,NA,NA,NA,NA,NA,NA,NA,NA,NA,NA,NA,NA,NA,NA,NA,NA,NA,NA,NA,NA,NA,NA
Chytridiomycota,Chytridiomycota_cls_Incertae_sedis,Chytridiomycota_ord_Incertae_sedis,Chytridiomycota_fam_Incertae_sedis,Chytridiomycota_gen_Incertae_sedis,Chytridiomycota_sp;sh__SH0075356.10FU,NA,NA,NA,NA,NA,NA,NA,NA,NA,NA,NA,NA,NA,NA,NA,NA,NA,NA,NA,NA,NA,NA,NA
NA,NA,NA,NA,NA,NA,NA,NA,NA,NA,NA,NA,NA,NA,NA,NA,NA,NA,NA,NA,NA,NA,NA,NA,NA,NA,NA,NA,NA
Rozellomycota,Rozellomycota_cls_Incertae_sedis,Rozellomycota_ord_Incertae_sedis,Rozellomycota_fam_Incertae_sedis,Rozellomycota_gen_Incertae_sedis,Rozellomycota_sp;sh__SH0008285.10FU,NA,NA,NA,NA,NA,NA,NA,NA,NA,NA,NA,NA,NA,NA,NA,NA,NA,NA,NA,NA,NA,NA,NA
Ascomycota,Leotiomycetes,Helotiales,Helotiales_fam_Incertae_sedis,Helotiales_gen_Incertae_sedis,Helotiales_sp;sh__SH0008386.10FU,NA,NA,NA,NA,NA,NA,NA,NA,NA,NA,NA,NA,NA,NA,NA,NA,NA,NA,NA,NA,NA,NA,NA
Ascomycota,Leotiomycetes,Helotiales,NA,NA,NA,NA,NA,NA,NA,NA,NA,NA,NA,NA,NA,NA,NA,NA,NA,NA,NA,NA,NA,NA,NA,NA,NA,NA
Basidiomycota,Agaricomycetes,NA,NA,NA,NA,NA,NA,NA,NA,NA,NA,NA,NA,NA,NA,NA,NA,NA,NA,NA,NA,NA,NA,NA,NA,NA,NA,NA
Basidiomycota,Agaricomycetes,Sebacinales,Serendipitaceae,Serendipita,Serendipita_sp;sh__SH0066911.10FU,jrk08004,Basidiomycota,Agaricomycetes,Sebacinales,Serendipitaceae,,root_endophyte,soil_saprotroph,ectomycorrhizal_1%_species/ericoid_mycorrhizal_many_species/orchid_mycorrhizal,root_endophyte,,soil,,non-aquatic,,,filamentous_mycelium,none,none,,,,
Ascomycota,Leotiomycetes,Helotiales,Helotiales_fam_Incertae_sedis,Helotiales_gen_Incertae_sedis,Helotiales_sp;sh__SH0150623.10FU,NA,NA,NA,NA,NA,NA,NA,NA,NA,NA,NA,NA,NA,NA,NA,NA,NA,NA,NA,NA,NA,NA,NA
Basidiomycota,Agaricomycetes,Agaricales,Tricholomataceae,Pseudobaeospora,Pseudobaeospora_pyrifera;sh__SH0081384.10FU,jrk07018,Basidiomycota,Agaricomycetes,Agaricales,Tricholomataceae,,soil_saprotroph,unspecified_symbiotroph,CHEGD_symbiotrophs,root-associated,root-associated,"roots,soil",,non-aquatic,,,filamentous_mycelium,agaricoid,gills,,,,
Basidiomycota,Agaricomycetes,Agaricales,Entolomataceae,Entoloma,Entoloma_moliniophilum;sh__SH0078655.10FU,jrk02963,Basidiomycota,Agaricomycetes,Agaricales,Entolomataceae,,soil_saprotroph,unspecified_symbiotroph,"CHEGD_symbiotrophs,ectomycorrhizal_ca_10%_of_species",root-associated,root-associated,"roots,soil",,non-aquatic,,,filamentous_mycelium,agaricoid,gills,medium-distance_smooth,/entoloma,,
Ascomycota,Leotiomycetes,Thelebolales,Pseudeurotiaceae,Geomyces,Geomyces_auratus;sh__SH0156823.10FU,jrk03377,Ascomycota,Leotiomycetes,Thelebolales,Pseudeurotiaceae,,soil_saprotroph,,,,,soil,,partly_aquatic,,,filamentous_mycelium,"cleistothecium_(closed,_spherical)",closed,,,,
NA,NA,NA,NA,NA,NA,NA,NA,NA,NA,NA,NA,NA,NA,NA,NA,NA,NA,NA,NA,NA,NA,NA,NA,NA,NA,NA,NA,NA
Ascomycota,Leotiomycetes,Helotiales,Hyaloscyphaceae,Hyaloscyphaceae_gen_Incertae_sedis,Hyaloscyphaceae_sp;sh__SH0110911.10FU,NA,NA,NA,NA,NA,NA,NA,NA,NA,NA,NA,NA,NA,NA,NA,NA,NA,NA,NA,NA,NA,NA,NA
Ascomycota,Leotiomycetes,NA,NA,NA,NA,NA,NA,NA,NA,NA,NA,NA,NA,NA,NA,NA,NA,NA,NA,NA,NA,NA,NA,NA,NA,NA,NA,NA
Ascomycota,Archaeorhizomycetes,Archaeorhizomycetales,Archaeorhizomycetaceae,Archaeorhizomyces,Archaeorhizomyces_sp;sh__SH0159962.10FU,jrk00567,Ascomycota,Archaeorhizomycetes,Archaeorhizomycetales,Archaeorhizomycetaceae,,soil_saprotroph,root-associated,,root-associated,root-associated,"roots,soil",,non-aquatic,,,filamentous_mycelium,none,none,,,,
Ascomycota,NA,NA,NA,NA,NA,NA,NA,NA,NA,NA,NA,NA,NA,NA,NA,NA,NA,NA,NA,NA,NA,NA,NA,NA,NA,NA,NA,NA
Basidiomycota,Agaricomycetes,Thelephorales,Thelephoraceae,Thelephora,Thelephora_spinosispora;sh__SH0128607.10FU,jrk08781,Basidiomycota,Agaricomycetes,Thelephorales,Thelephoraceae,,ectomycorrhizal,,,,,,,non-aquatic,,,filamentous_mycelium,clavarioid,smooth,medium-distance_smooth,/tomentella-thelephora,,
Basidiomycota,Agaricomycetes,Agaricales,Clavariaceae,Camarophyllopsis,Camarophyllopsis_atrovelutina;sh__SH0012615.10FU,jrk01362,Basidiomycota,Agaricomycetes,Agaricales,Clavariaceae,,soil_saprotroph,unspecified_symbiotroph,CHEGD_symbiotrophs,root-associated,root-associated,"roots,soil",,non-aquatic,,,filamentous_mycelium,agaricoid,gills,,,,
Ascomycota,Dothideomycetes,Dothideales,Saccotheciaceae,Kabatiella,Kabatiella_sp;sh__SH0123706.10FU,jrk04261,Ascomycota,Dothideomycetes,Dothideales,Saccotheciaceae,,plant_pathogen,litter_saprotroph,,no_endophytic_capacity,leaf/fruit/seed_pathogen,leaf/fruit/seed,,non-aquatic,,,filamentous_mycelium,none,,,,,
Basidiomycota,Agaricomycetes,Agaricales,Hymenogastraceae,Galerina,Galerina_mniophila;sh__SH0176614.10FU,jrk03314,Basidiomycota,Agaricomycetes,Agaricales,Hymenogastraceae,,wood_saprotroph,litter_saprotroph,,,leaf/fruit/seed_pathogen,"wood,leaf/fruit/seed",,non-aquatic,,,filamentous_mycelium,agaricoid,gills,,,,
Mucoromycota,Mucoromycetes,Mucorales,Cunninghamellaceae,Absidia,Absidia_cylindrospora;sh__SH0030150.10FU,jrk00010,Mucoromycota,Mucoromycetes,Mucorales,Cunninghamellaceae,,soil_saprotroph,,,,,soil,mold,partly_aquatic,,,filamentous_mycelium,none,none,,,,
Ascomycota,Sordariomycetes,Chaetosphaeriales,Chaetosphaeriaceae,Chaetosphaeria,Chaetosphaeria_sp;sh__SH0081893.10FU,jrk01640,Ascomycota,Sordariomycetes,Chaetosphaeriales,Chaetosphaeriaceae,,litter_saprotroph,wood_saprotroph,,foliar_endophyte,,"wood,leaf/fruit/seed",,partly_freshwater_(partly_non-aquatic),,,filamentous_mycelium,"perithecium_(hymenium_hidden,_narrow_opening)",closed,,,,
Ascomycota,Orbiliomycetes,Orbiliales,Orbiliales_fam_Incertae_sedis,Orbiliales_gen_Incertae_sedis,Orbiliales_sp;sh__SH0148190.10FU,NA,NA,NA,NA,NA,NA,NA,NA,NA,NA,NA,NA,NA,NA,NA,NA,NA,NA,NA,NA,NA,NA,NA
Basidiomycota,Agaricomycetes,Agaricales,Clavariaceae,Clavaria,Clavaria_flavipes;sh__SH0005426.10FU,jrk01836,Basidiomycota,Agaricomycetes,Agaricales,Clavariaceae,,soil_saprotroph,unspecified_symbiotroph,CHEGD_symbiotrophs,root-associated,root-associated,"roots,soil",,non-aquatic,,,filamentous_mycelium,clavarioid,smooth,,,,
Basidiomycota,Agaricomycetes,Agaricales,Lyophyllaceae,Lyophyllaceae_gen_Incertae_sedis,Lyophyllaceae_sp;sh__SH0081123.10FU,NA,NA,NA,NA,NA,NA,NA,NA,NA,NA,NA,NA,NA,NA,NA,NA,NA,NA,NA,NA,NA,NA,NA
Ascomycota,Dothideomycetes,Dothideomycetes_ord_Incertae_sedis,Dothideomycetes_fam_Incertae_sedis,Dothideomycetes_gen_Incertae_sedis,Dothideomycetes_sp;sh__SH0020128.10FU,NA,NA,NA,NA,NA,NA,NA,NA,NA,NA,NA,NA,NA,NA,NA,NA,NA,NA,NA,NA,NA,NA,NA
NA,NA,NA,NA,NA,NA,NA,NA,NA,NA,NA,NA,NA,NA,NA,NA,NA,NA,NA,NA,NA,NA,NA,NA,NA,NA,NA,NA,NA
Mucoromycota,Endogonomycetes,Endogonomycetes_ord_Incertae_sedis,Endogonomycetes_fam_Incertae_sedis,Endogonomycetes_gen_Incertae_sedis,Endogonomycetes_sp,NA,NA,NA,NA,NA,NA,NA,NA,NA,NA,NA,NA,NA,NA,NA,NA,NA,NA,NA,NA,NA,NA,NA
NA,NA,NA,NA,NA,NA,NA,NA,NA,NA,NA,NA,NA,NA,NA,NA,NA,NA,NA,NA,NA,NA,NA,NA,NA,NA,NA,NA,NA
Entorrhizomycota,Entorrhizomycetes,Entorrhizales,Entorrhizaceae,Entorrhiza,Entorrhiza_sp;sh__SH0004981.10FU,jrk09729,Entorrhizomycota,Entorrhizomycetes,Entorrhizales,Entorrhizaceae,,plant_pathogen,root-associated,root_gall_forming,,root_pathogen,,,partly_freshwater_(partly_non-aquatic),,"Juncaceae,Cyperaceae",filamentous_mycelium,smut,other,,,,
Ascomycota,NA,NA,NA,NA,NA,NA,NA,NA,NA,NA,NA,NA,NA,NA,NA,NA,NA,NA,NA,NA,NA,NA,NA,NA,NA,NA,NA,NA
Basidiomycota,Agaricomycetes,Russulales,Albatrellaceae,Byssoporia,Byssoporia_terrestris;sh__SH0107423.10FU,jrk01278,Basidiomycota,Agaricomycetes,Russulales,Albatrellaceae,,ectomycorrhizal,,,,,,,non-aquatic,,,filamentous_mycelium,corticioid,poroid,medium-distance_smooth,/albatrellus,,
Basidiomycota,Agaricomycetes,Agaricales,Entolomataceae,Entoloma,Entoloma_poliopus;sh__SH0081370.10FU,jrk02963,Basidiomycota,Agaricomycetes,Agaricales,Entolomataceae,,soil_saprotroph,unspecified_symbiotroph,"CHEGD_symbiotrophs,ectomycorrhizal_ca_10%_of_species",root-associated,root-associated,"roots,soil",,non-aquatic,,,filamentous_mycelium,agaricoid,gills,medium-distance_smooth,/entoloma,,
NA,NA,NA,NA,NA,NA,NA,NA,NA,NA,NA,NA,NA,NA,NA,NA,NA,NA,NA,NA,NA,NA,NA,NA,NA,NA,NA,NA,NA
Ascomycota,Leotiomycetes,Helotiales,Gelatinodiscaceae,Ascocoryne,Ascocoryne_albida;sh__SH0123365.10FU,jrk00658,Ascomycota,Leotiomycetes,Helotiales,Gelatinodiscaceae,,wood_saprotroph,,,,,wood,,non-aquatic,,,filamentous_mycelium,apothecium_(hymenium_on_surface),smooth,,,,
Ascomycota,Dothideomycetes,NA,NA,NA,NA,NA,NA,NA,NA,NA,NA,NA,NA,NA,NA,NA,NA,NA,NA,NA,NA,NA,NA,NA,NA,NA,NA,NA
Basidiomycota,Agaricomycetes,Agaricales,Entolomataceae,Entoloma,Entoloma_ochreoprunuloides;sh__SH0139857.10FU,jrk02963,Basidiomycota,Agaricomycetes,Agaricales,Entolomataceae,,soil_saprotroph,unspecified_symbiotroph,"CHEGD_symbiotrophs,ectomycorrhizal_ca_10%_of_species",root-associated,root-associated,"roots,soil",,non-aquatic,,,filamentous_mycelium,agaricoid,gills,medium-distance_smooth,/entoloma,,
NA,NA,NA,NA,NA,NA,NA,NA,NA,NA,NA,NA,NA,NA,NA,NA,NA,NA,NA,NA,NA,NA,NA,NA,NA,NA,NA,NA,NA
NA,NA,NA,NA,NA,NA,NA,NA,NA,NA,NA,NA,NA,NA,NA,NA,NA,NA,NA,NA,NA,NA,NA,NA,NA,NA,NA,NA,NA
Ascomycota,Leotiomycetes,Helotiales,Pezizellaceae,Chalara,Chalara_holubovae;sh__SH0188215.10FU,jrk01652,Ascomycota,Leotiomycetes,Helotiales,Pezizellaceae,,litter_saprotroph,plant_pathogen,hypervariable,foliar_endophyte,"wood_pathogen,leaf/fruit/seed_pathogen","wood,leaf/fruit/seed",soft_rot,non-aquatic,,,filamentous_mycelium,None,none,,,,
Basidiomycota,Agaricomycetes,Sebacinales,Serendipitaceae,Serendipita,Serendipita_sp,jrk08004,Basidiomycota,Agaricomycetes,Sebacinales,Serendipitaceae,,root_endophyte,soil_saprotroph,ectomycorrhizal_1%_species/ericoid_mycorrhizal_many_species/orchid_mycorrhizal,root_endophyte,,soil,,non-aquatic,,,filamentous_mycelium,none,none,,,,
Ascomycota,Ascomycota_cls_Incertae_sedis,Ascomycota_ord_Incertae_sedis,Ascomycota_fam_Incertae_sedis,Ascomycota_gen_Incertae_sedis,Ascomycota_sp;sh__SH0080404.10FU,NA,NA,NA,NA,NA,NA,NA,NA,NA,NA,NA,NA,NA,NA,NA,NA,NA,NA,NA,NA,NA,NA,NA
Glomeromycota,Glomeromycetes,Glomerales,Glomeraceae,Glomeraceae_gen_Incertae_sedis,Glomeraceae_sp;sh__SH0154394.10FU,NA,NA,NA,NA,NA,NA,NA,NA,NA,NA,NA,NA,NA,NA,NA,NA,NA,NA,NA,NA,NA,NA,NA
NA,NA,NA,NA,NA,NA,NA,NA,NA,NA,NA,NA,NA,NA,NA,NA,NA,NA,NA,NA,NA,NA,NA,NA,NA,NA,NA,NA,NA
Ascomycota,Dothideomycetes,Dothideales,Saccotheciaceae,Kabatiella,Kabatiella_sp;sh__SH0123706.10FU,jrk04261,Ascomycota,Dothideomycetes,Dothideales,Saccotheciaceae,,plant_pathogen,litter_saprotroph,,no_endophytic_capacity,leaf/fruit/seed_pathogen,leaf/fruit/seed,,non-aquatic,,,filamentous_mycelium,none,,,,,
Ascomycota,Leotiomycetes,Helotiales,Helotiaceae,Cudoniella,Cudoniella_sp;sh__SH0177392.10FU,jrk02239,Ascomycota,Leotiomycetes,Helotiales,Helotiaceae,,litter_saprotroph,wood_saprotroph,,,,"wood,leaf/fruit/seed",,partly_freshwater_(partly_non-aquatic),,,filamentous_mycelium,apothecium_(hymenium_on_surface),smooth,,,,
Rozellomycota,Rozellomycota_cls_Incertae_sedis,Rozellomycota_ord_Incertae_sedis,Rozellomycota_fam_Incertae_sedis,Rozellomycota_gen_Incertae_sedis,Rozellomycota_sp;sh__SH0121554.10FU,NA,NA,NA,NA,NA,NA,NA,NA,NA,NA,NA,NA,NA,NA,NA,NA,NA,NA,NA,NA,NA,NA,NA
NA,NA,NA,NA,NA,NA,NA,NA,NA,NA,NA,NA,NA,NA,NA,NA,NA,NA,NA,NA,NA,NA,NA,NA,NA,NA,NA,NA,NA
Mucoromycota,NA,NA,NA,NA,NA,NA,NA,NA,NA,NA,NA,NA,NA,NA,NA,NA,NA,NA,NA,NA,NA,NA,NA,NA,NA,NA,NA,NA
Basidiomycota,Tremellomycetes,Tremellales,Tremellales_fam_Incertae_sedis,Tremellales_gen_Incertae_sedis,Tremellales_sp;sh__SH0019404.10FU,NA,NA,NA,NA,NA,NA,NA,NA,NA,NA,NA,NA,NA,NA,NA,NA,NA,NA,NA,NA,NA,NA,NA
Basidiomycota,Agaricomycetes,Agaricales,Hygrophoraceae,Ampulloclitocybe,Ampulloclitocybe_clavipes;sh__SH0021208.10FU,jrk00336,Basidiomycota,Agaricomycetes,Agaricales,Hygrophoraceae,,litter_saprotroph,,,,,leaf/fruit/seed,,non-aquatic,,,filamentous_mycelium,agaricoid,gills,,,,
Basidiomycota,Agaricomycetes,Agaricales,Clavariaceae,Clavulinopsis,Clavulinopsis_sp;sh__SH0142112.10FU,jrk01853,Basidiomycota,Agaricomycetes,Agaricales,Clavariaceae,,soil_saprotroph,unspecified_symbiotroph,CHEGD_symbiotrophs,root-associated,root-associated,"roots,soil",,non-aquatic,,,filamentous_mycelium,clavarioid,smooth,,,,
Mortierellomycota,Mortierellomycetes,Mortierellales,Mortierellales_fam_Incertae_sedis,Mortierellales_gen_Incertae_sedis,Mortierellales_sp;sh__SH0008192.10FU,NA,NA,NA,NA,NA,NA,NA,NA,NA,NA,NA,NA,NA,NA,NA,NA,NA,NA,NA,NA,NA,NA,NA
Ascomycota,Eurotiomycetes,Chaetothyriales,Trichomeriaceae,Knufia,Knufia_sp;sh__SH0116635.10FU,jrk04339,Ascomycota,Eurotiomycetes,Chaetothyriales,Trichomeriaceae,,soil_saprotroph,rock-inhabiting,,,leaf/fruit/seed_pathogen,"leaf/fruit/seed,soil,animal_material",,partly_aquatic,opportunistic_animal_parasite,,dimorphic_yeast,none,,,,,
Basidiomycota,Agaricomycetes,Thelephorales,Thelephoraceae,Tomentella,Tomentella_sp;sh__SH0127654.10FU,jrk08875,Basidiomycota,Agaricomycetes,Thelephorales,Thelephoraceae,,ectomycorrhizal,,,,,,,non-aquatic,,,filamentous_mycelium,corticioid,smooth,medium-distance_smooth,/tomentella-thelephora,,
Basidiomycota,Agaricomycetes,Cantharellales,Hydnaceae,Hydnum,Hydnum_sp,jrk03988,Basidiomycota,Agaricomycetes,Cantharellales,Hydnaceae,,ectomycorrhizal,,,,,,,non-aquatic,,,filamentous_mycelium,agaricoid,hydnoid,medium-distance_smooth,/cantharellus,,
Ascomycota,Leotiomycetes,Helotiales,Discinellaceae,NA,NA,NA,NA,NA,NA,NA,NA,NA,NA,NA,NA,NA,NA,NA,NA,NA,NA,NA,NA,NA,NA,NA,NA,NA
Basidiomycota,Tremellomycetes,Tremellales,Cuniculitremaceae,Kockovaella,Kockovaella_lichenicola;sh__SH0060802.10FU,jrk04345,Basidiomycota,Tremellomycetes,Tremellales,Cuniculitremaceae,,epiphyte,unspecified_saprotroph,,foliar_endophyte,,leaf/fruit/seed,,non-aquatic,,,yeast,none,,,,,
Ascomycota,NA,NA,NA,NA,NA,NA,NA,NA,NA,NA,NA,NA,NA,NA,NA,NA,NA,NA,NA,NA,NA,NA,NA,NA,NA,NA,NA,NA
Basidiomycota,Agaricomycetes,Agaricales,Cortinariaceae,Cortinarius,NA,jrk02100,Basidiomycota,Agaricomycetes,Agaricales,Cortinariaceae,,ectomycorrhizal,,,,,,,non-aquatic,,,filamentous_mycelium,agaricoid,gills,medium-distance_fringe,/cortinarius,,
Rozellomycota,Rozellomycota_cls_Incertae_sedis,Rozellomycota_ord_Incertae_sedis,Rozellomycota_fam_Incertae_sedis,Rozellomycota_gen_Incertae_sedis,Rozellomycota_sp;sh__SH0191159.10FU,NA,NA,NA,NA,NA,NA,NA,NA,NA,NA,NA,NA,NA,NA,NA,NA,NA,NA,NA,NA,NA,NA,NA
Ascomycota,Sordariomycetes,NA,NA,NA,NA,NA,NA,NA,NA,NA,NA,NA,NA,NA,NA,NA,NA,NA,NA,NA,NA,NA,NA,NA,NA,NA,NA,NA
Rozellomycota,Rozellomycota_cls_Incertae_sedis,Rozellomycota_ord_Incertae_sedis,Rozellomycota_fam_Incertae_sedis,Rozellomycota_gen_Incertae_sedis,Rozellomycota_sp,NA,NA,NA,NA,NA,NA,NA,NA,NA,NA,NA,NA,NA,NA,NA,NA,NA,NA,NA,NA,NA,NA,NA
Ascomycota,NA,NA,NA,NA,NA,NA,NA,NA,NA,NA,NA,NA,NA,NA,NA,NA,NA,NA,NA,NA,NA,NA,NA,NA,NA,NA,NA,NA
Basidiomycota,Tremellomycetes,Tremellales,Cuniculitremaceae,Kockovaella,NA,jrk04345,Basidiomycota,Tremellomycetes,Tremellales,Cuniculitremaceae,,epiphyte,unspecified_saprotroph,,foliar_endophyte,,leaf/fruit/seed,,non-aquatic,,,yeast,none,,,,,
Basidiomycota,Tremellomycetes,Tremellales,Cuniculitremaceae,Kockovaella,NA,jrk04345,Basidiomycota,Tremellomycetes,Tremellales,Cuniculitremaceae,,epiphyte,unspecified_saprotroph,,foliar_endophyte,,leaf/fruit/seed,,non-aquatic,,,yeast,none,,,,,
Basidiomycota,Agaricomycetes,Russulales,Russulaceae,Lactarius,NA,jrk04429,Basidiomycota,Agaricomycetes,Russulales,Russulaceae,,ectomycorrhizal,,,,,,,non-aquatic,,,filamentous_mycelium,agaricoid,gills,medium-distance_smooth,/russula-lactarius,,
Ascomycota,Sordariomycetes,Hypocreales,Cordycipitaceae,Lecanicillium,Lecanicillium_sp;sh__SH0050915.10FU,jrk10003,Ascomycota,Sordariomycetes,Hypocreales,Cordycipitaceae,,animal_parasite,animal_decomposer,,foliar_endophyte,,animal_material,,partly_aquatic,invertebrate_parasite,,filamentous_mycelium,none,,,,,
NA,NA,NA,NA,NA,NA,NA,NA,NA,NA,NA,NA,NA,NA,NA,NA,NA,NA,NA,NA,NA,NA,NA,NA,NA,NA,NA,NA,NA
Basidiomycota,Agaricomycetes,Sebacinales,Serendipitaceae,Serendipita,Serendipita_sp;sh__SH0003288.10FU,jrk08004,Basidiomycota,Agaricomycetes,Sebacinales,Serendipitaceae,,root_endophyte,soil_saprotroph,ectomycorrhizal_1%_species/ericoid_mycorrhizal_many_species/orchid_mycorrhizal,root_endophyte,,soil,,non-aquatic,,,filamentous_mycelium,none,none,,,,
Ascomycota,Lecanoromycetes,Lecanorales,Cladoniaceae,Cladonia,Cladonia_callosa;sh__SH0136117.10FU,jrk01803,Ascomycota,Lecanoromycetes,Lecanorales,Cladoniaceae,,lichenized,,,,,,,non-aquatic,,,thallus_photosynthetic,apothecium_(hymenium_on_surface),smooth,,,chlorococcoid,
Ascomycota,Leotiomycetes,Leotiomycetes_ord_Incertae_sedis,Leotiomycetes_fam_Incertae_sedis,Leotiomycetes_gen_Incertae_sedis,Leotiomycetes_sp;sh__SH0051108.10FU,NA,NA,NA,NA,NA,NA,NA,NA,NA,NA,NA,NA,NA,NA,NA,NA,NA,NA,NA,NA,NA,NA,NA
Ascomycota,Leotiomycetes,Leotiales,Tympanidaceae,Tympanidaceae_gen_Incertae_sedis,Tympanidaceae_sp,NA,NA,NA,NA,NA,NA,NA,NA,NA,NA,NA,NA,NA,NA,NA,NA,NA,NA,NA,NA,NA,NA,NA
Ascomycota,Eurotiomycetes,Chaetothyriales,Herpotrichiellaceae,Herpotrichiellaceae_gen_Incertae_sedis,Herpotrichiellaceae_sp;sh__SH0154052.10FU,NA,NA,NA,NA,NA,NA,NA,NA,NA,NA,NA,NA,NA,NA,NA,NA,NA,NA,NA,NA,NA,NA,NA
Mortierellomycota,Mortierellomycetes,Mortierellales,Mortierellaceae,Mortierella,Mortierella_sp;sh__SH0192888.10FU,jrk05302,Mortierellomycota,Mortierellomycetes,Mortierellales,Mortierellaceae,,soil_saprotroph,root-associated,,root-associated,root-associated,"roots,soil",chitinolytic,partly_aquatic,opportunistic_human_parasite,,filamentous_mycelium,none,none,,,,
Ascomycota,Eurotiomycetes,Eurotiales,Penicillaginaceae,Penicillago,Penicillago_nodositata;sh__SH0113602.10FU,NA,NA,NA,NA,NA,NA,NA,NA,NA,NA,NA,NA,NA,NA,NA,NA,NA,NA,NA,NA,NA,NA,NA
Ascomycota,NA,NA,NA,NA,NA,NA,NA,NA,NA,NA,NA,NA,NA,NA,NA,NA,NA,NA,NA,NA,NA,NA,NA,NA,NA,NA,NA,NA
Ascomycota,Archaeorhizomycetes,Archaeorhizomycetales,NA,NA,NA,NA,NA,NA,NA,NA,NA,NA,NA,NA,NA,NA,NA,NA,NA,NA,NA,NA,NA,NA,NA,NA,NA,NA
Ascomycota,Leotiomycetes,Helotiales,Helotiales_fam_Incertae_sedis,Helotiales_gen_Incertae_sedis,Helotiales_sp,NA,NA,NA,NA,NA,NA,NA,NA,NA,NA,NA,NA,NA,NA,NA,NA,NA,NA,NA,NA,NA,NA,NA
Chytridiomycota,Rhizophydiomycetes,Rhizophydiales,Rhizophydiales_fam_Incertae_sedis,Rhizophydiales_gen_Incertae_sedis,Rhizophydiales_sp;sh__SH0022170.10FU,NA,NA,NA,NA,NA,NA,NA,NA,NA,NA,NA,NA,NA,NA,NA,NA,NA,NA,NA,NA,NA,NA,NA
Chytridiomycota,Chytridiomycota_cls_Incertae_sedis,Chytridiomycota_ord_Incertae_sedis,Chytridiomycota_fam_Incertae_sedis,Chytridiomycota_gen_Incertae_sedis,Chytridiomycota_sp;sh__SH0084345.10FU,NA,NA,NA,NA,NA,NA,NA,NA,NA,NA,NA,NA,NA,NA,NA,NA,NA,NA,NA,NA,NA,NA,NA
Ascomycota,Pezizomycetes,Pezizales,Pyronemataceae,Genea,Genea_hispidula;sh__SH0166106.10FU,jrk03369,Ascomycota,Pezizomycetes,Pezizales,Pyronemataceae,,ectomycorrhizal,,,,,,,non-aquatic,,,filamentous_mycelium,gasteroid-hypogeous,closed,short-distance_coarse,/genea-humaria,,
Ascomycota,Sordariomycetes,Hypocreales,Cordycipitaceae,Leptobacillium,Leptobacillium_leptobactrum;sh__SH0177636.10FU,jrk10004,Ascomycota,Sordariomycetes,Hypocreales,Cordycipitaceae,,animal_parasite,fungal_decomposer,,,,"animal_material,fungal_material",keratinolytic,,invertebrate_parasite,,filamentous_mycelium,none,,,,,
Ascomycota,Saccharomycetes,Saccharomycetales,Lipomycetaceae,Lipomycetaceae_gen_Incertae_sedis,Lipomycetaceae_sp;sh__SH0004124.10FU,NA,NA,NA,NA,NA,NA,NA,NA,NA,NA,NA,NA,NA,NA,NA,NA,NA,NA,NA,NA,NA,NA,NA
Rozellomycota,Rozellomycota_cls_Incertae_sedis,Rozellomycota_ord_Incertae_sedis,Rozellomycota_fam_Incertae_sedis,Rozellomycota_gen_Incertae_sedis,Rozellomycota_sp;sh__SH0151825.10FU,NA,NA,NA,NA,NA,NA,NA,NA,NA,NA,NA,NA,NA,NA,NA,NA,NA,NA,NA,NA,NA,NA,NA
Basidiomycota,Agaricomycetes,Agaricales,Mycenaceae,Mycena,Mycena_latifolia;sh__SH0146260.10FU,jrk05357,Basidiomycota,Agaricomycetes,Agaricales,Mycenaceae,,litter_saprotroph,root-associated,wood_saprotroph_many_species,root-associated,leaf/fruit/seed_pathogen,leaf/fruit/seed,,non-aquatic,,,filamentous_mycelium,agaricoid,gills,,,,
Ascomycota,Saccharomycetes,Saccharomycetales,Lipomycetaceae,Myxozyma,Myxozyma_sp;sh__SH0174880.10FU,jrk05489,Ascomycota,Saccharomycetes,Saccharomycetales,Lipomycetaceae,,nectar/tap_saprotroph,,,,,sugar-rich_substrates,,non-aquatic,arthropod-associated,,yeast,none,none,,,,
Mortierellomycota,Mortierellomycetes,Mortierellales,Mortierellaceae,Mortierella,Mortierella_macrocystis;sh__SH0089555.10FU,jrk05302,Mortierellomycota,Mortierellomycetes,Mortierellales,Mortierellaceae,,soil_saprotroph,root-associated,,root-associated,root-associated,"roots,soil",chitinolytic,partly_aquatic,opportunistic_human_parasite,,filamentous_mycelium,none,none,,,,
Ascomycota,Ascomycota_cls_Incertae_sedis,Ascomycota_ord_Incertae_sedis,Ascomycota_fam_Incertae_sedis,Ascomycota_gen_Incertae_sedis,Ascomycota_sp;sh__SH0180256.10FU,NA,NA,NA,NA,NA,NA,NA,NA,NA,NA,NA,NA,NA,NA,NA,NA,NA,NA,NA,NA,NA,NA,NA
Basidiomycota,Agaricomycetes,Trechisporales,Trechisporales_fam_Incertae_sedis,Trechisporales_gen_Incertae_sedis,Trechisporales_sp;sh__SH0131404.10FU,NA,NA,NA,NA,NA,NA,NA,NA,NA,NA,NA,NA,NA,NA,NA,NA,NA,NA,NA,NA,NA,NA,NA
Ascomycota,Leotiomycetes,Helotiales,NA,NA,NA,NA,NA,NA,NA,NA,NA,NA,NA,NA,NA,NA,NA,NA,NA,NA,NA,NA,NA,NA,NA,NA,NA,NA
Ascomycota,Leotiomycetes,Leotiomycetes_ord_Incertae_sedis,Leotiomycetes_fam_Incertae_sedis,Leotiomycetes_gen_Incertae_sedis,Leotiomycetes_sp;sh__SH0008535.10FU,NA,NA,NA,NA,NA,NA,NA,NA,NA,NA,NA,NA,NA,NA,NA,NA,NA,NA,NA,NA,NA,NA,NA
Ascomycota,Leotiomycetes,Helotiales,Helotiales_fam_Incertae_sedis,Helotiales_gen_Incertae_sedis,Helotiales_sp;sh__SH0118562.10FU,NA,NA,NA,NA,NA,NA,NA,NA,NA,NA,NA,NA,NA,NA,NA,NA,NA,NA,NA,NA,NA,NA,NA
Ascomycota,Leotiomycetes,Helotiales,Hyaloscyphaceae,Hyaloscyphaceae_gen_Incertae_sedis,Hyaloscyphaceae_sp,NA,NA,NA,NA,NA,NA,NA,NA,NA,NA,NA,NA,NA,NA,NA,NA,NA,NA,NA,NA,NA,NA,NA
Ascomycota,Eurotiomycetes,Onygenales,Onygenaceae,Malbranchea,Malbranchea_umbrina;sh__SH0095111.10FU,jrk04891,Ascomycota,Eurotiomycetes,Onygenales,Onygenaceae,,soil_saprotroph,,,,,soil,,non-aquatic,,,filamentous_mycelium,"cleistothecium_(closed,_spherical)",,,,,
Basidiomycota,Agaricomycetes,Agaricales,Inocybaceae,Inocybe,Inocybe_calospora;sh__SH0177823.10FU,jrk04145,Basidiomycota,Agaricomycetes,Agaricales,Inocybaceae,,ectomycorrhizal,,,,,,,non-aquatic,,,filamentous_mycelium,agaricoid,gills,short-distance_delicate,/inocybe,,
Basidiomycota,NA,NA,NA,NA,NA,NA,NA,NA,NA,NA,NA,NA,NA,NA,NA,NA,NA,NA,NA,NA,NA,NA,NA,NA,NA,NA,NA,NA
Ascomycota,Leotiomycetes,Leotiomycetes_ord_Incertae_sedis,Leotiomycetes_fam_Incertae_sedis,Leotiomycetes_gen_Incertae_sedis,Leotiomycetes_sp;sh__SH0008382.10FU,NA,NA,NA,NA,NA,NA,NA,NA,NA,NA,NA,NA,NA,NA,NA,NA,NA,NA,NA,NA,NA,NA,NA
Basidiomycota,Agaricomycetes,Agaricales,Psathyrellaceae,Psathyrella,NA,jrk06986,Basidiomycota,Agaricomycetes,Agaricales,Psathyrellaceae,,wood_saprotroph,litter_saprotroph,,,,"wood,leaf/fruit/seed",,partly_aquatic,,,filamentous_mycelium,agaricoid,gills,,,,
Basidiomycota,Agaricomycetes,Agaricomycetes_ord_Incertae_sedis,Agaricomycetes_fam_Incertae_sedis,Agaricomycetes_gen_Incertae_sedis,Agaricomycetes_sp;sh__SH0078863.10FU,NA,NA,NA,NA,NA,NA,NA,NA,NA,NA,NA,NA,NA,NA,NA,NA,NA,NA,NA,NA,NA,NA,NA
Ascomycota,Ascomycota_cls_Incertae_sedis,Ascomycota_ord_Incertae_sedis,Ascomycota_fam_Incertae_sedis,Ascomycota_gen_Incertae_sedis,Ascomycota_sp;sh__SH0081316.10FU,NA,NA,NA,NA,NA,NA,NA,NA,NA,NA,NA,NA,NA,NA,NA,NA,NA,NA,NA,NA,NA,NA,NA
Ascomycota,Lecanoromycetes,Lecanorales,Pilocarpaceae,Micarea,NA,jrk05126,Ascomycota,Lecanoromycetes,Lecanorales,Pilocarpaceae,,lichenized,,lichen_parasite_some_species,,,,,non-aquatic,,,thallus_photosynthetic,apothecium_(hymenium_on_surface),smooth,,,chlorococcoid,
Ascomycota,Sordariomycetes,Hypocreales,Clavicipitaceae,Metapochonia,Metapochonia_rubescens;sh__SH0151176.10FU,jrk05110,Ascomycota,Sordariomycetes,Hypocreales,Clavicipitaceae,,animal_parasite,animal_decomposer,,,,animal_material,,partly_aquatic,nematophagous,,filamentous_mycelium,none,,,,,
Ascomycota,Leotiomycetes,Helotiales,Helotiales_fam_Incertae_sedis,Helotiales_gen_Incertae_sedis,Helotiales_sp;sh__SH0162512.10FU,NA,NA,NA,NA,NA,NA,NA,NA,NA,NA,NA,NA,NA,NA,NA,NA,NA,NA,NA,NA,NA,NA,NA
Basidiomycota,Microbotryomycetes,Microbotryales,Microbotryaceae,Bauerago,Bauerago_sp;sh__SH0182422.10FU,jrk00959,Basidiomycota,Microbotryomycetes,Microbotryales,Microbotryaceae,,plant_pathogen,,,,leaf/fruit/seed_pathogen,,,non-aquatic,,,filamentous_mycelium,smut,other,,,,
Ascomycota,Leotiomycetes,Helotiales,Pezizellaceae,Chalara,NA,jrk01652,Ascomycota,Leotiomycetes,Helotiales,Pezizellaceae,,litter_saprotroph,plant_pathogen,hypervariable,foliar_endophyte,"wood_pathogen,leaf/fruit/seed_pathogen","wood,leaf/fruit/seed",soft_rot,non-aquatic,,,filamentous_mycelium,None,none,,,,
Ascomycota,Leotiomycetes,Helotiales,Helotiales_fam_Incertae_sedis,Phialea,Phialea_sp;sh__SH0110612.10FU,jrk09926,Ascomycota,Leotiomycetes,Helotiales,Helotiales family incertae sedis,Nom. rej.,litter_saprotroph,plant_pathogen,,,leaf/fruit/seed_pathogen,leaf/fruit/seed,,non-aquatic,,,filamentous_mycelium,apothecium_(hymenium_on_surface),smooth,,,,
Ascomycota,Leotiomycetes,Leotiales,Tympanidaceae,Tympanidaceae_gen_Incertae_sedis,Tympanidaceae_sp,NA,NA,NA,NA,NA,NA,NA,NA,NA,NA,NA,NA,NA,NA,NA,NA,NA,NA,NA,NA,NA,NA,NA
Mucoromycota,Endogonomycetes,GS21,GS21_fam_Incertae_sedis,GS21_gen_Incertae_sedis,GS21_sp,NA,NA,NA,NA,NA,NA,NA,NA,NA,NA,NA,NA,NA,NA,NA,NA,NA,NA,NA,NA,NA,NA,NA
Rozellomycota,Rozellomycota_cls_Incertae_sedis,Rozellomycota_ord_Incertae_sedis,Rozellomycota_fam_Incertae_sedis,Rozellomycota_gen_Incertae_sedis,Rozellomycota_sp;sh__SH0012145.10FU,NA,NA,NA,NA,NA,NA,NA,NA,NA,NA,NA,NA,NA,NA,NA,NA,NA,NA,NA,NA,NA,NA,NA
NA,NA,NA,NA,NA,NA,NA,NA,NA,NA,NA,NA,NA,NA,NA,NA,NA,NA,NA,NA,NA,NA,NA,NA,NA,NA,NA,NA,NA
Ascomycota,Dothideomycetes,Venturiales,Sympoventuriaceae,Sympoventuriaceae_gen_Incertae_sedis,Sympoventuriaceae_sp;sh__SH0014351.10FU,NA,NA,NA,NA,NA,NA,NA,NA,NA,NA,NA,NA,NA,NA,NA,NA,NA,NA,NA,NA,NA,NA,NA
Basidiomycota,Agaricomycetes,Trechisporales,Hydnodontaceae,Trechispora,Trechispora_stevensonii;sh__SH0143685.10FU,jrk08926,Basidiomycota,Agaricomycetes,Trechisporales,Hydnodontaceae,,wood_saprotroph,,,,,wood,white_rot,non-aquatic,,,filamentous_mycelium,corticioid,poroid,,,,
Ascomycota,Leotiomycetes,Helotiales,Hyaloscyphaceae,NA,NA,NA,NA,NA,NA,NA,NA,NA,NA,NA,NA,NA,NA,NA,NA,NA,NA,NA,NA,NA,NA,NA,NA,NA
NA,NA,NA,NA,NA,NA,NA,NA,NA,NA,NA,NA,NA,NA,NA,NA,NA,NA,NA,NA,NA,NA,NA,NA,NA,NA,NA,NA,NA
Ascomycota,Dothideomycetes,Phaeothecales,Phaeothecaceae,Phaeotheca,Phaeotheca_fissurella;sh__SH0183707.10FU,jrk06440,Ascomycota,Dothideomycetes,Capnodiales,Phaeothecaceae,,plant_pathogen,litter_saprotroph,,,leaf/fruit/seed_pathogen,leaf/fruit/seed,,partly_aquatic,,,filamentous_mycelium,"perithecium_(hymenium_hidden,_narrow_opening)",closed,,,,
Mucoromycota,Endogonomycetes,GS21,GS21_fam_Incertae_sedis,GS21_gen_Incertae_sedis,GS21_sp,NA,NA,NA,NA,NA,NA,NA,NA,NA,NA,NA,NA,NA,NA,NA,NA,NA,NA,NA,NA,NA,NA,NA
Basidiomycota,Agaricomycetes,Agaricomycetes_ord_Incertae_sedis,Agaricomycetes_fam_Incertae_sedis,Agaricomycetes_gen_Incertae_sedis,Agaricomycetes_sp;sh__SH0079031.10FU,NA,NA,NA,NA,NA,NA,NA,NA,NA,NA,NA,NA,NA,NA,NA,NA,NA,NA,NA,NA,NA,NA,NA
Ascomycota,Leotiomycetes,Helotiales,Helotiales_fam_Incertae_sedis,Helotiales_gen_Incertae_sedis,Helotiales_sp;sh__SH0183878.10FU,NA,NA,NA,NA,NA,NA,NA,NA,NA,NA,NA,NA,NA,NA,NA,NA,NA,NA,NA,NA,NA,NA,NA
Ascomycota,Leotiomycetes,Helotiales,NA,NA,NA,NA,NA,NA,NA,NA,NA,NA,NA,NA,NA,NA,NA,NA,NA,NA,NA,NA,NA,NA,NA,NA,NA,NA
Basidiomycota,Agaricomycetes,Auriculariales,Auriculariales_fam_Incertae_sedis,Auriculariales_gen_Incertae_sedis,Auriculariales_sp;sh__SH0098573.10FU,NA,NA,NA,NA,NA,NA,NA,NA,NA,NA,NA,NA,NA,NA,NA,NA,NA,NA,NA,NA,NA,NA,NA
Chytridiomycota,Spizellomycetes,Spizellomycetales,Spizellomycetales_fam_Incertae_sedis,Spizellomycetales_gen_Incertae_sedis,Spizellomycetales_sp;sh__SH0074798.10FU,NA,NA,NA,NA,NA,NA,NA,NA,NA,NA,NA,NA,NA,NA,NA,NA,NA,NA,NA,NA,NA,NA,NA
Rozellomycota,Rozellomycota_cls_Incertae_sedis,Rozellomycota_ord_Incertae_sedis,Rozellomycota_fam_Incertae_sedis,Rozellomycota_gen_Incertae_sedis,Rozellomycota_sp;sh__SH0151825.10FU,NA,NA,NA,NA,NA,NA,NA,NA,NA,NA,NA,NA,NA,NA,NA,NA,NA,NA,NA,NA,NA,NA,NA
NA,NA,NA,NA,NA,NA,NA,NA,NA,NA,NA,NA,NA,NA,NA,NA,NA,NA,NA,NA,NA,NA,NA,NA,NA,NA,NA,NA,NA
Ascomycota,Leotiomycetes,Helotiales,Hyaloscyphaceae,Hyaloscypha,Hyaloscypha_gabretae;sh__SH0110712.10FU,jrk03965,Ascomycota,Leotiomycetes,Helotiales,Hyaloscyphaceae,,litter_saprotroph,wood_saprotroph,"ectomycorrhizal_H._Bicolor,_H._Finlandica,_ericoid_mycorrhizal_H._Variabilis,_plant_pathogen_some_species",,leaf/fruit/seed_pathogen,"wood,leaf/fruit/seed",,partly_freshwater_(partly_non-aquatic),,mosses,filamentous_mycelium,apothecium_(hymenium_on_surface),smooth,,,,
Ascomycota,Dothideomycetes,Mycosphaerellales,Teratosphaeriaceae,Capnobotryella,Capnobotryella_sp;sh__SH0057654.10FU,jrk01421,Ascomycota,Dothideomycetes,Capnodiales,Teratosphaeriaceae,,litter_saprotroph,rock-inhabiting,,,,"leaf/fruit/seed,soil",,non-aquatic,,,filamentous_mycelium,"perithecium_(hymenium_hidden,_narrow_opening)",closed,,,,
Basidiomycota,Agaricomycetes,Agaricales,Clavariaceae,Clavulinopsis,Clavulinopsis_sp;sh__SH0142186.10FU,jrk01853,Basidiomycota,Agaricomycetes,Agaricales,Clavariaceae,,soil_saprotroph,unspecified_symbiotroph,CHEGD_symbiotrophs,root-associated,root-associated,"roots,soil",,non-aquatic,,,filamentous_mycelium,clavarioid,smooth,,,,
Ascomycota,Leotiomycetes,Helotiales,NA,NA,NA,NA,NA,NA,NA,NA,NA,NA,NA,NA,NA,NA,NA,NA,NA,NA,NA,NA,NA,NA,NA,NA,NA,NA
Ascomycota,Dothideomycetes,Dothideomycetes_ord_Incertae_sedis,Dothideomycetes_fam_Incertae_sedis,Dothideomycetes_gen_Incertae_sedis,Dothideomycetes_sp;sh__SH0178195.10FU,NA,NA,NA,NA,NA,NA,NA,NA,NA,NA,NA,NA,NA,NA,NA,NA,NA,NA,NA,NA,NA,NA,NA
Basidiomycota,Agaricomycetes,Trechisporales,Hydnodontaceae,Trechispora,Trechispora_hymenocystis;sh__SH0070688.10FU,jrk08926,Basidiomycota,Agaricomycetes,Trechisporales,Hydnodontaceae,,wood_saprotroph,,,,,wood,white_rot,non-aquatic,,,filamentous_mycelium,corticioid,poroid,,,,
Ascomycota,Archaeorhizomycetes,Archaeorhizomycetales,Archaeorhizomycetaceae,Archaeorhizomyces,Archaeorhizomyces_sp;sh__SH0024011.10FU,jrk00567,Ascomycota,Archaeorhizomycetes,Archaeorhizomycetales,Archaeorhizomycetaceae,,soil_saprotroph,root-associated,,root-associated,root-associated,"roots,soil",,non-aquatic,,,filamentous_mycelium,none,none,,,,
Ascomycota,Pezizomycetes,Pezizales,Pezizaceae,Pezizaceae_gen_Incertae_sedis,Pezizaceae_sp;sh__SH0059811.10FU,NA,NA,NA,NA,NA,NA,NA,NA,NA,NA,NA,NA,NA,NA,NA,NA,NA,NA,NA,NA,NA,NA,NA
Basidiomycota,Agaricomycetes,Sebacinales,Serendipitaceae,Serendipita,Serendipita_sp;sh__SH0003290.10FU,jrk08004,Basidiomycota,Agaricomycetes,Sebacinales,Serendipitaceae,,root_endophyte,soil_saprotroph,ectomycorrhizal_1%_species/ericoid_mycorrhizal_many_species/orchid_mycorrhizal,root_endophyte,,soil,,non-aquatic,,,filamentous_mycelium,none,none,,,,
Basidiomycota,Agaricomycetes,Agaricales,Hygrophoraceae,Hygrocybe,Hygrocybe_conica;sh__SH0173280.10FU,jrk03999,Basidiomycota,Agaricomycetes,Agaricales,Hygrophoraceae,,soil_saprotroph,unspecified_symbiotroph,CHEGD_symbiotrophs,root-associated,root-associated,"roots,soil",,non-aquatic,,,filamentous_mycelium,agaricoid,gills,,,,
Ascomycota,Eurotiomycetes,Chaetothyriales,Chaetothyriales_fam_Incertae_sedis,Chaetothyriales_gen_Incertae_sedis,Chaetothyriales_sp;sh__SH0062378.10FU,NA,NA,NA,NA,NA,NA,NA,NA,NA,NA,NA,NA,NA,NA,NA,NA,NA,NA,NA,NA,NA,NA,NA
Ascomycota,Eurotiomycetes,Chaetothyriales,Chaetothyriales_fam_Incertae_sedis,Chaetothyriales_gen_Incertae_sedis,Chaetothyriales_sp;sh__SH0062420.10FU,NA,NA,NA,NA,NA,NA,NA,NA,NA,NA,NA,NA,NA,NA,NA,NA,NA,NA,NA,NA,NA,NA,NA
Fungi_phy_Incertae_sedis,Fungi_cls_Incertae_sedis,Fungi_ord_Incertae_sedis,Fungi_fam_Incertae_sedis,Fungi_gen_Incertae_sedis,Fungi_sp;sh__SH0153982.10FU,NA,NA,NA,NA,NA,NA,NA,NA,NA,NA,NA,NA,NA,NA,NA,NA,NA,NA,NA,NA,NA,NA,NA
Fungi_phy_Incertae_sedis,Fungi_cls_Incertae_sedis,Fungi_ord_Incertae_sedis,Fungi_fam_Incertae_sedis,Fungi_gen_Incertae_sedis,Fungi_sp,NA,NA,NA,NA,NA,NA,NA,NA,NA,NA,NA,NA,NA,NA,NA,NA,NA,NA,NA,NA,NA,NA,NA
Basidiomycota,Agaricomycetes,Agaricomycetes_ord_Incertae_sedis,Agaricomycetes_fam_Incertae_sedis,Agaricomycetes_gen_Incertae_sedis,Agaricomycetes_sp;sh__SH0031717.10FU,NA,NA,NA,NA,NA,NA,NA,NA,NA,NA,NA,NA,NA,NA,NA,NA,NA,NA,NA,NA,NA,NA,NA
Ascomycota,Dothideomycetes,Mycosphaerellales,Teratosphaeriaceae,Bryochiton,Bryochiton_perpusillus;sh__SH0139530.10FU,jrk01209,Ascomycota,Dothideomycetes,Capnodiales,Teratosphaeriaceae,,plant_pathogen,litter_saprotroph,,,leaf/fruit/seed_pathogen,leaf/fruit/seed,,non-aquatic,,,filamentous_mycelium,"perithecium_(hymenium_hidden,_narrow_opening)",closed,,,,
Ascomycota,Sordariomycetes,Hypocreales,Clavicipitaceae,Metapochonia,Metapochonia_suchlasporia;sh__SH0151199.10FU,jrk05110,Ascomycota,Sordariomycetes,Hypocreales,Clavicipitaceae,,animal_parasite,animal_decomposer,,,,animal_material,,partly_aquatic,nematophagous,,filamentous_mycelium,none,,,,,
NA,NA,NA,NA,NA,NA,NA,NA,NA,NA,NA,NA,NA,NA,NA,NA,NA,NA,NA,NA,NA,NA,NA,NA,NA,NA,NA,NA,NA
NA,NA,NA,NA,NA,NA,NA,NA,NA,NA,NA,NA,NA,NA,NA,NA,NA,NA,NA,NA,NA,NA,NA,NA,NA,NA,NA,NA,NA
Ascomycota,Leotiomycetes,Leotiomycetes_ord_Incertae_sedis,Leotiomycetes_fam_Incertae_sedis,Leotiomycetes_gen_Incertae_sedis,Leotiomycetes_sp;sh__SH0008309.10FU,NA,NA,NA,NA,NA,NA,NA,NA,NA,NA,NA,NA,NA,NA,NA,NA,NA,NA,NA,NA,NA,NA,NA
Basidiomycota,Agaricomycetes,Sebacinales,Serendipitaceae,Serendipitaceae_gen_Incertae_sedis,Serendipitaceae_sp;sh__SH0122799.10FU,NA,NA,NA,NA,NA,NA,NA,NA,NA,NA,NA,NA,NA,NA,NA,NA,NA,NA,NA,NA,NA,NA,NA
NA,NA,NA,NA,NA,NA,NA,NA,NA,NA,NA,NA,NA,NA,NA,NA,NA,NA,NA,NA,NA,NA,NA,NA,NA,NA,NA,NA,NA
Ascomycota,Leotiomycetes,Helotiales,NA,NA,NA,NA,NA,NA,NA,NA,NA,NA,NA,NA,NA,NA,NA,NA,NA,NA,NA,NA,NA,NA,NA,NA,NA,NA
Basidiomycota,Microbotryomycetes,Microbotryomycetes_ord_Incertae_sedis,Microbotryomycetes_fam_Incertae_sedis,Pseudohyphozyma,Pseudohyphozyma_pustula;sh__SH0144918.10FU,jrk07101,Basidiomycota,Microbotryomycetes,Microbotryomycetes order incertae sedis,Microbotryomycetes family incertae sedis,,unspecified_saprotroph,,,,,,,partly_aquatic,,,yeast,none,none,,,,
Ascomycota,Leotiomycetes,Leotiomycetes_ord_Incertae_sedis,Leotiomycetes_fam_Incertae_sedis,Leotiomycetes_gen_Incertae_sedis,Leotiomycetes_sp;sh__SH0144080.10FU,NA,NA,NA,NA,NA,NA,NA,NA,NA,NA,NA,NA,NA,NA,NA,NA,NA,NA,NA,NA,NA,NA,NA
Ascomycota,Leotiomycetes,Leotiales,NA,NA,NA,NA,NA,NA,NA,NA,NA,NA,NA,NA,NA,NA,NA,NA,NA,NA,NA,NA,NA,NA,NA,NA,NA,NA
Basidiomycota,Agaricomycetes,Boletales,Boletales_fam_Incertae_sedis,Leucogyrophana,Leucogyrophana_sp;sh__SH0080933.10FU,jrk04657,Basidiomycota,Agaricomycetes,Boletales,Boletales family incertae sedis,,wood_saprotroph,,lichen_parasite_some_species,,,wood,brown_rot,non-aquatic,,,filamentous_mycelium,corticioid,other,,,,
Ascomycota,Pezizomycetes,Pezizales,Pyronemataceae,Neottiella,Neottiella_rutilans;sh__SH0164197.10FU,jrk05728,Ascomycota,Pezizomycetes,Pezizales,Pyronemataceae,,moss_symbiont,,,moss-associated,moss-associated,,,non-aquatic,,mosses,filamentous_mycelium,apothecium_(hymenium_on_surface),smooth,,,,
Ascomycota,Leotiomycetes,Helotiales,Hyaloscyphaceae,Hyaloscyphaceae_gen_Incertae_sedis,Hyaloscyphaceae_sp;sh__SH0110911.10FU,NA,NA,NA,NA,NA,NA,NA,NA,NA,NA,NA,NA,NA,NA,NA,NA,NA,NA,NA,NA,NA,NA,NA
Ascomycota,Ascomycota_cls_Incertae_sedis,Ascomycota_ord_Incertae_sedis,Ascomycota_fam_Incertae_sedis,Ascomycota_gen_Incertae_sedis,Ascomycota_sp,NA,NA,NA,NA,NA,NA,NA,NA,NA,NA,NA,NA,NA,NA,NA,NA,NA,NA,NA,NA,NA,NA,NA
Basidiomycota,Agaricomycetes,Sebacinales,Sebacinaceae,Chaetospermum,Chaetospermum_sp;sh__SH0003718.10FU,jrk09642,Basidiomycota,Agaricomycetes,Sebacinales,Sebacinaceae,,litter_saprotroph,,,,,leaf/fruit/seed,,non-aquatic,,,filamentous_mycelium,corticioid,smooth,,,,
Ascomycota,Eurotiomycetes,Chaetothyriales,Herpotrichiellaceae,Herpotrichiellaceae_gen_Incertae_sedis,Herpotrichiellaceae_sp,NA,NA,NA,NA,NA,NA,NA,NA,NA,NA,NA,NA,NA,NA,NA,NA,NA,NA,NA,NA,NA,NA,NA
Ascomycota,Leotiomycetes,Helotiales,Helotiaceae,Gremmenia,Gremmenia_infestans;sh__SH0188145.10FU,jrk03553,Ascomycota,Leotiomycetes,Helotiales,Hamatocanthoscyphaceae,,plant_pathogen,,,,leaf/fruit/seed_pathogen,,,partly_aquatic,,,filamentous_mycelium,apothecium_(hymenium_on_surface),smooth,,,,
Ascomycota,Dothideomycetes,Pleosporales,NA,NA,NA,NA,NA,NA,NA,NA,NA,NA,NA,NA,NA,NA,NA,NA,NA,NA,NA,NA,NA,NA,NA,NA,NA,NA
Ascomycota,Dothideomycetes,Pleosporales,Pleosporales_fam_Incertae_sedis,Pleosporales_gen_Incertae_sedis,Pleosporales_sp;sh__SH0070470.10FU,NA,NA,NA,NA,NA,NA,NA,NA,NA,NA,NA,NA,NA,NA,NA,NA,NA,NA,NA,NA,NA,NA,NA
Ascomycota,NA,NA,NA,NA,NA,NA,NA,NA,NA,NA,NA,NA,NA,NA,NA,NA,NA,NA,NA,NA,NA,NA,NA,NA,NA,NA,NA,NA
Basidiomycota,Agaricomycetes,Sebacinales,Sebacinales_fam_Incertae_sedis,Sebacinales_gen_Incertae_sedis,Sebacinales_sp;sh__SH0163597.10FU,NA,NA,NA,NA,NA,NA,NA,NA,NA,NA,NA,NA,NA,NA,NA,NA,NA,NA,NA,NA,NA,NA,NA
Chytridiomycota,Rhizophydiomycetes,Rhizophydiales,Rhizophydiales_fam_Incertae_sedis,Rhizophydiales_gen_Incertae_sedis,Rhizophydiales_sp;sh__SH0082496.10FU,NA,NA,NA,NA,NA,NA,NA,NA,NA,NA,NA,NA,NA,NA,NA,NA,NA,NA,NA,NA,NA,NA,NA
Ascomycota,Archaeorhizomycetes,Archaeorhizomycetales,Archaeorhizomycetaceae,Archaeorhizomyces,Archaeorhizomyces_sp;sh__SH0159945.10FU,jrk00567,Ascomycota,Archaeorhizomycetes,Archaeorhizomycetales,Archaeorhizomycetaceae,,soil_saprotroph,root-associated,,root-associated,root-associated,"roots,soil",,non-aquatic,,,filamentous_mycelium,none,none,,,,
Ascomycota,Eurotiomycetes,Chaetothyriales,Herpotrichiellaceae,Herpotrichiellaceae_gen_Incertae_sedis,Herpotrichiellaceae_sp;sh__SH0013516.10FU,NA,NA,NA,NA,NA,NA,NA,NA,NA,NA,NA,NA,NA,NA,NA,NA,NA,NA,NA,NA,NA,NA,NA
Ascomycota,Dothideomycetes,Pleosporales,Sporormiaceae,Preussia,Preussia_tetramera;sh__SH0158906.10FU,jrk06927,Ascomycota,Dothideomycetes,Pleosporales,Sporormiaceae,,dung_saprotroph,,,,,dung,,partly_aquatic,,,filamentous_mycelium,"cleistothecium_(closed,_spherical)",closed,,,,
Basidiomycota,Agaricomycetes,Polyporales,Meripilaceae,Rigidoporus,Rigidoporus_sanguinolentus;sh__SH0150298.10FU,jrk07626,Basidiomycota,Agaricomycetes,Polyporales,Meripilaceae,,wood_saprotroph,,,,,wood,white_rot,non-aquatic,,,filamentous_mycelium,polyporoid,poroid,,,,
Basidiomycota,Basidiomycota_cls_Incertae_sedis,Basidiomycota_ord_Incertae_sedis,Basidiomycota_fam_Incertae_sedis,Basidiomycota_gen_Incertae_sedis,Basidiomycota_sp;sh__SH0182852.10FU,NA,NA,NA,NA,NA,NA,NA,NA,NA,NA,NA,NA,NA,NA,NA,NA,NA,NA,NA,NA,NA,NA,NA
Ascomycota,Dothideomycetes,Pleosporales,Pleosporaceae,Pleosporaceae_gen_Incertae_sedis,Pleosporaceae_sp;sh__SH0167097.10FU,NA,NA,NA,NA,NA,NA,NA,NA,NA,NA,NA,NA,NA,NA,NA,NA,NA,NA,NA,NA,NA,NA,NA
Ascomycota,Leotiomycetes,Helotiales,Helotiales_fam_Incertae_sedis,Helotiales_gen_Incertae_sedis,Helotiales_sp;sh__SH0134833.10FU,NA,NA,NA,NA,NA,NA,NA,NA,NA,NA,NA,NA,NA,NA,NA,NA,NA,NA,NA,NA,NA,NA,NA
NA,NA,NA,NA,NA,NA,NA,NA,NA,NA,NA,NA,NA,NA,NA,NA,NA,NA,NA,NA,NA,NA,NA,NA,NA,NA,NA,NA,NA
Fungi_phy_Incertae_sedis,Fungi_cls_Incertae_sedis,Fungi_ord_Incertae_sedis,Fungi_fam_Incertae_sedis,Fungi_gen_Incertae_sedis,Fungi_sp;sh__SH0153982.10FU,NA,NA,NA,NA,NA,NA,NA,NA,NA,NA,NA,NA,NA,NA,NA,NA,NA,NA,NA,NA,NA,NA,NA
Chytridiomycota,Chytridiomycota_cls_Incertae_sedis,Chytridiomycota_ord_Incertae_sedis,Chytridiomycota_fam_Incertae_sedis,Chytridiomycota_gen_Incertae_sedis,Chytridiomycota_sp;sh__SH0004003.10FU,NA,NA,NA,NA,NA,NA,NA,NA,NA,NA,NA,NA,NA,NA,NA,NA,NA,NA,NA,NA,NA,NA,NA
NA,NA,NA,NA,NA,NA,NA,NA,NA,NA,NA,NA,NA,NA,NA,NA,NA,NA,NA,NA,NA,NA,NA,NA,NA,NA,NA,NA,NA
Ascomycota,Eurotiomycetes,Eurotiales,Eurotiales_fam_Incertae_sedis,Eurotiales_gen_Incertae_sedis,Eurotiales_sp;sh__SH0163761.10FU,NA,NA,NA,NA,NA,NA,NA,NA,NA,NA,NA,NA,NA,NA,NA,NA,NA,NA,NA,NA,NA,NA,NA
Basidiomycota,Agaricomycetes,Agaricales,Clavariaceae,Ramariopsis,Ramariopsis_sp;sh__SH0142108.10FU,jrk07435,Basidiomycota,Agaricomycetes,Agaricales,Clavariaceae,,soil_saprotroph,unspecified_symbiotroph,CHEGD_symbiotrophs,root-associated,root-associated,"roots,soil",,non-aquatic,,,filamentous_mycelium,clavarioid,smooth,,,,
Ascomycota,Sordariomycetes,Chaetosphaeriales,Chaetosphaeriaceae,NA,NA,NA,NA,NA,NA,NA,NA,NA,NA,NA,NA,NA,NA,NA,NA,NA,NA,NA,NA,NA,NA,NA,NA,NA
Basidiomycota,Agaricomycetes,Agaricales,Tubariaceae,Tubaria,Tubaria_furfuracea;sh__SH0176684.10FU,jrk09095,Basidiomycota,Agaricomycetes,Agaricales,Tubariaceae,,litter_saprotroph,,,,,leaf/fruit/seed,,non-aquatic,,,filamentous_mycelium,agaricoid,gills,,,,
Mortierellomycota,Mortierellomycetes,Mortierellales,Mortierellaceae,Podila,Podila_humilis;sh__SH0097986.10FU,NA,NA,NA,NA,NA,NA,NA,NA,NA,NA,NA,NA,NA,NA,NA,NA,NA,NA,NA,NA,NA,NA,NA
NA,NA,NA,NA,NA,NA,NA,NA,NA,NA,NA,NA,NA,NA,NA,NA,NA,NA,NA,NA,NA,NA,NA,NA,NA,NA,NA,NA,NA
Ascomycota,Eurotiomycetes,Chaetothyriales,Chaetothyriales_fam_Incertae_sedis,Chaetothyriales_gen_Incertae_sedis,Chaetothyriales_sp,NA,NA,NA,NA,NA,NA,NA,NA,NA,NA,NA,NA,NA,NA,NA,NA,NA,NA,NA,NA,NA,NA,NA
Ascomycota,Dothideomycetes,Mycosphaerellales,Teratosphaeriaceae,Neobryochiton,Neobryochiton_narthecii;sh__SH0139543.10FU,NA,NA,NA,NA,NA,NA,NA,NA,NA,NA,NA,NA,NA,NA,NA,NA,NA,NA,NA,NA,NA,NA,NA
Ascomycota,Lecanoromycetes,Lecanoromycetes_ord_Incertae_sedis,Lecanoromycetes_fam_Incertae_sedis,Lecanoromycetes_gen_Incertae_sedis,Lecanoromycetes_sp;sh__SH0072827.10FU,NA,NA,NA,NA,NA,NA,NA,NA,NA,NA,NA,NA,NA,NA,NA,NA,NA,NA,NA,NA,NA,NA,NA
Ascomycota,Sordariomycetes,Hypocreales,Clavicipitaceae,Metapochonia,Metapochonia_bulbillosa;sh__SH0151181.10FU,jrk05110,Ascomycota,Sordariomycetes,Hypocreales,Clavicipitaceae,,animal_parasite,animal_decomposer,,,,animal_material,,partly_aquatic,nematophagous,,filamentous_mycelium,none,,,,,
Ascomycota,Leotiomycetes,NA,NA,NA,NA,NA,NA,NA,NA,NA,NA,NA,NA,NA,NA,NA,NA,NA,NA,NA,NA,NA,NA,NA,NA,NA,NA,NA
Ascomycota,Leotiomycetes,Helotiales,Pezizellaceae,Allophylaria,Allophylaria_subliciformis;sh__SH0146466.10FU,jrk00236,Ascomycota,Leotiomycetes,Helotiales,Pezizellaceae,,litter_saprotroph,,,,,leaf/fruit/seed,,non-aquatic,,,filamentous_mycelium,apothecium_(hymenium_on_surface),smooth,,,,
Ascomycota,NA,NA,NA,NA,NA,NA,NA,NA,NA,NA,NA,NA,NA,NA,NA,NA,NA,NA,NA,NA,NA,NA,NA,NA,NA,NA,NA,NA
Basidiomycota,Agaricomycetes,Agaricomycetes_ord_Incertae_sedis,Agaricomycetes_fam_Incertae_sedis,Agaricomycetes_gen_Incertae_sedis,Agaricomycetes_sp;sh__SH0151083.10FU,NA,NA,NA,NA,NA,NA,NA,NA,NA,NA,NA,NA,NA,NA,NA,NA,NA,NA,NA,NA,NA,NA,NA
Ascomycota,Archaeorhizomycetes,Archaeorhizomycetales,Archaeorhizomycetaceae,Archaeorhizomyces,Archaeorhizomyces_sp;sh__SH0176969.10FU,jrk00567,Ascomycota,Archaeorhizomycetes,Archaeorhizomycetales,Archaeorhizomycetaceae,,soil_saprotroph,root-associated,,root-associated,root-associated,"roots,soil",,non-aquatic,,,filamentous_mycelium,none,none,,,,
Ascomycota,Leotiomycetes,Rhytismatales,Rhytismataceae,Coccomyces,Coccomyces_sp;sh__SH0167016.10FU,jrk01914,Ascomycota,Leotiomycetes,Rhytismatales,Rhytismataceae,,litter_saprotroph,plant_pathogen,,foliar_endophyte,leaf/fruit/seed_pathogen,leaf/fruit/seed,,non-aquatic,,,filamentous_mycelium,apothecium_(hymenium_on_surface),smooth,,,,
Ascomycota,Sordariomycetes,Amphisphaeriales,Beltraniaceae,Hemibeltrania,Hemibeltrania_sp;sh__SH0175889.10FU,jrk03781,Ascomycota,Sordariomycetes,Amphisphaeriales,Beltraniaceae,,litter_saprotroph,,,,,leaf/fruit/seed,,non-aquatic,,,filamentous_mycelium,none,none,,,,
Basidiomycota,Agaricomycetes,Agaricales,Inocybaceae,Inocybe,Inocybe_soluta,jrk04145,Basidiomycota,Agaricomycetes,Agaricales,Inocybaceae,,ectomycorrhizal,,,,,,,non-aquatic,,,filamentous_mycelium,agaricoid,gills,short-distance_delicate,/inocybe,,
Rozellomycota,Rozellomycota_cls_Incertae_sedis,Rozellomycota_ord_Incertae_sedis,Rozellomycota_fam_Incertae_sedis,Rozellomycota_gen_Incertae_sedis,Rozellomycota_sp,NA,NA,NA,NA,NA,NA,NA,NA,NA,NA,NA,NA,NA,NA,NA,NA,NA,NA,NA,NA,NA,NA,NA
Ascomycota,Dothideomycetes,Pleosporales,Pleosporales_fam_Incertae_sedis,Pleosporales_gen_Incertae_sedis,Pleosporales_sp;sh__SH0091644.10FU,NA,NA,NA,NA,NA,NA,NA,NA,NA,NA,NA,NA,NA,NA,NA,NA,NA,NA,NA,NA,NA,NA,NA
Ascomycota,NA,NA,NA,NA,NA,NA,NA,NA,NA,NA,NA,NA,NA,NA,NA,NA,NA,NA,NA,NA,NA,NA,NA,NA,NA,NA,NA,NA
NA,NA,NA,NA,NA,NA,NA,NA,NA,NA,NA,NA,NA,NA,NA,NA,NA,NA,NA,NA,NA,NA,NA,NA,NA,NA,NA,NA,NA
Glomeromycota,Glomeromycetes,Diversisporales,Diversisporaceae,Diversispora,NA,jrk02740,Glomeromycota,Glomeromycetes,Diversisporales,Diversisporaceae,,arbuscular_mycorrhizal,root-associated,,root_endophyte,,,,,,,filamentous_mycelium,none,none,,,,
Ascomycota,Sordariomycetes,Xylariales,Xylariaceae,Xylaria,Xylaria_rohrensis;sh__SH0073565.10FU,jrk09478,Ascomycota,Sordariomycetes,Xylariales,Xylariaceae,,wood_saprotroph,litter_saprotroph,,foliar_endophyte,,"wood,leaf/fruit/seed",,non-aquatic,,angiosperms,filamentous_mycelium,"perithecium_(hymenium_hidden,_narrow_opening)",closed,,,,
Mucoromycota,Endogonomycetes,GS22,GS22_fam_Incertae_sedis,GS22_gen_Incertae_sedis,GS22_sp;sh__SH0116931.10FU,NA,NA,NA,NA,NA,NA,NA,NA,NA,NA,NA,NA,NA,NA,NA,NA,NA,NA,NA,NA,NA,NA,NA
Ascomycota,Sordariomycetes,Glomerellales,Glomerellaceae,Colletotrichum,Colletotrichum_bletillae,jrk01963,Ascomycota,Sordariomycetes,Glomerellales,Glomerellaceae,,plant_pathogen,litter_saprotroph,,foliar_endophyte,leaf/fruit/seed_pathogen,leaf/fruit/seed,,,,,filamentous_mycelium,"perithecium_(hymenium_hidden,_narrow_opening)",closed,,,,
Basidiomycota,Agaricomycetes,Agaricales,Strophariaceae,Hypholoma,Hypholoma_capnoides;sh__SH0176699.10FU,jrk09567,Basidiomycota,Agaricomycetes,Agaricales,Strophariaceae,,wood_saprotroph,,,,,wood,white_rot,non-aquatic,,,filamentous_mycelium,agaricoid,gills,,,,
Ascomycota,Dothideomycetes,NA,NA,NA,NA,NA,NA,NA,NA,NA,NA,NA,NA,NA,NA,NA,NA,NA,NA,NA,NA,NA,NA,NA,NA,NA,NA,NA
Basidiomycota,Microbotryomycetes,NA,NA,NA,NA,NA,NA,NA,NA,NA,NA,NA,NA,NA,NA,NA,NA,NA,NA,NA,NA,NA,NA,NA,NA,NA,NA,NA
Ascomycota,NA,NA,NA,NA,NA,NA,NA,NA,NA,NA,NA,NA,NA,NA,NA,NA,NA,NA,NA,NA,NA,NA,NA,NA,NA,NA,NA,NA
Ascomycota,Dothideomycetes,Capnodiales,Capnodiales_fam_Incertae_sedis,Capnodiales_gen_Incertae_sedis,Capnodiales_sp;sh__SH0180393.10FU,NA,NA,NA,NA,NA,NA,NA,NA,NA,NA,NA,NA,NA,NA,NA,NA,NA,NA,NA,NA,NA,NA,NA
Basidiomycota,Agaricomycetes,Russulales,Russulaceae,Russula,Russula_nigricans;sh__SH0018241.10FU,jrk07726,Basidiomycota,Agaricomycetes,Russulales,Russulaceae,,ectomycorrhizal,,,,,,,non-aquatic,,,filamentous_mycelium,agaricoid,gills,contact,/russula-lactarius,,
Basidiomycota,Agaricomycetes,Sebacinales,Sebacinaceae,Sebacina,Sebacina_sp,jrk07952,Basidiomycota,Agaricomycetes,Sebacinales,Sebacinaceae,,ectomycorrhizal,,,,,,,non-aquatic,,,filamentous_mycelium,corticioid,smooth,short-distance_delicate,/sebacina,,
Ascomycota,Dothideomycetes,Venturiales,NA,NA,NA,NA,NA,NA,NA,NA,NA,NA,NA,NA,NA,NA,NA,NA,NA,NA,NA,NA,NA,NA,NA,NA,NA,NA
NA,NA,NA,NA,NA,NA,NA,NA,NA,NA,NA,NA,NA,NA,NA,NA,NA,NA,NA,NA,NA,NA,NA,NA,NA,NA,NA,NA,NA
Ascomycota,Dothideomycetes,Pleosporales,Didymosphaeriaceae,Neptunomyces,Neptunomyces_aureus;sh__SH0152778.10FU,jrk11041,Ascomycota,Dothideomycetes,Pleosporales,Didymosphaeriaceae,,,,,,,,,aquatic,,algae,filamentous_mycelium,,,,,,
Basidiomycota,Microbotryomycetes,Microbotryomycetes_ord_Incertae_sedis,Microbotryomycetes_fam_Incertae_sedis,Microbotryomycetes_gen_Incertae_sedis,Microbotryomycetes_sp;sh__SH0188257.10FU,NA,NA,NA,NA,NA,NA,NA,NA,NA,NA,NA,NA,NA,NA,NA,NA,NA,NA,NA,NA,NA,NA,NA
Basidiomycota,Agaricomycetes,NA,NA,NA,NA,NA,NA,NA,NA,NA,NA,NA,NA,NA,NA,NA,NA,NA,NA,NA,NA,NA,NA,NA,NA,NA,NA,NA
Fungi_phy_Incertae_sedis,Fungi_cls_Incertae_sedis,Fungi_ord_Incertae_sedis,Fungi_fam_Incertae_sedis,Fungi_gen_Incertae_sedis,Fungi_sp;sh__SH0074445.10FU,NA,NA,NA,NA,NA,NA,NA,NA,NA,NA,NA,NA,NA,NA,NA,NA,NA,NA,NA,NA,NA,NA,NA
Ascomycota,Leotiomycetes,NA,NA,NA,NA,NA,NA,NA,NA,NA,NA,NA,NA,NA,NA,NA,NA,NA,NA,NA,NA,NA,NA,NA,NA,NA,NA,NA
Ascomycota,Dothideomycetes,Mycosphaerellales,Mycosphaerellaceae,Mycosphaerellaceae_gen_Incertae_sedis,Mycosphaerellaceae_sp;sh__SH0058262.10FU,NA,NA,NA,NA,NA,NA,NA,NA,NA,NA,NA,NA,NA,NA,NA,NA,NA,NA,NA,NA,NA,NA,NA
Basidiomycota,Tremellomycetes,Cystofilobasidiales,Mrakiaceae,Tausonia,Tausonia_pullulans;sh__SH0016266.10FU,jrk08671,Basidiomycota,Tremellomycetes,Cystofilobasidiales,Mrakiaceae,,soil_saprotroph,,,,,soil,,partly_aquatic,,,yeast,none,none,,,,
Ascomycota,Leotiomycetes,Helotiales,Sclerotiniaceae,Botrytis,Botrytis_caroliniana;sh__SH0156815.10FU,jrk01136,Ascomycota,Leotiomycetes,Helotiales,Sclerotiniaceae,,plant_pathogen,litter_saprotroph,,,leaf/fruit/seed_pathogen,leaf/fruit/seed,,partly_aquatic,,,filamentous_mycelium,none,none,,,,
Ascomycota,Sordariomycetes,Amphisphaeriales,Beltraniaceae,Hemibeltrania,Hemibeltrania_sp;sh__SH0175889.10FU,jrk03781,Ascomycota,Sordariomycetes,Amphisphaeriales,Beltraniaceae,,litter_saprotroph,,,,,leaf/fruit/seed,,non-aquatic,,,filamentous_mycelium,none,none,,,,
Ascomycota,Ascomycota_cls_Incertae_sedis,Ascomycota_ord_Incertae_sedis,Ascomycota_fam_Incertae_sedis,Ascomycota_gen_Incertae_sedis,Ascomycota_sp;sh__SH0085114.10FU,NA,NA,NA,NA,NA,NA,NA,NA,NA,NA,NA,NA,NA,NA,NA,NA,NA,NA,NA,NA,NA,NA,NA
Mortierellomycota,Mortierellomycetes,Mortierellales,Mortierellaceae,Mortierellaceae_gen_Incertae_sedis,Mortierellaceae_sp;sh__SH0192696.10FU,NA,NA,NA,NA,NA,NA,NA,NA,NA,NA,NA,NA,NA,NA,NA,NA,NA,NA,NA,NA,NA,NA,NA
Ascomycota,Laboulbeniomycetes,Pyxidiophorales,Pyxidiophoraceae,Pyxidiophoraceae_gen_Incertae_sedis,Pyxidiophoraceae_sp;sh__SH0152984.10FU,NA,NA,NA,NA,NA,NA,NA,NA,NA,NA,NA,NA,NA,NA,NA,NA,NA,NA,NA,NA,NA,NA,NA
NA,NA,NA,NA,NA,NA,NA,NA,NA,NA,NA,NA,NA,NA,NA,NA,NA,NA,NA,NA,NA,NA,NA,NA,NA,NA,NA,NA,NA
Ascomycota,Dothideomycetes,Mycosphaerellales,Mycosphaerellaceae,Xenoramularia,Xenoramularia_polygonicola;sh__SH0162087.10FU,jrk09443,Ascomycota,Dothideomycetes,Capnodiales,Mycosphaerellaceae,,plant_pathogen,,,,leaf/fruit/seed_pathogen,,,non-aquatic,,,filamentous_mycelium,"perithecium_(hymenium_hidden,_narrow_opening)",closed,,,,
Rozellomycota,Rozellomycota_cls_Incertae_sedis,Rozellomycota_ord_Incertae_sedis,Rozellomycota_fam_Incertae_sedis,Rozellomycota_gen_Incertae_sedis,Rozellomycota_sp;sh__SH0146815.10FU,NA,NA,NA,NA,NA,NA,NA,NA,NA,NA,NA,NA,NA,NA,NA,NA,NA,NA,NA,NA,NA,NA,NA
NA,NA,NA,NA,NA,NA,NA,NA,NA,NA,NA,NA,NA,NA,NA,NA,NA,NA,NA,NA,NA,NA,NA,NA,NA,NA,NA,NA,NA
Ascomycota,Leotiomycetes,Helotiales,NA,NA,NA,NA,NA,NA,NA,NA,NA,NA,NA,NA,NA,NA,NA,NA,NA,NA,NA,NA,NA,NA,NA,NA,NA,NA
Ascomycota,Leotiomycetes,Helotiales,Hyaloscyphaceae,Hyaloscyphaceae_gen_Incertae_sedis,Hyaloscyphaceae_sp;sh__SH0110911.10FU,NA,NA,NA,NA,NA,NA,NA,NA,NA,NA,NA,NA,NA,NA,NA,NA,NA,NA,NA,NA,NA,NA,NA
Ascomycota,Leotiomycetes,Helotiales,NA,NA,NA,NA,NA,NA,NA,NA,NA,NA,NA,NA,NA,NA,NA,NA,NA,NA,NA,NA,NA,NA,NA,NA,NA,NA
Basidiomycota,Microbotryomycetes,Microbotryomycetes_ord_Incertae_sedis,Microbotryomycetes_fam_Incertae_sedis,Slooffia,Slooffia_cresolica;sh__SH0165481.10FU,jrk08122,Basidiomycota,Microbotryomycetes,Microbotryomycetes order incertae sedis,Microbotryomycetes family incertae sedis,,unspecified_saprotroph,,,,,,,non-aquatic,,,yeast,none,none,,,,
Ascomycota,Geoglossomycetes,Geoglossales,Geoglossaceae,Trichoglossum,Trichoglossum_sp;sh__SH0011386.10FU,jrk08983,Ascomycota,Geoglossomycetes,Geoglossales,Geoglossaceae,,soil_saprotroph,unspecified_symbiotroph,CHEGD_symbiotrophs,root-associated,root-associated,"roots,soil",,non-aquatic,,,filamentous_mycelium,clavarioid,smooth,,,,
Basidiomycota,Agaricomycetes,Agaricales,Mycenaceae,Mycena,Mycena_rebaudengoi;sh__SH0008641.10FU,jrk05357,Basidiomycota,Agaricomycetes,Agaricales,Mycenaceae,,litter_saprotroph,root-associated,wood_saprotroph_many_species,root-associated,leaf/fruit/seed_pathogen,leaf/fruit/seed,,non-aquatic,,,filamentous_mycelium,agaricoid,gills,,,,
Ascomycota,Dothideomycetes,NA,NA,NA,NA,NA,NA,NA,NA,NA,NA,NA,NA,NA,NA,NA,NA,NA,NA,NA,NA,NA,NA,NA,NA,NA,NA,NA
Ascomycota,Dothideomycetes,Pleosporales,Dictyosporiaceae,Dictyosporiaceae_gen_Incertae_sedis,Dictyosporiaceae_sp;sh__SH0079837.10FU,NA,NA,NA,NA,NA,NA,NA,NA,NA,NA,NA,NA,NA,NA,NA,NA,NA,NA,NA,NA,NA,NA,NA
Ascomycota,Dothideomycetes,Pleosporales,Didymosphaeriaceae,Didymosphaeria,Didymosphaeria_sp;sh__SH0007365.10FU,jrk02622,Ascomycota,Dothideomycetes,Pleosporales,Didymosphaeriaceae,,plant_pathogen,litter_saprotroph,mycoparasite_some_species,foliar_endophyte,leaf/fruit/seed_pathogen,leaf/fruit/seed,,partly_aquatic,,,filamentous_mycelium,"perithecium_(hymenium_hidden,_narrow_opening)",closed,,,,
Mucoromycota,Endogonomycetes,GS21,GS21_fam_Incertae_sedis,GS21_gen_Incertae_sedis,GS21_sp,NA,NA,NA,NA,NA,NA,NA,NA,NA,NA,NA,NA,NA,NA,NA,NA,NA,NA,NA,NA,NA,NA,NA
Ascomycota,Leotiomycetes,Helotiales,Helotiales_fam_Incertae_sedis,Helotiales_gen_Incertae_sedis,Helotiales_sp;sh__SH0008363.10FU,NA,NA,NA,NA,NA,NA,NA,NA,NA,NA,NA,NA,NA,NA,NA,NA,NA,NA,NA,NA,NA,NA,NA
Ascomycota,Dothideomycetes,Pleosporales,Didymosphaeriaceae,Neptunomyces,Neptunomyces_aureus;sh__SH0152778.10FU,jrk11041,Ascomycota,Dothideomycetes,Pleosporales,Didymosphaeriaceae,,,,,,,,,aquatic,,algae,filamentous_mycelium,,,,,,
Ascomycota,Ascomycota_cls_Incertae_sedis,Ascomycota_ord_Incertae_sedis,Ascomycota_fam_Incertae_sedis,Ascomycota_gen_Incertae_sedis,Ascomycota_sp;sh__SH0051119.10FU,NA,NA,NA,NA,NA,NA,NA,NA,NA,NA,NA,NA,NA,NA,NA,NA,NA,NA,NA,NA,NA,NA,NA
Basidiomycota,Agaricomycetes,Sebacinales,Serendipitaceae,Serendipita,Serendipita_sp,jrk08004,Basidiomycota,Agaricomycetes,Sebacinales,Serendipitaceae,,root_endophyte,soil_saprotroph,ectomycorrhizal_1%_species/ericoid_mycorrhizal_many_species/orchid_mycorrhizal,root_endophyte,,soil,,non-aquatic,,,filamentous_mycelium,none,none,,,,
Chytridiomycota,Chytridiomycota_cls_Incertae_sedis,Chytridiomycota_ord_Incertae_sedis,Chytridiomycota_fam_Incertae_sedis,Chytridiomycota_gen_Incertae_sedis,Chytridiomycota_sp,NA,NA,NA,NA,NA,NA,NA,NA,NA,NA,NA,NA,NA,NA,NA,NA,NA,NA,NA,NA,NA,NA,NA
Basidiomycota,Agaricomycetes,Agaricales,Clavariaceae,Hodophilus,Hodophilus_sp;sh__SH0158310.10FU,jrk03888,Basidiomycota,Agaricomycetes,Agaricales,Clavariaceae,,soil_saprotroph,unspecified_symbiotroph,CHEGD_symbiotrophs,root-associated,root-associated,"roots,soil",,non-aquatic,,,filamentous_mycelium,agaricoid,gills,,,,
Ascomycota,Sordariomycetes,Hypocreales,Hypocreaceae,Trichoderma,NA,jrk08977,Ascomycota,Sordariomycetes,Hypocreales,Hypocreaceae,,mycoparasite,foliar_endophyte,hypervariable,foliar_endophyte,leaf/fruit/seed_pathogen,"leaf/fruit/seed,soil,fungal_material",soft_rot,,,,filamentous_mycelium,"perithecium_(hymenium_hidden,_narrow_opening)",closed,,,,
Mortierellomycota,Mortierellomycetes,Mortierellales,Mortierellaceae,Mortierellaceae_gen_Incertae_sedis,Mortierellaceae_sp;sh__SH0021694.10FU,NA,NA,NA,NA,NA,NA,NA,NA,NA,NA,NA,NA,NA,NA,NA,NA,NA,NA,NA,NA,NA,NA,NA
Ascomycota,Dothideomycetes,Pleosporales,NA,NA,NA,NA,NA,NA,NA,NA,NA,NA,NA,NA,NA,NA,NA,NA,NA,NA,NA,NA,NA,NA,NA,NA,NA,NA
Rozellomycota,Rozellomycota_cls_Incertae_sedis,Rozellomycota_ord_Incertae_sedis,Rozellomycota_fam_Incertae_sedis,Rozellomycota_gen_Incertae_sedis,Rozellomycota_sp;sh__SH0012145.10FU,NA,NA,NA,NA,NA,NA,NA,NA,NA,NA,NA,NA,NA,NA,NA,NA,NA,NA,NA,NA,NA,NA,NA
Mucoromycota,Endogonomycetes,GS22,GS22_fam_Incertae_sedis,GS22_gen_Incertae_sedis,GS22_sp,NA,NA,NA,NA,NA,NA,NA,NA,NA,NA,NA,NA,NA,NA,NA,NA,NA,NA,NA,NA,NA,NA,NA
Ascomycota,Lecanoromycetes,Lecanoromycetes_ord_Incertae_sedis,Lecanoromycetes_fam_Incertae_sedis,Lecanoromycetes_gen_Incertae_sedis,Lecanoromycetes_sp;sh__SH0129519.10FU,NA,NA,NA,NA,NA,NA,NA,NA,NA,NA,NA,NA,NA,NA,NA,NA,NA,NA,NA,NA,NA,NA,NA
Basidiomycota,Agaricomycetes,Sebacinales,Sebacinaceae,Sebacina,Sebacina_sp;sh__SH0136632.10FU,jrk07952,Basidiomycota,Agaricomycetes,Sebacinales,Sebacinaceae,,ectomycorrhizal,,,,,,,non-aquatic,,,filamentous_mycelium,corticioid,smooth,short-distance_delicate,/sebacina,,
Ascomycota,Sordariomycetes,Hypocreales,Clavicipitaceae,Metapochonia,Metapochonia_suchlasporia;sh__SH0151199.10FU,jrk05110,Ascomycota,Sordariomycetes,Hypocreales,Clavicipitaceae,,animal_parasite,animal_decomposer,,,,animal_material,,partly_aquatic,nematophagous,,filamentous_mycelium,none,,,,,
Ascomycota,NA,NA,NA,NA,NA,NA,NA,NA,NA,NA,NA,NA,NA,NA,NA,NA,NA,NA,NA,NA,NA,NA,NA,NA,NA,NA,NA,NA
Ascomycota,Dothideomycetes,NA,NA,NA,NA,NA,NA,NA,NA,NA,NA,NA,NA,NA,NA,NA,NA,NA,NA,NA,NA,NA,NA,NA,NA,NA,NA,NA
Ascomycota,Dothideomycetes,Mycosphaerellales,Mycosphaerellaceae,Pseudocercospora,Pseudocercospora_sp;sh__SH0078166.10FU,jrk07035,Ascomycota,Dothideomycetes,Capnodiales,Mycosphaerellaceae,,plant_pathogen,,,,leaf/fruit/seed_pathogen,,,non-aquatic,,,filamentous_mycelium,"perithecium_(hymenium_hidden,_narrow_opening)",closed,,,,
Ascomycota,Eurotiomycetes,Chaetothyriales,Chaetothyriales_fam_Incertae_sedis,Chaetothyriales_gen_Incertae_sedis,Chaetothyriales_sp;sh__SH0062415.10FU,NA,NA,NA,NA,NA,NA,NA,NA,NA,NA,NA,NA,NA,NA,NA,NA,NA,NA,NA,NA,NA,NA,NA
Ascomycota,Orbiliomycetes,Orbiliales,Orbiliales_fam_Incertae_sedis,Orbiliales_gen_Incertae_sedis,Orbiliales_sp;sh__SH0196418.10FU,NA,NA,NA,NA,NA,NA,NA,NA,NA,NA,NA,NA,NA,NA,NA,NA,NA,NA,NA,NA,NA,NA,NA
Ascomycota,Leotiomycetes,NA,NA,NA,NA,NA,NA,NA,NA,NA,NA,NA,NA,NA,NA,NA,NA,NA,NA,NA,NA,NA,NA,NA,NA,NA,NA,NA
Ascomycota,Leotiomycetes,Leotiales,Tympanidaceae,Tympanidaceae_gen_Incertae_sedis,Tympanidaceae_sp;sh__SH0087028.10FU,NA,NA,NA,NA,NA,NA,NA,NA,NA,NA,NA,NA,NA,NA,NA,NA,NA,NA,NA,NA,NA,NA,NA
Ascomycota,Dothideomycetes,Pleosporales,Melanommataceae,NA,NA,NA,NA,NA,NA,NA,NA,NA,NA,NA,NA,NA,NA,NA,NA,NA,NA,NA,NA,NA,NA,NA,NA,NA
Ascomycota,Dothideomycetes,Capnodiales,Capnodiales_fam_Incertae_sedis,Capnodiales_gen_Incertae_sedis,Capnodiales_sp;sh__SH0180413.10FU,NA,NA,NA,NA,NA,NA,NA,NA,NA,NA,NA,NA,NA,NA,NA,NA,NA,NA,NA,NA,NA,NA,NA
Basidiomycota,Agaricomycetes,Russulales,Russulaceae,Lactarius,NA,jrk04429,Basidiomycota,Agaricomycetes,Russulales,Russulaceae,,ectomycorrhizal,,,,,,,non-aquatic,,,filamentous_mycelium,agaricoid,gills,medium-distance_smooth,/russula-lactarius,,
Ascomycota,Leotiomycetes,Helotiales,Hyaloscyphaceae,Hyaloscyphaceae_gen_Incertae_sedis,Hyaloscyphaceae_sp;sh__SH0110852.10FU,NA,NA,NA,NA,NA,NA,NA,NA,NA,NA,NA,NA,NA,NA,NA,NA,NA,NA,NA,NA,NA,NA,NA
Ascomycota,Dothideomycetes,Dothideomycetes_ord_Incertae_sedis,Dothideomycetes_fam_Incertae_sedis,Dothideomycetes_gen_Incertae_sedis,Dothideomycetes_sp;sh__SH0073663.10FU,NA,NA,NA,NA,NA,NA,NA,NA,NA,NA,NA,NA,NA,NA,NA,NA,NA,NA,NA,NA,NA,NA,NA
Basidiomycota,Agaricomycetes,Trechisporales,Hydnodontaceae,Trechispora,Trechispora_sp;sh__SH0070799.10FU,jrk08926,Basidiomycota,Agaricomycetes,Trechisporales,Hydnodontaceae,,wood_saprotroph,,,,,wood,white_rot,non-aquatic,,,filamentous_mycelium,corticioid,poroid,,,,
Ascomycota,Sordariomycetes,Hypocreales,Hypocreaceae,Trichoderma,Trichoderma_harzianum,jrk08977,Ascomycota,Sordariomycetes,Hypocreales,Hypocreaceae,,mycoparasite,foliar_endophyte,hypervariable,foliar_endophyte,leaf/fruit/seed_pathogen,"leaf/fruit/seed,soil,fungal_material",soft_rot,,,,filamentous_mycelium,"perithecium_(hymenium_hidden,_narrow_opening)",closed,,,,
Rozellomycota,Rozellomycotina_cls_Incertae_sedis,GS11,GS11_fam_Incertae_sedis,GS11_gen_Incertae_sedis,GS11_sp;sh__SH0048781.10FU,NA,NA,NA,NA,NA,NA,NA,NA,NA,NA,NA,NA,NA,NA,NA,NA,NA,NA,NA,NA,NA,NA,NA
Ascomycota,NA,NA,NA,NA,NA,NA,NA,NA,NA,NA,NA,NA,NA,NA,NA,NA,NA,NA,NA,NA,NA,NA,NA,NA,NA,NA,NA,NA
Basidiomycota,Agaricomycetes,Thelephorales,Thelephoraceae,Tomentella,Tomentella_sp;sh__SH0126797.10FU,jrk08875,Basidiomycota,Agaricomycetes,Thelephorales,Thelephoraceae,,ectomycorrhizal,,,,,,,non-aquatic,,,filamentous_mycelium,corticioid,smooth,medium-distance_smooth,/tomentella-thelephora,,
Ascomycota,NA,NA,NA,NA,NA,NA,NA,NA,NA,NA,NA,NA,NA,NA,NA,NA,NA,NA,NA,NA,NA,NA,NA,NA,NA,NA,NA,NA
Ascomycota,Leotiomycetes,Helotiales,Helotiales_fam_Incertae_sedis,Helotiales_gen_Incertae_sedis,Helotiales_sp;sh__SH0195378.10FU,NA,NA,NA,NA,NA,NA,NA,NA,NA,NA,NA,NA,NA,NA,NA,NA,NA,NA,NA,NA,NA,NA,NA
Ascomycota,Lecanoromycetes,Acarosporales,Acarosporales_fam_Incertae_sedis,Acarosporales_gen_Incertae_sedis,Acarosporales_sp;sh__SH0085138.10FU,NA,NA,NA,NA,NA,NA,NA,NA,NA,NA,NA,NA,NA,NA,NA,NA,NA,NA,NA,NA,NA,NA,NA
Ascomycota,NA,NA,NA,NA,NA,NA,NA,NA,NA,NA,NA,NA,NA,NA,NA,NA,NA,NA,NA,NA,NA,NA,NA,NA,NA,NA,NA,NA
Basidiomycota,Microbotryomycetes,Leucosporidiales,Leucosporidiaceae,Leucosporidium,Leucosporidium_sp;sh__SH0194996.10FU,jrk04665,Basidiomycota,Microbotryomycetes,Microbotryales,Leucosporidiaceae,,soil_saprotroph,,,,,soil,,partly_aquatic,,,yeast,none,none,,,,
Basidiomycota,Tremellomycetes,Tremellales,Trimorphomycetaceae,Saitozyma,Saitozyma_podzolica;sh__SH0193259.10FU,jrk07761,Basidiomycota,Tremellomycetes,Tremellales,Trimorphomycetaceae,,soil_saprotroph,,,,,soil,,partly_aquatic,,,yeast,none,none,,,,
Basidiomycota,Agaricomycetes,Agaricales,Mycenaceae,NA,NA,NA,NA,NA,NA,NA,NA,NA,NA,NA,NA,NA,NA,NA,NA,NA,NA,NA,NA,NA,NA,NA,NA,NA
NA,NA,NA,NA,NA,NA,NA,NA,NA,NA,NA,NA,NA,NA,NA,NA,NA,NA,NA,NA,NA,NA,NA,NA,NA,NA,NA,NA,NA
Ascomycota,Leotiomycetes,Helotiales,Helotiales_fam_Incertae_sedis,Helotiales_gen_Incertae_sedis,Helotiales_sp;sh__SH0118434.10FU,NA,NA,NA,NA,NA,NA,NA,NA,NA,NA,NA,NA,NA,NA,NA,NA,NA,NA,NA,NA,NA,NA,NA
Ascomycota,Leotiomycetes,Helotiales,Helotiales_fam_Incertae_sedis,Helotiales_gen_Incertae_sedis,Helotiales_sp;sh__SH0162796.10FU,NA,NA,NA,NA,NA,NA,NA,NA,NA,NA,NA,NA,NA,NA,NA,NA,NA,NA,NA,NA,NA,NA,NA
Ascomycota,Eurotiomycetes,Chaetothyriales,Chaetothyriales_fam_Incertae_sedis,Chaetothyriales_gen_Incertae_sedis,Chaetothyriales_sp;sh__SH0153970.10FU,NA,NA,NA,NA,NA,NA,NA,NA,NA,NA,NA,NA,NA,NA,NA,NA,NA,NA,NA,NA,NA,NA,NA
Glomeromycota,Archaeosporomycetes,Archaeosporales,Ambisporaceae,Ambispora,Ambispora_sp;sh__SH0075580.10FU,jrk00278,Glomeromycota,Archaeosporomycetes,Archaeosporales,Ambisporaceae,,arbuscular_mycorrhizal,root-associated,,root_endophyte,,,,,,,filamentous_mycelium,none,none,,,,
Ascomycota,Dothideomycetes,Dothideomycetes_ord_Incertae_sedis,Dothideomycetes_fam_Incertae_sedis,Dothideomycetes_gen_Incertae_sedis,Dothideomycetes_sp,NA,NA,NA,NA,NA,NA,NA,NA,NA,NA,NA,NA,NA,NA,NA,NA,NA,NA,NA,NA,NA,NA,NA
Ascomycota,Pezizomycotina_cls_Incertae_sedis,Pezizomycotina_ord_Incertae_sedis,Pezizomycotina_fam_Incertae_sedis,Pezizomycotina_gen_Incertae_sedis,Pezizomycotina_sp;sh__SH0113733.10FU,NA,NA,NA,NA,NA,NA,NA,NA,NA,NA,NA,NA,NA,NA,NA,NA,NA,NA,NA,NA,NA,NA,NA
Ascomycota,Leotiomycetes,Helotiales,NA,NA,NA,NA,NA,NA,NA,NA,NA,NA,NA,NA,NA,NA,NA,NA,NA,NA,NA,NA,NA,NA,NA,NA,NA,NA
Ascomycota,Sordariomycetes,NA,NA,NA,NA,NA,NA,NA,NA,NA,NA,NA,NA,NA,NA,NA,NA,NA,NA,NA,NA,NA,NA,NA,NA,NA,NA,NA
Basidiomycota,Agaricomycetes,Sebacinales,Sebacinaceae,Chaetospermum,Chaetospermum_sp,jrk09642,Basidiomycota,Agaricomycetes,Sebacinales,Sebacinaceae,,litter_saprotroph,,,,,leaf/fruit/seed,,non-aquatic,,,filamentous_mycelium,corticioid,smooth,,,,
Ascomycota,Sordariomycetes,Hypocreales,Clavicipitaceae,Metarhizium,Metarhizium_anisopliae;sh__SH0141519.10FU,jrk05112,Ascomycota,Sordariomycetes,Hypocreales,Clavicipitaceae,,animal_parasite,animal_decomposer,,,,animal_material,,partly_aquatic,animal_parasite,,filamentous_mycelium,none,,,,,
Ascomycota,Leotiomycetes,Helotiales,Hyaloscyphaceae,NA,NA,NA,NA,NA,NA,NA,NA,NA,NA,NA,NA,NA,NA,NA,NA,NA,NA,NA,NA,NA,NA,NA,NA,NA
Basidiomycota,Agaricomycetes,Agaricales,Mycenaceae,Mycena,Mycena_sanguinolenta;sh__SH0013583.10FU,jrk05357,Basidiomycota,Agaricomycetes,Agaricales,Mycenaceae,,litter_saprotroph,root-associated,wood_saprotroph_many_species,root-associated,leaf/fruit/seed_pathogen,leaf/fruit/seed,,non-aquatic,,,filamentous_mycelium,agaricoid,gills,,,,
Basidiomycota,Agaricomycetes,Agaricales,Entolomataceae,NA,NA,NA,NA,NA,NA,NA,NA,NA,NA,NA,NA,NA,NA,NA,NA,NA,NA,NA,NA,NA,NA,NA,NA,NA
NA,NA,NA,NA,NA,NA,NA,NA,NA,NA,NA,NA,NA,NA,NA,NA,NA,NA,NA,NA,NA,NA,NA,NA,NA,NA,NA,NA,NA
NA,NA,NA,NA,NA,NA,NA,NA,NA,NA,NA,NA,NA,NA,NA,NA,NA,NA,NA,NA,NA,NA,NA,NA,NA,NA,NA,NA,NA
Ascomycota,Leotiomycetes,Helotiales,Helotiales_fam_Incertae_sedis,Helotiales_gen_Incertae_sedis,Helotiales_sp,NA,NA,NA,NA,NA,NA,NA,NA,NA,NA,NA,NA,NA,NA,NA,NA,NA,NA,NA,NA,NA,NA,NA
Mortierellomycota,Mortierellomycetes,Mortierellales,Mortierellaceae,Linnemannia,Linnemannia_schmuckeri;sh__SH0154888.10FU,NA,NA,NA,NA,NA,NA,NA,NA,NA,NA,NA,NA,NA,NA,NA,NA,NA,NA,NA,NA,NA,NA,NA
Ascomycota,Ascomycota_cls_Incertae_sedis,Ascomycota_ord_Incertae_sedis,Ascomycota_fam_Incertae_sedis,Ascomycota_gen_Incertae_sedis,Ascomycota_sp;sh__SH0051119.10FU,NA,NA,NA,NA,NA,NA,NA,NA,NA,NA,NA,NA,NA,NA,NA,NA,NA,NA,NA,NA,NA,NA,NA
NA,NA,NA,NA,NA,NA,NA,NA,NA,NA,NA,NA,NA,NA,NA,NA,NA,NA,NA,NA,NA,NA,NA,NA,NA,NA,NA,NA,NA
Ascomycota,Dothideomycetes,Mycosphaerellales,Teratosphaeriaceae,NA,NA,NA,NA,NA,NA,NA,NA,NA,NA,NA,NA,NA,NA,NA,NA,NA,NA,NA,NA,NA,NA,NA,NA,NA
NA,NA,NA,NA,NA,NA,NA,NA,NA,NA,NA,NA,NA,NA,NA,NA,NA,NA,NA,NA,NA,NA,NA,NA,NA,NA,NA,NA,NA
Ascomycota,Leotiomycetes,Helotiales,Sclerotiniaceae,Martininia,Martininia_panamaensis;sh__SH0147975.10FU,jrk04942,Ascomycota,Leotiomycetes,Helotiales,Sclerotiniaceae,,litter_saprotroph,,,,,leaf/fruit/seed,,non-aquatic,,,filamentous_mycelium,apothecium_(hymenium_on_surface),smooth,,,,
Ascomycota,Leotiomycetes,Helotiales,Helotiaceae,Gloeotinia,Gloeotinia_sp;sh__SH0183064.10FU,jrk03461,Ascomycota,Leotiomycetes,Helotiales,Helotiaceae,,plant_pathogen,litter_saprotroph,,,leaf/fruit/seed_pathogen,leaf/fruit/seed,,non-aquatic,,,filamentous_mycelium,apothecium_(hymenium_on_surface),smooth,,,,
NA,NA,NA,NA,NA,NA,NA,NA,NA,NA,NA,NA,NA,NA,NA,NA,NA,NA,NA,NA,NA,NA,NA,NA,NA,NA,NA,NA,NA
Ascomycota,Ascomycota_cls_Incertae_sedis,Ascomycota_ord_Incertae_sedis,Ascomycota_fam_Incertae_sedis,Ascomycota_gen_Incertae_sedis,Ascomycota_sp;sh__SH0176790.10FU,NA,NA,NA,NA,NA,NA,NA,NA,NA,NA,NA,NA,NA,NA,NA,NA,NA,NA,NA,NA,NA,NA,NA
Ascomycota,NA,NA,NA,NA,NA,NA,NA,NA,NA,NA,NA,NA,NA,NA,NA,NA,NA,NA,NA,NA,NA,NA,NA,NA,NA,NA,NA,NA
Ascomycota,Pezizomycetes,Pezizales,Pyronemataceae,Genabea,Genabea_hyalospora;sh__SH0183264.10FU,jrk03368,Ascomycota,Pezizomycetes,Pezizales,Pyronemataceae,,ectomycorrhizal,,,,,,,non-aquatic,,,filamentous_mycelium,gasteroid-hypogeous,closed,short-distance_coarse,/genea-humaria,,
Basidiomycota,Agaricomycetes,Agaricales,Pluteaceae,Pluteus,NA,jrk06791,Basidiomycota,Agaricomycetes,Agaricales,Pluteaceae,,litter_saprotroph,,wood_saprotroph_many_species,,,leaf/fruit/seed,white_rot,non-aquatic,,,filamentous_mycelium,agaricoid,gills,,,,
Basidiomycota,Agaricomycetes,Sebacinales,Sebacinales_fam_Incertae_sedis,Sebacinales_gen_Incertae_sedis,Sebacinales_sp;sh__SH0067038.10FU,NA,NA,NA,NA,NA,NA,NA,NA,NA,NA,NA,NA,NA,NA,NA,NA,NA,NA,NA,NA,NA,NA,NA
Ascomycota,Dothideomycetes,Minutisphaerales,Minutisphaeraceae,Minutisphaera,Minutisphaera_sp;sh__SH0007359.10FU,jrk05211,Ascomycota,Dothideomycetes,Minutisphaerales,Minutisphaeraceae,,wood_saprotroph,,,,,wood,,partly_freshwater_(partly_non-aquatic),,,filamentous_mycelium,"perithecium_(hymenium_hidden,_narrow_opening)",,,,,
Ascomycota,Dothideomycetes,Capnodiales,Capnodiales_fam_Incertae_sedis,Capnodiales_gen_Incertae_sedis,Capnodiales_sp,NA,NA,NA,NA,NA,NA,NA,NA,NA,NA,NA,NA,NA,NA,NA,NA,NA,NA,NA,NA,NA,NA,NA
Ascomycota,Sordariomycetes,Sordariales,Sordariales_fam_Incertae_sedis,Sordariales_gen_Incertae_sedis,Sordariales_sp;sh__SH0175634.10FU,NA,NA,NA,NA,NA,NA,NA,NA,NA,NA,NA,NA,NA,NA,NA,NA,NA,NA,NA,NA,NA,NA,NA
Basidiomycota,Agaricomycetes,Agaricales,Cortinariaceae,Cortinarius,Cortinarius_sp;sh__SH0192163.10FU,jrk02100,Basidiomycota,Agaricomycetes,Agaricales,Cortinariaceae,,ectomycorrhizal,,,,,,,non-aquatic,,,filamentous_mycelium,agaricoid,gills,medium-distance_fringe,/cortinarius,,
Basidiomycota,Agaricomycetes,Cantharellales,Hydnaceae,Sistotrema,Sistotrema_sp;sh__SH0111837.10FU,jrk08105,Basidiomycota,Agaricomycetes,Cantharellales,Cantharellales family incertae sedis,,litter_saprotroph,,ectomycorrhizal_many_species,,,leaf/fruit/seed,,non-aquatic,,,filamentous_mycelium,corticioid,smooth,medium-distance_fringe,/cantharellus,,
Mortierellomycota,Mortierellomycetes,Mortierellales,Mortierellaceae,Linnemannia,NA,NA,NA,NA,NA,NA,NA,NA,NA,NA,NA,NA,NA,NA,NA,NA,NA,NA,NA,NA,NA,NA,NA,NA
Basidiomycota,Agaricomycetes,Trechisporales,Trechisporales_fam_Incertae_sedis,Trechisporales_gen_Incertae_sedis,Trechisporales_sp;sh__SH0070751.10FU,NA,NA,NA,NA,NA,NA,NA,NA,NA,NA,NA,NA,NA,NA,NA,NA,NA,NA,NA,NA,NA,NA,NA
Ascomycota,Leotiomycetes,Helotiales,Discinellaceae,Discinellaceae_gen_Incertae_sedis,Discinellaceae_sp;sh__SH0008536.10FU,NA,NA,NA,NA,NA,NA,NA,NA,NA,NA,NA,NA,NA,NA,NA,NA,NA,NA,NA,NA,NA,NA,NA
Rozellomycota,Rozellomycota_cls_Incertae_sedis,Rozellomycota_ord_Incertae_sedis,Rozellomycota_fam_Incertae_sedis,Rozellomycota_gen_Incertae_sedis,Rozellomycota_sp;sh__SH0023868.10FU,NA,NA,NA,NA,NA,NA,NA,NA,NA,NA,NA,NA,NA,NA,NA,NA,NA,NA,NA,NA,NA,NA,NA
Ascomycota,NA,NA,NA,NA,NA,NA,NA,NA,NA,NA,NA,NA,NA,NA,NA,NA,NA,NA,NA,NA,NA,NA,NA,NA,NA,NA,NA,NA
Ascomycota,Leotiomycetes,Rhytismatales,Cudoniaceae,Cudoniaceae_gen_Incertae_sedis,Cudoniaceae_sp;sh__SH0013310.10FU,NA,NA,NA,NA,NA,NA,NA,NA,NA,NA,NA,NA,NA,NA,NA,NA,NA,NA,NA,NA,NA,NA,NA
Fungi_phy_Incertae_sedis,Fungi_cls_Incertae_sedis,Fungi_ord_Incertae_sedis,Fungi_fam_Incertae_sedis,Fungi_gen_Incertae_sedis,Fungi_sp;sh__SH0154032.10FU,NA,NA,NA,NA,NA,NA,NA,NA,NA,NA,NA,NA,NA,NA,NA,NA,NA,NA,NA,NA,NA,NA,NA
NA,NA,NA,NA,NA,NA,NA,NA,NA,NA,NA,NA,NA,NA,NA,NA,NA,NA,NA,NA,NA,NA,NA,NA,NA,NA,NA,NA,NA
Basidiomycota,Tremellomycetes,Tremellales,Tremellales_fam_Incertae_sedis,Tremellales_gen_Incertae_sedis,Tremellales_sp;sh__SH0062461.10FU,NA,NA,NA,NA,NA,NA,NA,NA,NA,NA,NA,NA,NA,NA,NA,NA,NA,NA,NA,NA,NA,NA,NA
Basidiomycota,Agaricomycetes,Agaricales,Entolomataceae,Entoloma,Entoloma_mutabilipes;sh__SH0160610.10FU,jrk02963,Basidiomycota,Agaricomycetes,Agaricales,Entolomataceae,,soil_saprotroph,unspecified_symbiotroph,"CHEGD_symbiotrophs,ectomycorrhizal_ca_10%_of_species",root-associated,root-associated,"roots,soil",,non-aquatic,,,filamentous_mycelium,agaricoid,gills,medium-distance_smooth,/entoloma,,
Ascomycota,Dothideomycetes,Pleosporales,Lentitheciaceae,NA,NA,NA,NA,NA,NA,NA,NA,NA,NA,NA,NA,NA,NA,NA,NA,NA,NA,NA,NA,NA,NA,NA,NA,NA
Basidiomycota,Agaricomycetes,Sebacinales,Serendipitaceae,Serendipita,Serendipita_sp;sh__SH0003332.10FU,jrk08004,Basidiomycota,Agaricomycetes,Sebacinales,Serendipitaceae,,root_endophyte,soil_saprotroph,ectomycorrhizal_1%_species/ericoid_mycorrhizal_many_species/orchid_mycorrhizal,root_endophyte,,soil,,non-aquatic,,,filamentous_mycelium,none,none,,,,
Mortierellomycota,Mortierellomycetes,Mortierellales,Mortierellaceae,Mortierella,Mortierella_pulchella;sh__SH0089570.10FU,jrk05302,Mortierellomycota,Mortierellomycetes,Mortierellales,Mortierellaceae,,soil_saprotroph,root-associated,,root-associated,root-associated,"roots,soil",chitinolytic,partly_aquatic,opportunistic_human_parasite,,filamentous_mycelium,none,none,,,,
Ascomycota,Dothideomycetes,Asterinales,Melaspileellaceae,Melaspileella,Melaspileella_proximella;sh__SH0184421.10FU,jrk05050,Ascomycota,Dothideomycetes,Asterinales,Melaspileellaceae,,wood_saprotroph,,,,,wood,,non-aquatic,,,filamentous_mycelium,apothecium_(hymenium_on_surface),smooth,,,,
Ascomycota,Ascomycota_cls_Incertae_sedis,Ascomycota_ord_Incertae_sedis,Ascomycota_fam_Incertae_sedis,Ascomycota_gen_Incertae_sedis,Ascomycota_sp;sh__SH0146176.10FU,NA,NA,NA,NA,NA,NA,NA,NA,NA,NA,NA,NA,NA,NA,NA,NA,NA,NA,NA,NA,NA,NA,NA
Basidiomycota,Agaricomycetes,Sebacinales,Serendipitaceae,Serendipita,Serendipita_sp;sh__SH0003307.10FU,jrk08004,Basidiomycota,Agaricomycetes,Sebacinales,Serendipitaceae,,root_endophyte,soil_saprotroph,ectomycorrhizal_1%_species/ericoid_mycorrhizal_many_species/orchid_mycorrhizal,root_endophyte,,soil,,non-aquatic,,,filamentous_mycelium,none,none,,,,
Ascomycota,Leotiomycetes,Helotiales,Helotiaceae,Gloeotinia,Gloeotinia_sp;sh__SH0183053.10FU,jrk03461,Ascomycota,Leotiomycetes,Helotiales,Helotiaceae,,plant_pathogen,litter_saprotroph,,,leaf/fruit/seed_pathogen,leaf/fruit/seed,,non-aquatic,,,filamentous_mycelium,apothecium_(hymenium_on_surface),smooth,,,,
Ascomycota,Pezizomycotina_cls_Incertae_sedis,Pezizomycotina_ord_Incertae_sedis,Pezizomycotina_fam_Incertae_sedis,Mycosylva,Mycosylva_setosa;sh__SH0144795.10FU,jrk05423,Ascomycota,Leotiomycetes,Helotiales,Amorphothecaceae,,dung_saprotroph,,,,,,,,,,filamentous_mycelium,none,,,,,
NA,NA,NA,NA,NA,NA,NA,NA,NA,NA,NA,NA,NA,NA,NA,NA,NA,NA,NA,NA,NA,NA,NA,NA,NA,NA,NA,NA,NA
Ascomycota,Leotiomycetes,Helotiales,NA,NA,NA,NA,NA,NA,NA,NA,NA,NA,NA,NA,NA,NA,NA,NA,NA,NA,NA,NA,NA,NA,NA,NA,NA,NA
Ascomycota,Dothideomycetes,Pleosporales,Cucurbitariaceae,Neocucurbitaria,Neocucurbitaria_populi;sh__SH0051482.10FU,jrk05603,Ascomycota,Dothideomycetes,Pleosporales,Cucurbitariaceae,,unspecified_saprotroph,,,,,,,partly_marine_(partly_non-aquatic),,,filamentous_mycelium,"perithecium_(hymenium_hidden,_narrow_opening)",,,,,
Ascomycota,Eurotiomycetes,Phaeomoniellales,Celotheliaceae,Neophaeomoniella,Neophaeomoniella_eucalypti;sh__SH0044652.10FU,jrk05681,Ascomycota,Eurotiomycetes,Phaeomoniellales,Celotheliaceae,,plant_pathogen,,,,leaf/fruit/seed_pathogen,,,non-aquatic,,,filamentous_mycelium,none,,,,,
NA,NA,NA,NA,NA,NA,NA,NA,NA,NA,NA,NA,NA,NA,NA,NA,NA,NA,NA,NA,NA,NA,NA,NA,NA,NA,NA,NA,NA
NA,NA,NA,NA,NA,NA,NA,NA,NA,NA,NA,NA,NA,NA,NA,NA,NA,NA,NA,NA,NA,NA,NA,NA,NA,NA,NA,NA,NA
Ascomycota,Lecanoromycetes,Lecanoromycetes_ord_Incertae_sedis,Micropeltidaceae,Micropeltidaceae_gen_Incertae_sedis,Micropeltidaceae_sp;sh__SH0089289.10FU,NA,NA,NA,NA,NA,NA,NA,NA,NA,NA,NA,NA,NA,NA,NA,NA,NA,NA,NA,NA,NA,NA,NA
Chytridiomycota,Rhizophydiomycetes,Rhizophydiales,Rhizophydiales_fam_Incertae_sedis,Rhizophydiales_gen_Incertae_sedis,Rhizophydiales_sp;sh__SH0082498.10FU,NA,NA,NA,NA,NA,NA,NA,NA,NA,NA,NA,NA,NA,NA,NA,NA,NA,NA,NA,NA,NA,NA,NA
Basidiomycota,Agaricomycetes,Agaricomycetes_ord_Incertae_sedis,Agaricomycetes_fam_Incertae_sedis,Agaricomycetes_gen_Incertae_sedis,Agaricomycetes_sp;sh__SH0156496.10FU,NA,NA,NA,NA,NA,NA,NA,NA,NA,NA,NA,NA,NA,NA,NA,NA,NA,NA,NA,NA,NA,NA,NA
Basidiomycota,Agaricomycetes,Thelephorales,Thelephoraceae,Odontia,Odontia_fibrosa;sh__SH0048310.10FU,,Basidiomycota,Agaricomycetes,Thelephorales,Thelephoraceae,,litter_saprotroph,,,,,leaf/fruit/seed,,non-aquatic,,,filamentous_mycelium,corticioid,smooth,,,,
Ascomycota,Ascomycota_cls_Incertae_sedis,Ascomycota_ord_Incertae_sedis,Ascomycota_fam_Incertae_sedis,Ascomycota_gen_Incertae_sedis,Ascomycota_sp;sh__SH0178593.10FU,NA,NA,NA,NA,NA,NA,NA,NA,NA,NA,NA,NA,NA,NA,NA,NA,NA,NA,NA,NA,NA,NA,NA
Ascomycota,Dothideomycetes,Capnodiales,Capnodiales_fam_Incertae_sedis,Capnodiales_gen_Incertae_sedis,Capnodiales_sp;sh__SH0104189.10FU,NA,NA,NA,NA,NA,NA,NA,NA,NA,NA,NA,NA,NA,NA,NA,NA,NA,NA,NA,NA,NA,NA,NA
Ascomycota,Lecanoromycetes,Lecanoromycetes_ord_Incertae_sedis,Lecanoromycetes_fam_Incertae_sedis,Lecanoromycetes_gen_Incertae_sedis,Lecanoromycetes_sp;sh__SH0005464.10FU,NA,NA,NA,NA,NA,NA,NA,NA,NA,NA,NA,NA,NA,NA,NA,NA,NA,NA,NA,NA,NA,NA,NA
Basidiomycota,Agaricomycetes,Atheliales,Atheliaceae,Athelia,Athelia_epiphylla;sh__SH0076180.10FU,jrk00750,Basidiomycota,Agaricomycetes,Atheliales,Atheliaceae,,lichen_parasite,fungal_decomposer,wood_saprotroph_some_species,,algal_parasite,"fungal_material,algal_material",,non-aquatic,,algae,filamentous_mycelium,corticioid,smooth,,,,
Entorrhizomycota,Entorrhizomycetes,Talbotiomycetales,Talbotiomycetales_fam_Incertae_sedis,Talbotiomycetales_gen_Incertae_sedis,Talbotiomycetales_sp;sh__SH0147126.10FU,NA,NA,NA,NA,NA,NA,NA,NA,NA,NA,NA,NA,NA,NA,NA,NA,NA,NA,NA,NA,NA,NA,NA
Basidiomycota,Agaricomycetes,Sebacinales,Serendipitaceae,Serendipita,Serendipita_sp,jrk08004,Basidiomycota,Agaricomycetes,Sebacinales,Serendipitaceae,,root_endophyte,soil_saprotroph,ectomycorrhizal_1%_species/ericoid_mycorrhizal_many_species/orchid_mycorrhizal,root_endophyte,,soil,,non-aquatic,,,filamentous_mycelium,none,none,,,,
Basidiomycota,Agaricomycetes,Agaricomycetes_ord_Incertae_sedis,Agaricomycetes_fam_Incertae_sedis,Agaricomycetes_gen_Incertae_sedis,Agaricomycetes_sp,NA,NA,NA,NA,NA,NA,NA,NA,NA,NA,NA,NA,NA,NA,NA,NA,NA,NA,NA,NA,NA,NA,NA
Ascomycota,Ascomycota_cls_Incertae_sedis,Ascomycota_ord_Incertae_sedis,Ascomycota_fam_Incertae_sedis,Ascomycota_gen_Incertae_sedis,Ascomycota_sp;sh__SH0110602.10FU,NA,NA,NA,NA,NA,NA,NA,NA,NA,NA,NA,NA,NA,NA,NA,NA,NA,NA,NA,NA,NA,NA,NA
Ascomycota,Dothideomycetes,Botryosphaeriales,Botryosphaeriales_fam_Incertae_sedis,Botryosphaeriales_gen_Incertae_sedis,Botryosphaeriales_sp;sh__SH0185825.10FU,NA,NA,NA,NA,NA,NA,NA,NA,NA,NA,NA,NA,NA,NA,NA,NA,NA,NA,NA,NA,NA,NA,NA
Rozellomycota,Rozellomycota_cls_Incertae_sedis,Rozellomycota_ord_Incertae_sedis,Rozellomycota_fam_Incertae_sedis,Rozellomycota_gen_Incertae_sedis,Rozellomycota_sp,NA,NA,NA,NA,NA,NA,NA,NA,NA,NA,NA,NA,NA,NA,NA,NA,NA,NA,NA,NA,NA,NA,NA
Basidiomycota,Agaricomycetes,Russulales,Russulaceae,Russula,Russula_gracillima;sh__SH0152051.10FU,jrk07726,Basidiomycota,Agaricomycetes,Russulales,Russulaceae,,ectomycorrhizal,,,,,,,non-aquatic,,,filamentous_mycelium,agaricoid,gills,contact,/russula-lactarius,,
Rozellomycota,Rozellomycota_cls_Incertae_sedis,Rozellomycota_ord_Incertae_sedis,Rozellomycota_fam_Incertae_sedis,Rozellomycota_gen_Incertae_sedis,Rozellomycota_sp;sh__SH0154622.10FU,NA,NA,NA,NA,NA,NA,NA,NA,NA,NA,NA,NA,NA,NA,NA,NA,NA,NA,NA,NA,NA,NA,NA
Ascomycota,Leotiomycetes,Helotiales,Helotiales_fam_Incertae_sedis,Helotiales_gen_Incertae_sedis,Helotiales_sp;sh__SH0195378.10FU,NA,NA,NA,NA,NA,NA,NA,NA,NA,NA,NA,NA,NA,NA,NA,NA,NA,NA,NA,NA,NA,NA,NA
Ascomycota,Eurotiomycetes,Phaeomoniellales,Celotheliaceae,Neophaeomoniella,Neophaeomoniella_eucalypti;sh__SH0044652.10FU,jrk05681,Ascomycota,Eurotiomycetes,Phaeomoniellales,Celotheliaceae,,plant_pathogen,,,,leaf/fruit/seed_pathogen,,,non-aquatic,,,filamentous_mycelium,none,,,,,
Ascomycota,Ascomycota_cls_Incertae_sedis,Ascomycota_ord_Incertae_sedis,Ascomycota_fam_Incertae_sedis,Ascomycota_gen_Incertae_sedis,Ascomycota_sp;sh__SH0007222.10FU,NA,NA,NA,NA,NA,NA,NA,NA,NA,NA,NA,NA,NA,NA,NA,NA,NA,NA,NA,NA,NA,NA,NA
Ascomycota,Sordariomycetes,Amphisphaeriales,Amphisphaeriales_fam_Incertae_sedis,Amphisphaeriales_gen_Incertae_sedis,Amphisphaeriales_sp;sh__SH0080266.10FU,NA,NA,NA,NA,NA,NA,NA,NA,NA,NA,NA,NA,NA,NA,NA,NA,NA,NA,NA,NA,NA,NA,NA
NA,NA,NA,NA,NA,NA,NA,NA,NA,NA,NA,NA,NA,NA,NA,NA,NA,NA,NA,NA,NA,NA,NA,NA,NA,NA,NA,NA,NA
Ascomycota,NA,NA,NA,NA,NA,NA,NA,NA,NA,NA,NA,NA,NA,NA,NA,NA,NA,NA,NA,NA,NA,NA,NA,NA,NA,NA,NA,NA
Basidiomycota,Agaricomycetes,Polyporales,Hyphodermataceae,Hyphodermataceae_gen_Incertae_sedis,Hyphodermataceae_sp;sh__SH0013926.10FU,NA,NA,NA,NA,NA,NA,NA,NA,NA,NA,NA,NA,NA,NA,NA,NA,NA,NA,NA,NA,NA,NA,NA
Mucoromycota,Endogonomycetes,GS22,GS22_fam_Incertae_sedis,GS22_gen_Incertae_sedis,GS22_sp;sh__SH0116911.10FU,NA,NA,NA,NA,NA,NA,NA,NA,NA,NA,NA,NA,NA,NA,NA,NA,NA,NA,NA,NA,NA,NA,NA
Basidiomycota,Agaricomycetes,Agaricales,Stephanosporaceae,Lindtneria,Lindtneria_trachyspora;sh__SH0019481.10FU,jrk09588,Basidiomycota,Agaricomycetes,Agaricales,Stephanosporaceae,,wood_saprotroph,,,,,wood,white_rot,non-aquatic,,,filamentous_mycelium,corticioid,smooth,,,,
Ascomycota,NA,NA,NA,NA,NA,NA,NA,NA,NA,NA,NA,NA,NA,NA,NA,NA,NA,NA,NA,NA,NA,NA,NA,NA,NA,NA,NA,NA
Ascomycota,Dothideomycetes,Venturiales,Sympoventuriaceae,Fusicladium,Fusicladium_proteae;sh__SH0172002.10FU,jrk03296,Ascomycota,Dothideomycetes,Venturiales,Sympoventuriaceae,,plant_pathogen,,,,leaf/fruit/seed_pathogen,,,non-aquatic,,,filamentous_mycelium,"perithecium_(hymenium_hidden,_narrow_opening)",closed,,,,
Basidiomycota,Agaricomycetes,Agaricales,Entolomataceae,Entoloma,Entoloma_serrulatum;sh__SH0186462.10FU,jrk02963,Basidiomycota,Agaricomycetes,Agaricales,Entolomataceae,,soil_saprotroph,unspecified_symbiotroph,"CHEGD_symbiotrophs,ectomycorrhizal_ca_10%_of_species",root-associated,root-associated,"roots,soil",,non-aquatic,,,filamentous_mycelium,agaricoid,gills,medium-distance_smooth,/entoloma,,
NA,NA,NA,NA,NA,NA,NA,NA,NA,NA,NA,NA,NA,NA,NA,NA,NA,NA,NA,NA,NA,NA,NA,NA,NA,NA,NA,NA,NA
Rozellomycota,Rozellomycota_cls_Incertae_sedis,Rozellomycota_ord_Incertae_sedis,Rozellomycota_fam_Incertae_sedis,Rozellomycota_gen_Incertae_sedis,Rozellomycota_sp;sh__SH0009011.10FU,NA,NA,NA,NA,NA,NA,NA,NA,NA,NA,NA,NA,NA,NA,NA,NA,NA,NA,NA,NA,NA,NA,NA
Ascomycota,Archaeorhizomycetes,Archaeorhizomycetales,Archaeorhizomycetaceae,Archaeorhizomyces,Archaeorhizomyces_sp;sh__SH0034254.10FU,jrk00567,Ascomycota,Archaeorhizomycetes,Archaeorhizomycetales,Archaeorhizomycetaceae,,soil_saprotroph,root-associated,,root-associated,root-associated,"roots,soil",,non-aquatic,,,filamentous_mycelium,none,none,,,,
Basidiomycota,Tremellomycetes,Tremellales,Rhynchogastremaceae,Papiliotrema,Papiliotrema_laurentii;sh__SH0190975.10FU,jrk06053,Basidiomycota,Tremellomycetes,Tremellales,Rhynchogastremaceae,,mycoparasite,fungal_decomposer,,,,fungal_material,,partly_aquatic,,,dimorphic_yeast,none,,,,,
Ascomycota,Leotiomycetes,Helotiales,Hyaloscyphaceae,NA,NA,NA,NA,NA,NA,NA,NA,NA,NA,NA,NA,NA,NA,NA,NA,NA,NA,NA,NA,NA,NA,NA,NA,NA
NA,NA,NA,NA,NA,NA,NA,NA,NA,NA,NA,NA,NA,NA,NA,NA,NA,NA,NA,NA,NA,NA,NA,NA,NA,NA,NA,NA,NA
Ascomycota,Sordariomycetes,Hypocreales,NA,NA,NA,NA,NA,NA,NA,NA,NA,NA,NA,NA,NA,NA,NA,NA,NA,NA,NA,NA,NA,NA,NA,NA,NA,NA
NA,NA,NA,NA,NA,NA,NA,NA,NA,NA,NA,NA,NA,NA,NA,NA,NA,NA,NA,NA,NA,NA,NA,NA,NA,NA,NA,NA,NA
Basidiomycota,Agaricomycetes,Sebacinales,NA,NA,NA,NA,NA,NA,NA,NA,NA,NA,NA,NA,NA,NA,NA,NA,NA,NA,NA,NA,NA,NA,NA,NA,NA,NA
Basidiomycota,Microbotryomycetes,Kriegeriales,Camptobasidiaceae,Camptobasidium,Camptobasidium_gelus;sh__SH0194971.10FU,jrk01381,Basidiomycota,Microbotryomycetes,Kriegeriales,Camptobasidiaceae,,litter_saprotroph,,,,,leaf/fruit/seed,,freshwater,,,filamentous_mycelium,other,,,,,
Basidiomycota,Agaricomycetes,Agaricales,Mycenaceae,Hemimycena,Hemimycena_lactea;sh__SH0052531.10FU,jrk03791,Basidiomycota,Agaricomycetes,Agaricales,Mycenaceae,,litter_saprotroph,,,,,leaf/fruit/seed,,non-aquatic,,,filamentous_mycelium,agaricoid,gills,,,,
Ascomycota,Dothideomycetes,Pleosporales,Teichosporaceae,Magnibotryascoma,Magnibotryascoma_acaciae;sh__SH0157011.10FU,jrk04877,Ascomycota,Dothideomycetes,Pleosporales,Teichosporaceae,,litter_saprotroph,wood_saprotroph,,no_endophytic_capacity,,"wood,leaf/fruit/seed",,non-aquatic,,,filamentous_mycelium,"perithecium_(hymenium_hidden,_narrow_opening)",closed,,,,
Ascomycota,Leotiomycetes,Helotiales,Ploettnerulaceae,Pyrenopeziza,Pyrenopeziza_revincta;sh__SH0074312.10FU,jrk07359,Ascomycota,Leotiomycetes,Helotiales,Ploettnerulaceae,,plant_pathogen,litter_saprotroph,litter_saprotroph_many_species,,leaf/fruit/seed_pathogen,leaf/fruit/seed,,partly_freshwater_(partly_non-aquatic),,,filamentous_mycelium,apothecium_(hymenium_on_surface),smooth,,,,
Ascomycota,Leotiomycetes,Helotiales,Helotiales_fam_Incertae_sedis,Helotiales_gen_Incertae_sedis,Helotiales_sp,NA,NA,NA,NA,NA,NA,NA,NA,NA,NA,NA,NA,NA,NA,NA,NA,NA,NA,NA,NA,NA,NA,NA
NA,NA,NA,NA,NA,NA,NA,NA,NA,NA,NA,NA,NA,NA,NA,NA,NA,NA,NA,NA,NA,NA,NA,NA,NA,NA,NA,NA,NA
Ascomycota,Leotiomycetes,Helotiales,Helotiaceae,Gloeotinia,Gloeotinia_sp;sh__SH0183053.10FU,jrk03461,Ascomycota,Leotiomycetes,Helotiales,Helotiaceae,,plant_pathogen,litter_saprotroph,,,leaf/fruit/seed_pathogen,leaf/fruit/seed,,non-aquatic,,,filamentous_mycelium,apothecium_(hymenium_on_surface),smooth,,,,
Basidiomycota,Agaricomycetes,Agaricales,Entolomataceae,Entoloma,Entoloma_ventricosum;sh__SH0064168.10FU,jrk02963,Basidiomycota,Agaricomycetes,Agaricales,Entolomataceae,,soil_saprotroph,unspecified_symbiotroph,"CHEGD_symbiotrophs,ectomycorrhizal_ca_10%_of_species",root-associated,root-associated,"roots,soil",,non-aquatic,,,filamentous_mycelium,agaricoid,gills,medium-distance_smooth,/entoloma,,
Basidiomycota,Agaricomycetes,Agaricales,Mycenaceae,Mycena,Mycena_stylobates;sh__SH0020990.10FU,jrk05357,Basidiomycota,Agaricomycetes,Agaricales,Mycenaceae,,litter_saprotroph,root-associated,wood_saprotroph_many_species,root-associated,leaf/fruit/seed_pathogen,leaf/fruit/seed,,non-aquatic,,,filamentous_mycelium,agaricoid,gills,,,,
Ascomycota,Dothideomycetes,Pleosporales,Pleosporales_fam_Incertae_sedis,Pleosporales_gen_Incertae_sedis,Pleosporales_sp;sh__SH0007838.10FU,NA,NA,NA,NA,NA,NA,NA,NA,NA,NA,NA,NA,NA,NA,NA,NA,NA,NA,NA,NA,NA,NA,NA
Basidiomycota,Agaricomycetes,Auriculariales,Auriculariales_fam_Incertae_sedis,Renatobasidium,Renatobasidium_sp;sh__SH0010335.10FU,jrk07486,Basidiomycota,Agaricomycetes,Auriculariales,Auriculariales family incertae sedis,,wood_saprotroph,,,,,wood,,non-aquatic,,,filamentous_mycelium,tremelloid,smooth,,,,
Basidiomycota,GS27,GS27_ord_Incertae_sedis,GS27_ord_Incertae_sedis_fam_Incertae_sedis,GS27_ord_Incertae_sedis_gen_Incertae_sedis,GS27_ord_Incertae_sedis_sp;sh__SH0149983.10FU,NA,NA,NA,NA,NA,NA,NA,NA,NA,NA,NA,NA,NA,NA,NA,NA,NA,NA,NA,NA,NA,NA,NA
Basidiomycota,Agaricomycetes,Thelephorales,Thelephoraceae,Thelephora,Thelephora_penicillata,jrk08781,Basidiomycota,Agaricomycetes,Thelephorales,Thelephoraceae,,ectomycorrhizal,,,,,,,non-aquatic,,,filamentous_mycelium,clavarioid,smooth,medium-distance_smooth,/tomentella-thelephora,,
Ascomycota,Leotiomycetes,Helotiales,Helotiales_fam_Incertae_sedis,Helotiales_gen_Incertae_sedis,Helotiales_sp;sh__SH0118434.10FU,NA,NA,NA,NA,NA,NA,NA,NA,NA,NA,NA,NA,NA,NA,NA,NA,NA,NA,NA,NA,NA,NA,NA
Ascomycota,Leotiomycetes,Helotiales,Helotiales_fam_Incertae_sedis,Helotiales_gen_Incertae_sedis,Helotiales_sp;sh__SH0008400.10FU,NA,NA,NA,NA,NA,NA,NA,NA,NA,NA,NA,NA,NA,NA,NA,NA,NA,NA,NA,NA,NA,NA,NA
Basidiomycota,Agaricomycetes,Agaricales,Psathyrellaceae,Psathyrella,Psathyrella_sp;sh__SH0182666.10FU,jrk06986,Basidiomycota,Agaricomycetes,Agaricales,Psathyrellaceae,,wood_saprotroph,litter_saprotroph,,,,"wood,leaf/fruit/seed",,partly_aquatic,,,filamentous_mycelium,agaricoid,gills,,,,
Ascomycota,Eurotiomycetes,Chaetothyriales,Herpotrichiellaceae,NA,NA,NA,NA,NA,NA,NA,NA,NA,NA,NA,NA,NA,NA,NA,NA,NA,NA,NA,NA,NA,NA,NA,NA,NA
Ascomycota,Eurotiomycetes,Chaetothyriales,Chaetothyriales_fam_Incertae_sedis,Chaetothyriales_gen_Incertae_sedis,Chaetothyriales_sp;sh__SH0062378.10FU,NA,NA,NA,NA,NA,NA,NA,NA,NA,NA,NA,NA,NA,NA,NA,NA,NA,NA,NA,NA,NA,NA,NA
Basidiomycota,Tremellomycetes,Tremellales,Rhynchogastremaceae,Papiliotrema,Papiliotrema_laurentii;sh__SH0190975.10FU,jrk06053,Basidiomycota,Tremellomycetes,Tremellales,Rhynchogastremaceae,,mycoparasite,fungal_decomposer,,,,fungal_material,,partly_aquatic,,,dimorphic_yeast,none,,,,,
Ascomycota,NA,NA,NA,NA,NA,NA,NA,NA,NA,NA,NA,NA,NA,NA,NA,NA,NA,NA,NA,NA,NA,NA,NA,NA,NA,NA,NA,NA
Basidiomycota,Agaricomycetes,Agaricales,NA,NA,NA,NA,NA,NA,NA,NA,NA,NA,NA,NA,NA,NA,NA,NA,NA,NA,NA,NA,NA,NA,NA,NA,NA,NA
Ascomycota,Leotiomycetes,Helotiales,Helotiales_fam_Incertae_sedis,Helotiales_gen_Incertae_sedis,Helotiales_sp;sh__SH0146437.10FU,NA,NA,NA,NA,NA,NA,NA,NA,NA,NA,NA,NA,NA,NA,NA,NA,NA,NA,NA,NA,NA,NA,NA
Basidiomycota,Agaricomycetes,Thelephorales,Thelephoraceae,Thelephoraceae_gen_Incertae_sedis,Thelephoraceae_sp;sh__SH0127123.10FU,NA,NA,NA,NA,NA,NA,NA,NA,NA,NA,NA,NA,NA,NA,NA,NA,NA,NA,NA,NA,NA,NA,NA
Rozellomycota,Rozellomycota_cls_Incertae_sedis,Rozellomycota_ord_Incertae_sedis,Rozellomycota_fam_Incertae_sedis,Rozellomycota_gen_Incertae_sedis,Rozellomycota_sp;sh__SH0156170.10FU,NA,NA,NA,NA,NA,NA,NA,NA,NA,NA,NA,NA,NA,NA,NA,NA,NA,NA,NA,NA,NA,NA,NA
Basidiomycota,Agaricomycetes,Agaricomycetes_ord_Incertae_sedis,Agaricomycetes_fam_Incertae_sedis,Agaricomycetes_gen_Incertae_sedis,Agaricomycetes_sp;sh__SH0031724.10FU,NA,NA,NA,NA,NA,NA,NA,NA,NA,NA,NA,NA,NA,NA,NA,NA,NA,NA,NA,NA,NA,NA,NA
Basidiomycota,Agaricomycetes,Boletales,Boletales_fam_Incertae_sedis,Chalciporus,Chalciporus_piperatus;sh__SH0139804.10FU,jrk01657,Basidiomycota,Agaricomycetes,Boletales,Boletales family incertae sedis,,mycoparasite,fungal_decomposer,,,,fungal_material,,non-aquatic,,Amanita,filamentous_mycelium,agaricoid,poroid,,,,
Basidiomycota,Agaricomycetes,Russulales,Russulaceae,Russula,Russula_sardonia;sh__SH0143459.10FU,jrk07726,Basidiomycota,Agaricomycetes,Russulales,Russulaceae,,ectomycorrhizal,,,,,,,non-aquatic,,,filamentous_mycelium,agaricoid,gills,contact,/russula-lactarius,,
Ascomycota,Leotiomycetes,Leotiales,Tympanidaceae,Tympanidaceae_gen_Incertae_sedis,Tympanidaceae_sp,NA,NA,NA,NA,NA,NA,NA,NA,NA,NA,NA,NA,NA,NA,NA,NA,NA,NA,NA,NA,NA,NA,NA
Ascomycota,Eurotiomycetes,Chaetothyriales,Chaetothyriales_fam_Incertae_sedis,Chaetothyriales_gen_Incertae_sedis,Chaetothyriales_sp,NA,NA,NA,NA,NA,NA,NA,NA,NA,NA,NA,NA,NA,NA,NA,NA,NA,NA,NA,NA,NA,NA,NA
Ascomycota,Eurotiomycetes,Phaeomoniellales,Phaeomoniellales_fam_Incertae_sedis,Heterophaeomoniella,Heterophaeomoniella_pinifoliorum;sh__SH0044632.10FU,NA,NA,NA,NA,NA,NA,NA,NA,NA,NA,NA,NA,NA,NA,NA,NA,NA,NA,NA,NA,NA,NA,NA
Ascomycota,Eurotiomycetes,Chaetothyriales,Herpotrichiellaceae,Herpotrichiellaceae_gen_Incertae_sedis,Herpotrichiellaceae_sp;sh__SH0062337.10FU,NA,NA,NA,NA,NA,NA,NA,NA,NA,NA,NA,NA,NA,NA,NA,NA,NA,NA,NA,NA,NA,NA,NA
Mucoromycota,Endogonomycetes,GS21,GS21_fam_Incertae_sedis,GS21_gen_Incertae_sedis,GS21_sp;sh__SH0195568.10FU,NA,NA,NA,NA,NA,NA,NA,NA,NA,NA,NA,NA,NA,NA,NA,NA,NA,NA,NA,NA,NA,NA,NA
Basidiomycota,Agaricomycetes,Agaricomycetes_ord_Incertae_sedis,Agaricomycetes_fam_Incertae_sedis,Agaricomycetes_gen_Incertae_sedis,Agaricomycetes_sp;sh__SH0176045.10FU,NA,NA,NA,NA,NA,NA,NA,NA,NA,NA,NA,NA,NA,NA,NA,NA,NA,NA,NA,NA,NA,NA,NA
Ascomycota,Lecanoromycetes,Ostropales,Ostropales_fam_Incertae_sedis,Ostropales_gen_Incertae_sedis,Ostropales_sp;sh__SH0084939.10FU,NA,NA,NA,NA,NA,NA,NA,NA,NA,NA,NA,NA,NA,NA,NA,NA,NA,NA,NA,NA,NA,NA,NA
Ascomycota,Dothideomycetes,Dothideomycetes_ord_Incertae_sedis,Dothideomycetes_fam_Incertae_sedis,Dothideomycetes_gen_Incertae_sedis,Dothideomycetes_sp;sh__SH0094144.10FU,NA,NA,NA,NA,NA,NA,NA,NA,NA,NA,NA,NA,NA,NA,NA,NA,NA,NA,NA,NA,NA,NA,NA
Mortierellomycota,Mortierellomycetes,Mortierellales,Mortierellaceae,Podila,Podila_humilis;sh__SH0097986.10FU,NA,NA,NA,NA,NA,NA,NA,NA,NA,NA,NA,NA,NA,NA,NA,NA,NA,NA,NA,NA,NA,NA,NA
Ascomycota,Dothideomycetes,Mycosphaerellales,Mycosphaerellaceae,Ramularia,Ramularia_cynarae;sh__SH0162070.10FU,jrk07449,Ascomycota,Dothideomycetes,Capnodiales,Mycosphaerellaceae,,plant_pathogen,,,,leaf/fruit/seed_pathogen,,,non-aquatic,,,filamentous_mycelium,"perithecium_(hymenium_hidden,_narrow_opening)",closed,,,,
Fungi_phy_Incertae_sedis,Fungi_cls_Incertae_sedis,Fungi_ord_Incertae_sedis,Fungi_fam_Incertae_sedis,Fungi_gen_Incertae_sedis,Fungi_sp;sh__SH0013627.10FU,NA,NA,NA,NA,NA,NA,NA,NA,NA,NA,NA,NA,NA,NA,NA,NA,NA,NA,NA,NA,NA,NA,NA
Mucoromycota,Endogonomycetes,Endogonales,Densosporaceae,Densospora,Densospora_sp;sh__SH0019285.10FU,jrk02477,Mucoromycota,Endogonomycetes,Endogonales,Densosporaceae,,ectomycorrhizal,soil_saprotroph,moss-associated_many_species,root_endophyte,,,,non-aquatic,,,filamentous_mycelium,zygosporangium,closed,short-distance_delicate,/densospora,,
Ascomycota,Lecanoromycetes,Ostropales,Stictidaceae,Absconditella,Absconditella_sphagnorum,jrk00009,Ascomycota,Lecanoromycetes,Ostropales,Stictidaceae,,lichenized,,,,,,,non-aquatic,,,thallus_photosynthetic,apothecium_(hymenium_on_surface),smooth,,,chlorococcoid,
Ascomycota,Lecanoromycetes,Baeomycetales,Trapeliaceae,Placynthiella,Placynthiella_oligotropha;sh__SH0130127.10FU,jrk06678,Ascomycota,Lecanoromycetes,Baeomycetales,Trapeliaceae,,lichenized,,,,,,,non-aquatic,,,thallus_photosynthetic,apothecium_(hymenium_on_surface),smooth,,,chlorococcoid,
Ascomycota,Leotiomycetes,NA,NA,NA,NA,NA,NA,NA,NA,NA,NA,NA,NA,NA,NA,NA,NA,NA,NA,NA,NA,NA,NA,NA,NA,NA,NA,NA
Ascomycota,Leotiomycetes,Helotiales,Helotiales_fam_Incertae_sedis,Helotiales_gen_Incertae_sedis,Helotiales_sp;sh__SH0003954.10FU,NA,NA,NA,NA,NA,NA,NA,NA,NA,NA,NA,NA,NA,NA,NA,NA,NA,NA,NA,NA,NA,NA,NA
Basidiomycota,Tremellomycetes,NA,NA,NA,NA,NA,NA,NA,NA,NA,NA,NA,NA,NA,NA,NA,NA,NA,NA,NA,NA,NA,NA,NA,NA,NA,NA,NA
Mortierellomycota,Mortierellomycetes,Mortierellales,Mortierellaceae,Mortierella,Mortierella_sp;sh__SH0003831.10FU,jrk05302,Mortierellomycota,Mortierellomycetes,Mortierellales,Mortierellaceae,,soil_saprotroph,root-associated,,root-associated,root-associated,"roots,soil",chitinolytic,partly_aquatic,opportunistic_human_parasite,,filamentous_mycelium,none,none,,,,
Ascomycota,NA,NA,NA,NA,NA,NA,NA,NA,NA,NA,NA,NA,NA,NA,NA,NA,NA,NA,NA,NA,NA,NA,NA,NA,NA,NA,NA,NA
Basidiomycota,Tremellomycetes,Tremellales,Rhynchogastremaceae,Papiliotrema,Papiliotrema_fusca;sh__SH0190984.10FU,jrk06053,Basidiomycota,Tremellomycetes,Tremellales,Rhynchogastremaceae,,mycoparasite,fungal_decomposer,,,,fungal_material,,partly_aquatic,,,dimorphic_yeast,none,,,,,
Ascomycota,Leotiomycetes,Leotiales,Tympanidaceae,Tympanidaceae_gen_Incertae_sedis,Tympanidaceae_sp;sh__SH0144130.10FU,NA,NA,NA,NA,NA,NA,NA,NA,NA,NA,NA,NA,NA,NA,NA,NA,NA,NA,NA,NA,NA,NA,NA
Basidiomycota,Agaricomycetes,Agaricales,Clavariaceae,Clavaria,Clavaria_neonigrita;sh__SH0086398.10FU,jrk01836,Basidiomycota,Agaricomycetes,Agaricales,Clavariaceae,,soil_saprotroph,unspecified_symbiotroph,CHEGD_symbiotrophs,root-associated,root-associated,"roots,soil",,non-aquatic,,,filamentous_mycelium,clavarioid,smooth,,,,
Ascomycota,Leotiomycetes,Helotiales,Helotiales_fam_Incertae_sedis,Helotiales_gen_Incertae_sedis,Helotiales_sp,NA,NA,NA,NA,NA,NA,NA,NA,NA,NA,NA,NA,NA,NA,NA,NA,NA,NA,NA,NA,NA,NA,NA
Ascomycota,Dothideomycetes,Dothideomycetes_ord_Incertae_sedis,Dothideomycetes_fam_Incertae_sedis,Peltaster,Peltaster_fructicola;sh__SH0014222.10FU,jrk06269,Ascomycota,Dothideomycetes,Dothideomycetes order incertae sedis,Dothideomycetes family incertae sedis,,plant_pathogen,,,,unspecified_plant_pathogen,,,,,,filamentous_mycelium,none,,,,,
Ascomycota,Lecanoromycetes,Baeomycetales,Trapeliaceae,Placynthiella,Placynthiella_oligotropha;sh__SH0130127.10FU,jrk06678,Ascomycota,Lecanoromycetes,Baeomycetales,Trapeliaceae,,lichenized,,,,,,,non-aquatic,,,thallus_photosynthetic,apothecium_(hymenium_on_surface),smooth,,,chlorococcoid,
NA,NA,NA,NA,NA,NA,NA,NA,NA,NA,NA,NA,NA,NA,NA,NA,NA,NA,NA,NA,NA,NA,NA,NA,NA,NA,NA,NA,NA
Ascomycota,Dothideomycetes,Pleosporales,NA,NA,NA,NA,NA,NA,NA,NA,NA,NA,NA,NA,NA,NA,NA,NA,NA,NA,NA,NA,NA,NA,NA,NA,NA,NA
NA,NA,NA,NA,NA,NA,NA,NA,NA,NA,NA,NA,NA,NA,NA,NA,NA,NA,NA,NA,NA,NA,NA,NA,NA,NA,NA,NA,NA
Ascomycota,Geoglossomycetes,Geoglossales,Geoglossaceae,Geoglossum,Geoglossum_vleugelianum;sh__SH0117465.10FU,jrk03376,Ascomycota,Geoglossomycetes,Geoglossales,Geoglossaceae,,soil_saprotroph,unspecified_symbiotroph,CHEGD_symbiotrophs,root-associated,root-associated,"roots,soil",,non-aquatic,,,filamentous_mycelium,clavarioid,smooth,,,,
Ascomycota,Archaeorhizomycetes,Archaeorhizomycetales,Archaeorhizomycetales_fam_Incertae_sedis,Archaeorhizomycetales_gen_Incertae_sedis,Archaeorhizomycetales_sp;sh__SH0177121.10FU,NA,NA,NA,NA,NA,NA,NA,NA,NA,NA,NA,NA,NA,NA,NA,NA,NA,NA,NA,NA,NA,NA,NA
Mortierellomycota,Mortierellomycetes,Mortierellales,Mortierellaceae,NA,NA,NA,NA,NA,NA,NA,NA,NA,NA,NA,NA,NA,NA,NA,NA,NA,NA,NA,NA,NA,NA,NA,NA,NA
Ascomycota,Geoglossomycetes,Geoglossales,Geoglossaceae,Geoglossum,Geoglossum_chamaecyparinum;sh__SH0117463.10FU,jrk03376,Ascomycota,Geoglossomycetes,Geoglossales,Geoglossaceae,,soil_saprotroph,unspecified_symbiotroph,CHEGD_symbiotrophs,root-associated,root-associated,"roots,soil",,non-aquatic,,,filamentous_mycelium,clavarioid,smooth,,,,
Basidiomycota,Agaricomycetes,Agaricales,Entolomataceae,Entoloma,Entoloma_minutigranulosum;sh__SH0189037.10FU,jrk02963,Basidiomycota,Agaricomycetes,Agaricales,Entolomataceae,,soil_saprotroph,unspecified_symbiotroph,"CHEGD_symbiotrophs,ectomycorrhizal_ca_10%_of_species",root-associated,root-associated,"roots,soil",,non-aquatic,,,filamentous_mycelium,agaricoid,gills,medium-distance_smooth,/entoloma,,
Ascomycota,Sordariomycetes,Sordariomycetes_ord_Incertae_sedis,Junewangiaceae,Sporidesmiella,Sporidesmiella_pini;sh__SH0087181.10FU,jrk08269,Ascomycota,Dothideomycetes,Pleosporales,Didymosphaeriaceae,,wood_saprotroph,,,no_endophytic_capacity,,wood,,non-aquatic,,,filamentous_mycelium,"perithecium_(hymenium_hidden,_narrow_opening)",closed,,,,
Rozellomycota,Rozellomycota_cls_Incertae_sedis,Rozellomycota_ord_Incertae_sedis,Rozellomycota_fam_Incertae_sedis,Rozellomycota_gen_Incertae_sedis,Rozellomycota_sp,NA,NA,NA,NA,NA,NA,NA,NA,NA,NA,NA,NA,NA,NA,NA,NA,NA,NA,NA,NA,NA,NA,NA
Rozellomycota,Rozellomycota_cls_Incertae_sedis,Rozellomycota_ord_Incertae_sedis,Rozellomycota_fam_Incertae_sedis,Rozellomycota_gen_Incertae_sedis,Rozellomycota_sp;sh__SH0151825.10FU,NA,NA,NA,NA,NA,NA,NA,NA,NA,NA,NA,NA,NA,NA,NA,NA,NA,NA,NA,NA,NA,NA,NA
Rozellomycota,Rozellomycota_cls_Incertae_sedis,Rozellomycota_ord_Incertae_sedis,Rozellomycota_fam_Incertae_sedis,Rozellomycota_gen_Incertae_sedis,Rozellomycota_sp,NA,NA,NA,NA,NA,NA,NA,NA,NA,NA,NA,NA,NA,NA,NA,NA,NA,NA,NA,NA,NA,NA,NA
NA,NA,NA,NA,NA,NA,NA,NA,NA,NA,NA,NA,NA,NA,NA,NA,NA,NA,NA,NA,NA,NA,NA,NA,NA,NA,NA,NA,NA
Basidiomycota,Cystobasidiomycetes,NA,NA,NA,NA,NA,NA,NA,NA,NA,NA,NA,NA,NA,NA,NA,NA,NA,NA,NA,NA,NA,NA,NA,NA,NA,NA,NA
Basidiomycota,Agaricomycetes,Cantharellales,Hydnaceae,Sistotrema,Sistotrema_sp;sh__SH0111840.10FU,jrk08105,Basidiomycota,Agaricomycetes,Cantharellales,Cantharellales family incertae sedis,,litter_saprotroph,,ectomycorrhizal_many_species,,,leaf/fruit/seed,,non-aquatic,,,filamentous_mycelium,corticioid,smooth,medium-distance_fringe,/cantharellus,,
Ascomycota,Lecanoromycetes,Lecanorales,Lecanoraceae,NA,NA,NA,NA,NA,NA,NA,NA,NA,NA,NA,NA,NA,NA,NA,NA,NA,NA,NA,NA,NA,NA,NA,NA,NA
Ascomycota,Archaeorhizomycetes,Archaeorhizomycetales,Archaeorhizomycetaceae,Archaeorhizomycetaceae_gen_Incertae_sedis,Archaeorhizomycetaceae_sp;sh__SH0023999.10FU,NA,NA,NA,NA,NA,NA,NA,NA,NA,NA,NA,NA,NA,NA,NA,NA,NA,NA,NA,NA,NA,NA,NA
Ascomycota,Leotiomycetes,Helotiales,Helotiales_fam_Incertae_sedis,Helotiales_gen_Incertae_sedis,Helotiales_sp,NA,NA,NA,NA,NA,NA,NA,NA,NA,NA,NA,NA,NA,NA,NA,NA,NA,NA,NA,NA,NA,NA,NA
Ascomycota,Leotiomycetes,NA,NA,NA,NA,NA,NA,NA,NA,NA,NA,NA,NA,NA,NA,NA,NA,NA,NA,NA,NA,NA,NA,NA,NA,NA,NA,NA
Basidiomycota,Agaricomycetes,Agaricales,Inocybaceae,Inocybe,Inocybe_assimilata;sh__SH0157751.10FU,jrk04145,Basidiomycota,Agaricomycetes,Agaricales,Inocybaceae,,ectomycorrhizal,,,,,,,non-aquatic,,,filamentous_mycelium,agaricoid,gills,short-distance_delicate,/inocybe,,
Ascomycota,Leotiomycetes,Helotiales,Ascocorticiaceae,Ascocorticium,Ascocorticium_sp,jrk00657,Ascomycota,Leotiomycetes,Helotiales,Ascocorticiaceae,,wood_saprotroph,,,,,wood,,non-aquatic,,,filamentous_mycelium,other,smooth,,,,
Basidiomycota,Agaricomycetes,Thelephorales,Thelephoraceae,NA,NA,NA,NA,NA,NA,NA,NA,NA,NA,NA,NA,NA,NA,NA,NA,NA,NA,NA,NA,NA,NA,NA,NA,NA
Ascomycota,Leotiomycetes,Helotiales,Ascocorticiaceae,Ascocorticium,Ascocorticium_sp;sh__SH0104017.10FU,jrk00657,Ascomycota,Leotiomycetes,Helotiales,Ascocorticiaceae,,wood_saprotroph,,,,,wood,,non-aquatic,,,filamentous_mycelium,other,smooth,,,,
Ascomycota,Leotiomycetes,NA,NA,NA,NA,NA,NA,NA,NA,NA,NA,NA,NA,NA,NA,NA,NA,NA,NA,NA,NA,NA,NA,NA,NA,NA,NA,NA
NA,NA,NA,NA,NA,NA,NA,NA,NA,NA,NA,NA,NA,NA,NA,NA,NA,NA,NA,NA,NA,NA,NA,NA,NA,NA,NA,NA,NA
Fungi_phy_Incertae_sedis,Fungi_cls_Incertae_sedis,Fungi_ord_Incertae_sedis,Fungi_fam_Incertae_sedis,Fungi_gen_Incertae_sedis,Fungi_sp;sh__SH0128301.10FU,NA,NA,NA,NA,NA,NA,NA,NA,NA,NA,NA,NA,NA,NA,NA,NA,NA,NA,NA,NA,NA,NA,NA
Chytridiomycota,GS14,GS14_ord_Incertae_sedis,GS14_fam_Incertae_sedis,GS14_gen_Incertae_sedis,GS14_sp;sh__SH0150893.10FU,NA,NA,NA,NA,NA,NA,NA,NA,NA,NA,NA,NA,NA,NA,NA,NA,NA,NA,NA,NA,NA,NA,NA
Rozellomycota,Rozellomycota_cls_Incertae_sedis,Rozellomycota_ord_Incertae_sedis,Rozellomycota_fam_Incertae_sedis,Rozellomycota_gen_Incertae_sedis,Rozellomycota_sp;sh__SH0156316.10FU,NA,NA,NA,NA,NA,NA,NA,NA,NA,NA,NA,NA,NA,NA,NA,NA,NA,NA,NA,NA,NA,NA,NA
Ascomycota,Dothideomycetes,Mycosphaerellales,Teratosphaeriaceae,NA,NA,NA,NA,NA,NA,NA,NA,NA,NA,NA,NA,NA,NA,NA,NA,NA,NA,NA,NA,NA,NA,NA,NA,NA
Entorrhizomycota,Entorrhizomycetes,Entorrhizales,Entorrhizaceae,Entorrhiza,Entorrhiza_sp;sh__SH0004979.10FU,jrk09729,Entorrhizomycota,Entorrhizomycetes,Entorrhizales,Entorrhizaceae,,plant_pathogen,root-associated,root_gall_forming,,root_pathogen,,,partly_freshwater_(partly_non-aquatic),,"Juncaceae,Cyperaceae",filamentous_mycelium,smut,other,,,,
NA,NA,NA,NA,NA,NA,NA,NA,NA,NA,NA,NA,NA,NA,NA,NA,NA,NA,NA,NA,NA,NA,NA,NA,NA,NA,NA,NA,NA
Basidiomycota,Agaricomycetes,Tremellodendropsidales,Tremellodendropsidales_fam_Incertae_sedis,Tremellodendropsidales_gen_Incertae_sedis,Tremellodendropsidales_sp;sh__SH0186686.10FU,NA,NA,NA,NA,NA,NA,NA,NA,NA,NA,NA,NA,NA,NA,NA,NA,NA,NA,NA,NA,NA,NA,NA
NA,NA,NA,NA,NA,NA,NA,NA,NA,NA,NA,NA,NA,NA,NA,NA,NA,NA,NA,NA,NA,NA,NA,NA,NA,NA,NA,NA,NA
Ascomycota,NA,NA,NA,NA,NA,NA,NA,NA,NA,NA,NA,NA,NA,NA,NA,NA,NA,NA,NA,NA,NA,NA,NA,NA,NA,NA,NA,NA
Basidiomycota,Agaricomycetes,Agaricales,Mycenaceae,Mycena,Mycena_flavoalba;sh__SH0142906.10FU,jrk05357,Basidiomycota,Agaricomycetes,Agaricales,Mycenaceae,,litter_saprotroph,root-associated,wood_saprotroph_many_species,root-associated,leaf/fruit/seed_pathogen,leaf/fruit/seed,,non-aquatic,,,filamentous_mycelium,agaricoid,gills,,,,
Ascomycota,Leotiomycetes,Helotiales,Helotiales_fam_Incertae_sedis,Helotiales_gen_Incertae_sedis,Helotiales_sp,NA,NA,NA,NA,NA,NA,NA,NA,NA,NA,NA,NA,NA,NA,NA,NA,NA,NA,NA,NA,NA,NA,NA
NA,NA,NA,NA,NA,NA,NA,NA,NA,NA,NA,NA,NA,NA,NA,NA,NA,NA,NA,NA,NA,NA,NA,NA,NA,NA,NA,NA,NA
Basidiomycota,Agaricomycetes,Agaricales,Entolomataceae,Entoloma,Entoloma_ameides;sh__SH0093103.10FU,jrk02963,Basidiomycota,Agaricomycetes,Agaricales,Entolomataceae,,soil_saprotroph,unspecified_symbiotroph,"CHEGD_symbiotrophs,ectomycorrhizal_ca_10%_of_species",root-associated,root-associated,"roots,soil",,non-aquatic,,,filamentous_mycelium,agaricoid,gills,medium-distance_smooth,/entoloma,,
Basidiomycota,Agaricomycetes,NA,NA,NA,NA,NA,NA,NA,NA,NA,NA,NA,NA,NA,NA,NA,NA,NA,NA,NA,NA,NA,NA,NA,NA,NA,NA,NA
Fungi_phy_Incertae_sedis,Fungi_cls_Incertae_sedis,Fungi_ord_Incertae_sedis,Fungi_fam_Incertae_sedis,Fungi_gen_Incertae_sedis,Fungi_sp;sh__SH0152035.10FU,NA,NA,NA,NA,NA,NA,NA,NA,NA,NA,NA,NA,NA,NA,NA,NA,NA,NA,NA,NA,NA,NA,NA
Basidiomycota,Agaricomycetes,Agaricales,NA,NA,NA,NA,NA,NA,NA,NA,NA,NA,NA,NA,NA,NA,NA,NA,NA,NA,NA,NA,NA,NA,NA,NA,NA,NA
Glomeromycota,Glomeromycetes,Glomerales,Glomeraceae,Glomeraceae_gen_Incertae_sedis,Glomeraceae_sp;sh__SH0149317.10FU,NA,NA,NA,NA,NA,NA,NA,NA,NA,NA,NA,NA,NA,NA,NA,NA,NA,NA,NA,NA,NA,NA,NA
Ascomycota,Dothideomycetes,Pleosporales,NA,NA,NA,NA,NA,NA,NA,NA,NA,NA,NA,NA,NA,NA,NA,NA,NA,NA,NA,NA,NA,NA,NA,NA,NA,NA
Basidiomycota,GS27,GS27_ord_Incertae_sedis,GS27_ord_Incertae_sedis_fam_Incertae_sedis,GS27_ord_Incertae_sedis_gen_Incertae_sedis,GS27_ord_Incertae_sedis_sp;sh__SH0150702.10FU,NA,NA,NA,NA,NA,NA,NA,NA,NA,NA,NA,NA,NA,NA,NA,NA,NA,NA,NA,NA,NA,NA,NA
Ascomycota,Leotiomycetes,Helotiales,Helotiales_fam_Incertae_sedis,Helotiales_gen_Incertae_sedis,Helotiales_sp;sh__SH0093247.10FU,NA,NA,NA,NA,NA,NA,NA,NA,NA,NA,NA,NA,NA,NA,NA,NA,NA,NA,NA,NA,NA,NA,NA
Ascomycota,Leotiomycetes,Helotiales,Hyaloscyphaceae,NA,NA,NA,NA,NA,NA,NA,NA,NA,NA,NA,NA,NA,NA,NA,NA,NA,NA,NA,NA,NA,NA,NA,NA,NA
Ascomycota,Leotiomycetes,Helotiales,Helotiales_fam_Incertae_sedis,Helotiales_gen_Incertae_sedis,Helotiales_sp;sh__SH0008349.10FU,NA,NA,NA,NA,NA,NA,NA,NA,NA,NA,NA,NA,NA,NA,NA,NA,NA,NA,NA,NA,NA,NA,NA
Ascomycota,Dothideomycetes,Dothideomycetes_ord_Incertae_sedis,Dothideomycetes_fam_Incertae_sedis,Peltaster,Peltaster_fructicola;sh__SH0014222.10FU,jrk06269,Ascomycota,Dothideomycetes,Dothideomycetes order incertae sedis,Dothideomycetes family incertae sedis,,plant_pathogen,,,,unspecified_plant_pathogen,,,,,,filamentous_mycelium,none,,,,,
Chytridiomycota,NA,NA,NA,NA,NA,NA,NA,NA,NA,NA,NA,NA,NA,NA,NA,NA,NA,NA,NA,NA,NA,NA,NA,NA,NA,NA,NA,NA
Ascomycota,Eurotiomycetes,Sclerococcales,Dactylosporaceae,Sclerococcum,Sclerococcum_ahtii;sh__SH0135176.10FU,jrk07879,Ascomycota,Eurotiomycetes,Sclerococcales,Dactylosporaceae,,lichen_parasite,fungal_decomposer,saprotroph_unspecified_some_species,,,"fungal_material,algal_material",,non-aquatic,,,filamentous_mycelium,apothecium_(hymenium_on_surface),smooth,,,,
Ascomycota,Leotiomycetes,Helotiales,Helotiales_fam_Incertae_sedis,Helotiales_gen_Incertae_sedis,Helotiales_sp,NA,NA,NA,NA,NA,NA,NA,NA,NA,NA,NA,NA,NA,NA,NA,NA,NA,NA,NA,NA,NA,NA,NA
Mortierellomycota,Mortierellomycetes,Mortierellales,Mortierellaceae,NA,NA,NA,NA,NA,NA,NA,NA,NA,NA,NA,NA,NA,NA,NA,NA,NA,NA,NA,NA,NA,NA,NA,NA,NA
Ascomycota,NA,NA,NA,NA,NA,NA,NA,NA,NA,NA,NA,NA,NA,NA,NA,NA,NA,NA,NA,NA,NA,NA,NA,NA,NA,NA,NA,NA
Basidiomycota,Agaricomycetes,Boletales,Paxillaceae,Melanogaster,Melanogaster_sp;sh__SH0151216.10FU,jrk05021,Basidiomycota,Agaricomycetes,Boletales,Melanogastraceae,,ectomycorrhizal,,,,,,,non-aquatic,,,filamentous_mycelium,gasteroid-hypogeous,closed,long-distance,/paxillus-gyrodon,,
Basidiomycota,Agaricomycetes,Thelephorales,Thelephoraceae,Amaurodon,Amaurodon_sp;sh__SH0155981.10FU,jrk00274,Basidiomycota,Agaricomycetes,Thelephorales,Thelephoraceae,,litter_saprotroph,,,,,leaf/fruit/seed,,non-aquatic,,,filamentous_mycelium,corticioid,smooth,,,,
Basidiomycota,Agaricomycetes,Agaricomycetes_ord_Incertae_sedis,Agaricomycetes_fam_Incertae_sedis,Agaricomycetes_gen_Incertae_sedis,Agaricomycetes_sp,NA,NA,NA,NA,NA,NA,NA,NA,NA,NA,NA,NA,NA,NA,NA,NA,NA,NA,NA,NA,NA,NA,NA
Ascomycota,Dothideomycetes,Mycosphaerellales,Mycosphaerellaceae,Ramularia,Ramularia_cynarae;sh__SH0162070.10FU,jrk07449,Ascomycota,Dothideomycetes,Capnodiales,Mycosphaerellaceae,,plant_pathogen,,,,leaf/fruit/seed_pathogen,,,non-aquatic,,,filamentous_mycelium,"perithecium_(hymenium_hidden,_narrow_opening)",closed,,,,
Basidiomycota,Tremellomycetes,Trichosporonales,Trichosporonaceae,NA,NA,NA,NA,NA,NA,NA,NA,NA,NA,NA,NA,NA,NA,NA,NA,NA,NA,NA,NA,NA,NA,NA,NA,NA
Ascomycota,Ascomycota_cls_Incertae_sedis,Ascomycota_ord_Incertae_sedis,Ascomycota_fam_Incertae_sedis,Ascomycota_gen_Incertae_sedis,Ascomycota_sp;sh__SH0085349.10FU,NA,NA,NA,NA,NA,NA,NA,NA,NA,NA,NA,NA,NA,NA,NA,NA,NA,NA,NA,NA,NA,NA,NA
Basidiomycota,Agaricomycetes,Agaricales,Hymenogastraceae,Galerina,Galerina_sp;sh__SH0103073.10FU,jrk03314,Basidiomycota,Agaricomycetes,Agaricales,Hymenogastraceae,,wood_saprotroph,litter_saprotroph,,,leaf/fruit/seed_pathogen,"wood,leaf/fruit/seed",,non-aquatic,,,filamentous_mycelium,agaricoid,gills,,,,
Basidiomycota,Agaricomycetes,Cantharellales,Ceratobasidiaceae,NA,NA,NA,NA,NA,NA,NA,NA,NA,NA,NA,NA,NA,NA,NA,NA,NA,NA,NA,NA,NA,NA,NA,NA,NA
Basidiomycota,Agaricomycetes,Thelephorales,Thelephoraceae,Tomentella,Tomentella_sp;sh__SH0126702.10FU,jrk08875,Basidiomycota,Agaricomycetes,Thelephorales,Thelephoraceae,,ectomycorrhizal,,,,,,,non-aquatic,,,filamentous_mycelium,corticioid,smooth,medium-distance_smooth,/tomentella-thelephora,,
Ascomycota,Leotiomycetes,Helotiales,Pezizellaceae,Pezizellaceae_gen_Incertae_sedis,Pezizellaceae_sp;sh__SH0161089.10FU,NA,NA,NA,NA,NA,NA,NA,NA,NA,NA,NA,NA,NA,NA,NA,NA,NA,NA,NA,NA,NA,NA,NA
Basidiomycota,Agaricomycetes,Cantharellales,Ceratobasidiaceae,Ceratobasidiaceae_gen_Incertae_sedis,Ceratobasidiaceae_sp;sh__SH0171798.10FU,NA,NA,NA,NA,NA,NA,NA,NA,NA,NA,NA,NA,NA,NA,NA,NA,NA,NA,NA,NA,NA,NA,NA
Ascomycota,Eurotiomycetes,Eurotiales,Aspergillaceae,Penicillium,Penicillium_jensenii;sh__SH0140453.10FU,jrk06287,Ascomycota,Eurotiomycetes,Eurotiales,Aspergillaceae,,unspecified_saprotroph,foliar_endophyte,"toxin-producing,animal_parasite_some_species,mycoparasite_some_species",foliar_endophyte,,soil,mold,partly_aquatic,opportunistic_human_parasite,,filamentous_mycelium,none,,,,,
Basidiomycota,Agaricomycetes,Auriculariales,Auriculariales_fam_Incertae_sedis,Auriculariales_gen_Incertae_sedis,Auriculariales_sp;sh__SH0181308.10FU,NA,NA,NA,NA,NA,NA,NA,NA,NA,NA,NA,NA,NA,NA,NA,NA,NA,NA,NA,NA,NA,NA,NA
Ascomycota,Archaeorhizomycetes,Archaeorhizomycetales,Archaeorhizomycetaceae,Archaeorhizomyces,Archaeorhizomyces_sp;sh__SH0131770.10FU,jrk00567,Ascomycota,Archaeorhizomycetes,Archaeorhizomycetales,Archaeorhizomycetaceae,,soil_saprotroph,root-associated,,root-associated,root-associated,"roots,soil",,non-aquatic,,,filamentous_mycelium,none,none,,,,
Ascomycota,Lecanoromycetes,Ostropales,Stictidaceae,Cryptodiscus,Cryptodiscus_sp;sh__SH0106444.10FU,jrk02196,Ascomycota,Lecanoromycetes,Ostropales,Stictidaceae,,lichen_parasite,fungal_decomposer,saprotroph_unspecified_some_species,,,"fungal_material,algal_material",,non-aquatic,,,filamentous_mycelium,apothecium_(hymenium_on_surface),smooth,,,,
NA,NA,NA,NA,NA,NA,NA,NA,NA,NA,NA,NA,NA,NA,NA,NA,NA,NA,NA,NA,NA,NA,NA,NA,NA,NA,NA,NA,NA
Ascomycota,Leotiomycetes,Helotiales,Hyaloscyphaceae,Hyaloscyphaceae_gen_Incertae_sedis,Hyaloscyphaceae_sp,NA,NA,NA,NA,NA,NA,NA,NA,NA,NA,NA,NA,NA,NA,NA,NA,NA,NA,NA,NA,NA,NA,NA
Basidiomycota,Agaricomycetes,Auriculariales,Hyaloriaceae,Protomerulius,NA,jrk06958,Basidiomycota,Agaricomycetes,Auriculariales,Hyaloriaceae,,wood_saprotroph,,,,,wood,white_rot,non-aquatic,,,filamentous_mycelium,corticioid,poroid,,,,
Ascomycota,Leotiomycetes,Helotiales,Helotiales_fam_Incertae_sedis,Helotiales_gen_Incertae_sedis,Helotiales_sp;sh__SH0008507.10FU,NA,NA,NA,NA,NA,NA,NA,NA,NA,NA,NA,NA,NA,NA,NA,NA,NA,NA,NA,NA,NA,NA,NA
NA,NA,NA,NA,NA,NA,NA,NA,NA,NA,NA,NA,NA,NA,NA,NA,NA,NA,NA,NA,NA,NA,NA,NA,NA,NA,NA,NA,NA
Chytridiomycota,Rhizophydiomycetes,Rhizophydiales,Rhizophydiales_fam_Incertae_sedis,Rhizophydiales_gen_Incertae_sedis,Rhizophydiales_sp;sh__SH0101779.10FU,NA,NA,NA,NA,NA,NA,NA,NA,NA,NA,NA,NA,NA,NA,NA,NA,NA,NA,NA,NA,NA,NA,NA
Mucoromycota,Endogonomycetes,GS22,GS22_fam_Incertae_sedis,GS22_gen_Incertae_sedis,GS22_sp;sh__SH0116910.10FU,NA,NA,NA,NA,NA,NA,NA,NA,NA,NA,NA,NA,NA,NA,NA,NA,NA,NA,NA,NA,NA,NA,NA
NA,NA,NA,NA,NA,NA,NA,NA,NA,NA,NA,NA,NA,NA,NA,NA,NA,NA,NA,NA,NA,NA,NA,NA,NA,NA,NA,NA,NA
Ascomycota,Dothideomycetes,Mycosphaerellales,Teratosphaeriaceae,Teratosphaeria,Teratosphaeria_mexicana;sh__SH0162174.10FU,jrk08709,Ascomycota,Dothideomycetes,Capnodiales,Teratosphaeriaceae,,plant_pathogen,litter_saprotroph,,,wood_pathogen,"wood,leaf/fruit/seed",,non-aquatic,,,filamentous_mycelium,"perithecium_(hymenium_hidden,_narrow_opening)",closed,,,,
Ascomycota,Dothideomycetes,Pleosporales,Sporormiaceae,Preussia,Preussia_persica;sh__SH0158974.10FU,jrk06927,Ascomycota,Dothideomycetes,Pleosporales,Sporormiaceae,,dung_saprotroph,,,,,dung,,partly_aquatic,,,filamentous_mycelium,"cleistothecium_(closed,_spherical)",closed,,,,
Basidiomycota,Tremellomycetes,Tremellomycetes_ord_Incertae_sedis,Tremellomycetes_fam_Incertae_sedis,Tremellomycetes_gen_Incertae_sedis,Tremellomycetes_sp;sh__SH0163847.10FU,NA,NA,NA,NA,NA,NA,NA,NA,NA,NA,NA,NA,NA,NA,NA,NA,NA,NA,NA,NA,NA,NA,NA
Ascomycota,Ascomycota_cls_Incertae_sedis,Ascomycota_ord_Incertae_sedis,Ascomycota_fam_Incertae_sedis,Ascomycota_gen_Incertae_sedis,Ascomycota_sp;sh__SH0098288.10FU,NA,NA,NA,NA,NA,NA,NA,NA,NA,NA,NA,NA,NA,NA,NA,NA,NA,NA,NA,NA,NA,NA,NA
Basidiomycota,Agaricomycetes,Trechisporales,Hydnodontaceae,Trechispora,Trechispora_stevensonii;sh__SH0143685.10FU,jrk08926,Basidiomycota,Agaricomycetes,Trechisporales,Hydnodontaceae,,wood_saprotroph,,,,,wood,white_rot,non-aquatic,,,filamentous_mycelium,corticioid,poroid,,,,
Ascomycota,Leotiomycetes,Leotiomycetes_ord_Incertae_sedis,Leotiomycetes_fam_Incertae_sedis,Leotiomycetes_gen_Incertae_sedis,Leotiomycetes_sp;sh__SH0008389.10FU,NA,NA,NA,NA,NA,NA,NA,NA,NA,NA,NA,NA,NA,NA,NA,NA,NA,NA,NA,NA,NA,NA,NA
Ascomycota,Eurotiomycetes,Eurotiales,Aspergillaceae,Penicillium,Penicillium_melinii;sh__SH0025711.10FU,jrk06287,Ascomycota,Eurotiomycetes,Eurotiales,Aspergillaceae,,unspecified_saprotroph,foliar_endophyte,"toxin-producing,animal_parasite_some_species,mycoparasite_some_species",foliar_endophyte,,soil,mold,partly_aquatic,opportunistic_human_parasite,,filamentous_mycelium,none,,,,,
Fungi_phy_Incertae_sedis,Fungi_cls_Incertae_sedis,Fungi_ord_Incertae_sedis,Fungi_fam_Incertae_sedis,Fungi_gen_Incertae_sedis,Fungi_sp;sh__SH0155435.10FU,NA,NA,NA,NA,NA,NA,NA,NA,NA,NA,NA,NA,NA,NA,NA,NA,NA,NA,NA,NA,NA,NA,NA
Basidiomycota,Agaricomycetes,Auriculariales,Oliveoniaceae,Oliveonia,Oliveonia_sp;sh__SH0161596.10FU,jrk05892,Basidiomycota,Agaricomycetes,Auriculariales,Oliveoniaceae,,wood_saprotroph,,,,,wood,,non-aquatic,,,filamentous_mycelium,corticioid,smooth,,,,
Basidiomycota,Agaricomycetes,Agaricales,Chromocyphellaceae,Chromocyphella,Chromocyphella_lamellata;sh__SH0176555.10FU,jrk01726,Basidiomycota,Agaricomycetes,Agaricales,Chromocyphellaceae,,unspecified,bryophilous,,moss-associated,moss-associated,leaf/fruit/seed,,non-aquatic,,mosses,filamentous_mycelium,cyphelloid,smooth,,,,
Rozellomycota,Rozellomycota_cls_Incertae_sedis,Rozellomycota_ord_Incertae_sedis,Rozellomycota_fam_Incertae_sedis,Rozellomycota_gen_Incertae_sedis,Rozellomycota_sp,NA,NA,NA,NA,NA,NA,NA,NA,NA,NA,NA,NA,NA,NA,NA,NA,NA,NA,NA,NA,NA,NA,NA
Ascomycota,Sordariomycetes,Myrmecridiales,Myrmecridiaceae,Myrmecridium,NA,jrk05468,Ascomycota,Sordariomycetes,Myrmecridiales,Myrmecridiaceae,,soil_saprotroph,,,,,soil,,partly_aquatic,,,filamentous_mycelium,none,none,,,,
Mortierellomycota,Mortierellomycetes,Mortierellales,Mortierellaceae,Mortierella,Mortierella_angusta;sh__SH0155171.10FU,jrk05302,Mortierellomycota,Mortierellomycetes,Mortierellales,Mortierellaceae,,soil_saprotroph,root-associated,,root-associated,root-associated,"roots,soil",chitinolytic,partly_aquatic,opportunistic_human_parasite,,filamentous_mycelium,none,none,,,,
Ascomycota,Eurotiomycetes,Eurotiales,Aspergillaceae,Penicillium,Penicillium_spinulosum;sh__SH0140494.10FU,jrk06287,Ascomycota,Eurotiomycetes,Eurotiales,Aspergillaceae,,unspecified_saprotroph,foliar_endophyte,"toxin-producing,animal_parasite_some_species,mycoparasite_some_species",foliar_endophyte,,soil,mold,partly_aquatic,opportunistic_human_parasite,,filamentous_mycelium,none,,,,,
Ascomycota,Dothideomycetes,Dothideomycetes_ord_Incertae_sedis,Dothideomycetes_fam_Incertae_sedis,Dothideomycetes_gen_Incertae_sedis,Dothideomycetes_sp;sh__SH0147639.10FU,NA,NA,NA,NA,NA,NA,NA,NA,NA,NA,NA,NA,NA,NA,NA,NA,NA,NA,NA,NA,NA,NA,NA
NA,NA,NA,NA,NA,NA,NA,NA,NA,NA,NA,NA,NA,NA,NA,NA,NA,NA,NA,NA,NA,NA,NA,NA,NA,NA,NA,NA,NA
Basidiomycota,Microbotryomycetes,Kriegeriales,Kriegeriaceae,Yamadamyces,Yamadamyces_rosulatus;sh__SH0194946.10FU,jrk09501,Basidiomycota,Microbotryomycetes,Kriegeriales,Kriegeriaceae,,soil_saprotroph,,,,,soil,,non-aquatic,,,yeast,none,none,,,,
Basidiomycota,Agaricomycetes,Agaricales,Agaricales_fam_Incertae_sedis,Dissoderma,Dissoderma_galerinicola;sh__SH0120358.10FU,NA,NA,NA,NA,NA,NA,NA,NA,NA,NA,NA,NA,NA,NA,NA,NA,NA,NA,NA,NA,NA,NA,NA
Basidiomycota,Agaricomycetes,Agaricomycetes_ord_Incertae_sedis,Agaricomycetes_fam_Incertae_sedis,Agaricomycetes_gen_Incertae_sedis,Agaricomycetes_sp,NA,NA,NA,NA,NA,NA,NA,NA,NA,NA,NA,NA,NA,NA,NA,NA,NA,NA,NA,NA,NA,NA,NA
Basidiomycota,Agaricomycetes,Agaricales,Cortinariaceae,Cortinarius,NA,jrk02100,Basidiomycota,Agaricomycetes,Agaricales,Cortinariaceae,,ectomycorrhizal,,,,,,,non-aquatic,,,filamentous_mycelium,agaricoid,gills,medium-distance_fringe,/cortinarius,,
Glomeromycota,Glomeromycetes,Entrophosporales,Entrophosporaceae,Claroideoglomus,Claroideoglomus_sp,jrk01817,Glomeromycota,Glomeromycetes,Glomerales,Claroideoglomeraceae,,arbuscular_mycorrhizal,root-associated,,root_endophyte,,,,,,,filamentous_mycelium,none,none,,,,
NA,NA,NA,NA,NA,NA,NA,NA,NA,NA,NA,NA,NA,NA,NA,NA,NA,NA,NA,NA,NA,NA,NA,NA,NA,NA,NA,NA,NA
Ascomycota,Dothideomycetes,Dothideomycetes_ord_Incertae_sedis,Dothideomycetes_fam_Incertae_sedis,Dothideomycetes_gen_Incertae_sedis,Dothideomycetes_sp;sh__SH0045398.10FU,NA,NA,NA,NA,NA,NA,NA,NA,NA,NA,NA,NA,NA,NA,NA,NA,NA,NA,NA,NA,NA,NA,NA
Ascomycota,Leotiomycetes,Helotiales,NA,NA,NA,NA,NA,NA,NA,NA,NA,NA,NA,NA,NA,NA,NA,NA,NA,NA,NA,NA,NA,NA,NA,NA,NA,NA
Glomeromycota,Glomeromycetes,Entrophosporales,Entrophosporaceae,Claroideoglomus,Claroideoglomus_sp;sh__SH0082238.10FU,jrk01817,Glomeromycota,Glomeromycetes,Glomerales,Claroideoglomeraceae,,arbuscular_mycorrhizal,root-associated,,root_endophyte,,,,,,,filamentous_mycelium,none,none,,,,
Glomeromycota,Archaeosporomycetes,Archaeosporales,Ambisporaceae,Ambispora,Ambispora_sp;sh__SH0005570.10FU,jrk00278,Glomeromycota,Archaeosporomycetes,Archaeosporales,Ambisporaceae,,arbuscular_mycorrhizal,root-associated,,root_endophyte,,,,,,,filamentous_mycelium,none,none,,,,
NA,NA,NA,NA,NA,NA,NA,NA,NA,NA,NA,NA,NA,NA,NA,NA,NA,NA,NA,NA,NA,NA,NA,NA,NA,NA,NA,NA,NA
Ascomycota,Sordariomycetes,Hypocreales,Clavicipitaceae,Keithomyces,Keithomyces_carneus;sh__SH0151183.10FU,NA,NA,NA,NA,NA,NA,NA,NA,NA,NA,NA,NA,NA,NA,NA,NA,NA,NA,NA,NA,NA,NA,NA
Rozellomycota,Rozellomycota_cls_Incertae_sedis,Rozellomycota_ord_Incertae_sedis,Rozellomycota_fam_Incertae_sedis,Rozellomycota_gen_Incertae_sedis,Rozellomycota_sp;sh__SH0151825.10FU,NA,NA,NA,NA,NA,NA,NA,NA,NA,NA,NA,NA,NA,NA,NA,NA,NA,NA,NA,NA,NA,NA,NA
Basidiomycota,Agaricomycetes,Boletales,Paxillaceae,Alpova,Alpova_corsicus;sh__SH0085259.10FU,jrk00251,Basidiomycota,Agaricomycetes,Boletales,Melanogastraceae,,ectomycorrhizal,,,,,,,non-aquatic,,,filamentous_mycelium,gasteroid-hypogeous,closed,long-distance,/paxillus-gyrodon,,
Ascomycota,Archaeorhizomycetes,Archaeorhizomycetales,Archaeorhizomycetaceae,Archaeorhizomyces,Archaeorhizomyces_sp;sh__SH0159950.10FU,jrk00567,Ascomycota,Archaeorhizomycetes,Archaeorhizomycetales,Archaeorhizomycetaceae,,soil_saprotroph,root-associated,,root-associated,root-associated,"roots,soil",,non-aquatic,,,filamentous_mycelium,none,none,,,,
Basidiomycota,Microbotryomycetes,Microbotryomycetes_ord_Incertae_sedis,Microbotryomycetes_fam_Incertae_sedis,Microbotryomycetes_gen_Incertae_sedis,Microbotryomycetes_sp;sh__SH0188257.10FU,NA,NA,NA,NA,NA,NA,NA,NA,NA,NA,NA,NA,NA,NA,NA,NA,NA,NA,NA,NA,NA,NA,NA
Basidiomycota,Agaricomycetes,Russulales,Russulaceae,Lactarius,Lactarius_tabidus;sh__SH0135516.10FU,jrk04429,Basidiomycota,Agaricomycetes,Russulales,Russulaceae,,ectomycorrhizal,,,,,,,non-aquatic,,,filamentous_mycelium,agaricoid,gills,medium-distance_smooth,/russula-lactarius,,
Basidiomycota,Agaricomycetes,Agaricales,Agaricales_fam_Incertae_sedis,Rectipilus,Rectipilus_sp;sh__SH0074273.10FU,jrk07465,Basidiomycota,Agaricomycetes,Agaricales,Agaricales family incertae sedis,,wood_saprotroph,,,,,wood,,non-aquatic,,,filamentous_mycelium,cyphelloid,smooth,,,,
Basidiobolomycota,Basidiobolomycetes,Basidiobolales,Basidiobolaceae,Basidiobolus,Basidiobolus_magnus;sh__SH0018117.10FU,jrk00937,Basidiobolomycota,Basidiobolomycetes,Basidiobolales,Basidiobolaceae,,unspecified_saprotroph,,hypervariable,,,"leaf/fruit/seed,soil,dung,animal_material",,,animal_parasite/opportunistic_human_parasite,,filamentous_mycelium,none,none,,,,
Ascomycota,Eurotiomycetes,Chaetothyriales,Herpotrichiellaceae,Herpotrichiellaceae_gen_Incertae_sedis,Herpotrichiellaceae_sp,NA,NA,NA,NA,NA,NA,NA,NA,NA,NA,NA,NA,NA,NA,NA,NA,NA,NA,NA,NA,NA,NA,NA
Ascomycota,Leotiomycetes,Thelebolales,Pseudeurotiaceae,Connersia,Connersia_sp;sh__SH0154410.10FU,jrk02025,Ascomycota,Leotiomycetes,Helotiales,Helotiales family incertae sedis,,wood_saprotroph,,,,,wood,,non-aquatic,,,filamentous_mycelium,none,none,,,,
Basidiomycota,Agaricomycetes,Agaricales,Mycenaceae,Mycena,NA,jrk05357,Basidiomycota,Agaricomycetes,Agaricales,Mycenaceae,,litter_saprotroph,root-associated,wood_saprotroph_many_species,root-associated,leaf/fruit/seed_pathogen,leaf/fruit/seed,,non-aquatic,,,filamentous_mycelium,agaricoid,gills,,,,
Ascomycota,Eurotiomycetes,Chaetothyriales,NA,NA,NA,NA,NA,NA,NA,NA,NA,NA,NA,NA,NA,NA,NA,NA,NA,NA,NA,NA,NA,NA,NA,NA,NA,NA
Basidiomycota,Agaricomycetes,Sebacinales,Sebacinaceae,Sebacina,Sebacina_sp;sh__SH0102362.10FU,jrk07952,Basidiomycota,Agaricomycetes,Sebacinales,Sebacinaceae,,ectomycorrhizal,,,,,,,non-aquatic,,,filamentous_mycelium,corticioid,smooth,short-distance_delicate,/sebacina,,
Basidiomycota,Agaricomycetes,Cantharellales,Hydnaceae,Clavulina,Clavulina_sp;sh__SH0082555.10FU,jrk01852,Basidiomycota,Agaricomycetes,Cantharellales,Clavulinaceae,,ectomycorrhizal,,,,,,,non-aquatic,,,filamentous_mycelium,clavarioid,smooth,contact,/clavulina,,
Basidiomycota,Agaricomycetes,Russulales,Russulaceae,Russula,Russula_indohimalayana;sh__SH0158135.10FU,jrk07726,Basidiomycota,Agaricomycetes,Russulales,Russulaceae,,ectomycorrhizal,,,,,,,non-aquatic,,,filamentous_mycelium,agaricoid,gills,contact,/russula-lactarius,,
Basidiomycota,Agaricomycetes,Agaricales,Cortinariaceae,Cortinarius,Cortinarius_danili;sh__SH0139014.10FU,jrk02100,Basidiomycota,Agaricomycetes,Agaricales,Cortinariaceae,,ectomycorrhizal,,,,,,,non-aquatic,,,filamentous_mycelium,agaricoid,gills,medium-distance_fringe,/cortinarius,,
Basidiomycota,Agaricomycetes,Agaricales,Psathyrellaceae,Coprinellus,Coprinellus_micaceus;sh__SH0182588.10FU,jrk02042,Basidiomycota,Agaricomycetes,Agaricales,Psathyrellaceae,,soil_saprotroph,,,,,soil,,partly_aquatic,,,filamentous_mycelium,agaricoid,gills,,,,
Ascomycota,Sordariomycetes,Hypocreales,Ophiocordycipitaceae,Tolypocladium,Tolypocladium_sp,jrk08871,Ascomycota,Sordariomycetes,Hypocreales,Ophiocordycipitaceae,,animal_parasite,foliar_endophyte,"mycoparasite_many_species,toxin-producing",foliar_endophyte,,animal_material,,non-aquatic,animal_parasite,,filamentous_mycelium,"perithecium_(hymenium_hidden,_narrow_opening)",closed,,,,
NA,NA,NA,NA,NA,NA,NA,NA,NA,NA,NA,NA,NA,NA,NA,NA,NA,NA,NA,NA,NA,NA,NA,NA,NA,NA,NA,NA,NA
Ascomycota,Sordariomycetes,Coniochaetales,Coniochaetaceae,NA,NA,NA,NA,NA,NA,NA,NA,NA,NA,NA,NA,NA,NA,NA,NA,NA,NA,NA,NA,NA,NA,NA,NA,NA
Ascomycota,Leotiomycetes,Helotiales,Myxotrichaceae,Oidiodendron,Oidiodendron_tenuissimum;sh__SH0144706.10FU,jrk05883,Ascomycota,Leotiomycetes,Helotiales,Amorphothecaceae,,soil_saprotroph,root_endophyte,ericoid_mycorrhizal_O._maius,root_endophyte,root-associated,soil,,partly_aquatic,,,filamentous_mycelium,none,,,,,
NA,NA,NA,NA,NA,NA,NA,NA,NA,NA,NA,NA,NA,NA,NA,NA,NA,NA,NA,NA,NA,NA,NA,NA,NA,NA,NA,NA,NA
Ascomycota,Ascomycota_cls_Incertae_sedis,Ascomycota_ord_Incertae_sedis,Ascomycota_fam_Incertae_sedis,Ascomycota_gen_Incertae_sedis,Ascomycota_sp;sh__SH0117636.10FU,NA,NA,NA,NA,NA,NA,NA,NA,NA,NA,NA,NA,NA,NA,NA,NA,NA,NA,NA,NA,NA,NA,NA
Mucoromycota,Endogonomycetes,GS21,GS21_fam_Incertae_sedis,GS21_gen_Incertae_sedis,GS21_sp,NA,NA,NA,NA,NA,NA,NA,NA,NA,NA,NA,NA,NA,NA,NA,NA,NA,NA,NA,NA,NA,NA,NA
Basidiomycota,Agaricomycetes,Thelephorales,Thelephoraceae,Tomentella,Tomentella_sp;sh__SH0128640.10FU,jrk08875,Basidiomycota,Agaricomycetes,Thelephorales,Thelephoraceae,,ectomycorrhizal,,,,,,,non-aquatic,,,filamentous_mycelium,corticioid,smooth,medium-distance_smooth,/tomentella-thelephora,,
Ascomycota,Leotiomycetes,Leotiales,Tympanidaceae,Tympanidaceae_gen_Incertae_sedis,Tympanidaceae_sp,NA,NA,NA,NA,NA,NA,NA,NA,NA,NA,NA,NA,NA,NA,NA,NA,NA,NA,NA,NA,NA,NA,NA
Ascomycota,Lecanoromycetes,Lecanorales,Cladoniaceae,Cladonia,Cladonia_nashii;sh__SH0136058.10FU,jrk01803,Ascomycota,Lecanoromycetes,Lecanorales,Cladoniaceae,,lichenized,,,,,,,non-aquatic,,,thallus_photosynthetic,apothecium_(hymenium_on_surface),smooth,,,chlorococcoid,
Ascomycota,Leotiomycetes,Helotiales,Helotiales_fam_Incertae_sedis,Helotiales_gen_Incertae_sedis,Helotiales_sp;sh__SH0008363.10FU,NA,NA,NA,NA,NA,NA,NA,NA,NA,NA,NA,NA,NA,NA,NA,NA,NA,NA,NA,NA,NA,NA,NA
Ascomycota,Pezizomycetes,Pezizales,Pyronemataceae,Wilcoxina,Wilcoxina_mikolae;sh__SH0025031.10FU,jrk09337,Ascomycota,Pezizomycetes,Pezizales,Pyronemataceae,,ectomycorrhizal,,,,,,,non-aquatic,,,filamentous_mycelium,apothecium_(hymenium_on_surface),smooth,short-distance_coarse,/wilcoxina,,
Ascomycota,Sordariomycetes,Sordariales,Sordariales_fam_Incertae_sedis,Sordariales_gen_Incertae_sedis,Sordariales_sp;sh__SH0175640.10FU,NA,NA,NA,NA,NA,NA,NA,NA,NA,NA,NA,NA,NA,NA,NA,NA,NA,NA,NA,NA,NA,NA,NA
Rozellomycota,Rozellomycota_cls_Incertae_sedis,Rozellomycota_ord_Incertae_sedis,Rozellomycota_fam_Incertae_sedis,Rozellomycota_gen_Incertae_sedis,Rozellomycota_sp;sh__SH0009023.10FU,NA,NA,NA,NA,NA,NA,NA,NA,NA,NA,NA,NA,NA,NA,NA,NA,NA,NA,NA,NA,NA,NA,NA
Basidiomycota,Agaricomycetes,Agaricales,Clavariaceae,Ramariopsis,Ramariopsis_sp;sh__SH0142313.10FU,jrk07435,Basidiomycota,Agaricomycetes,Agaricales,Clavariaceae,,soil_saprotroph,unspecified_symbiotroph,CHEGD_symbiotrophs,root-associated,root-associated,"roots,soil",,non-aquatic,,,filamentous_mycelium,clavarioid,smooth,,,,
Rozellomycota,Rozellomycota_cls_Incertae_sedis,Rozellomycota_ord_Incertae_sedis,Rozellomycota_fam_Incertae_sedis,Rozellomycota_gen_Incertae_sedis,Rozellomycota_sp;sh__SH0155562.10FU,NA,NA,NA,NA,NA,NA,NA,NA,NA,NA,NA,NA,NA,NA,NA,NA,NA,NA,NA,NA,NA,NA,NA
Basidiomycota,Agaricomycetes,NA,NA,NA,NA,NA,NA,NA,NA,NA,NA,NA,NA,NA,NA,NA,NA,NA,NA,NA,NA,NA,NA,NA,NA,NA,NA,NA
Ascomycota,Ascomycota_cls_Incertae_sedis,Ascomycota_ord_Incertae_sedis,Ascomycota_fam_Incertae_sedis,Ascomycota_gen_Incertae_sedis,Ascomycota_sp;sh__SH0080513.10FU,NA,NA,NA,NA,NA,NA,NA,NA,NA,NA,NA,NA,NA,NA,NA,NA,NA,NA,NA,NA,NA,NA,NA
NA,NA,NA,NA,NA,NA,NA,NA,NA,NA,NA,NA,NA,NA,NA,NA,NA,NA,NA,NA,NA,NA,NA,NA,NA,NA,NA,NA,NA
NA,NA,NA,NA,NA,NA,NA,NA,NA,NA,NA,NA,NA,NA,NA,NA,NA,NA,NA,NA,NA,NA,NA,NA,NA,NA,NA,NA,NA
Ascomycota,Eurotiomycetes,Chaetothyriales,Chaetothyriales_fam_Incertae_sedis,Chaetothyriales_gen_Incertae_sedis,Chaetothyriales_sp;sh__SH0153966.10FU,NA,NA,NA,NA,NA,NA,NA,NA,NA,NA,NA,NA,NA,NA,NA,NA,NA,NA,NA,NA,NA,NA,NA
Ascomycota,Leotiomycetes,Helotiales,Helotiales_fam_Incertae_sedis,Helotiales_gen_Incertae_sedis,Helotiales_sp;sh__SH0162796.10FU,NA,NA,NA,NA,NA,NA,NA,NA,NA,NA,NA,NA,NA,NA,NA,NA,NA,NA,NA,NA,NA,NA,NA
Ascomycota,Dothideomycetes,Pleosporales,Leptosphaeriaceae,Leptosphaeriaceae_gen_Incertae_sedis,Leptosphaeriaceae_sp;sh__SH0148070.10FU,NA,NA,NA,NA,NA,NA,NA,NA,NA,NA,NA,NA,NA,NA,NA,NA,NA,NA,NA,NA,NA,NA,NA
Basidiomycota,Agaricomycetes,Agaricales,Lyophyllaceae,Lyophyllum,Lyophyllum_sp,jrk04836,Basidiomycota,Agaricomycetes,Agaricales,Lyophyllaceae,,ectomycorrhizal,,soil_saprotroph_ca_25%_of_species,,,,,non-aquatic,,,filamentous_mycelium,agaricoid,gills,medium-distance_fringe,/paralyophyllum,,
Ascomycota,Leotiomycetes,Helotiales,Myxotrichaceae,Oidiodendron,NA,jrk05883,Ascomycota,Leotiomycetes,Helotiales,Amorphothecaceae,,soil_saprotroph,root_endophyte,ericoid_mycorrhizal_O._maius,root_endophyte,root-associated,soil,,partly_aquatic,,,filamentous_mycelium,none,,,,,
Basidiomycota,Tremellomycetes,Tremellales,Trimorphomycetaceae,Saitozyma,Saitozyma_podzolica;sh__SH0193259.10FU,jrk07761,Basidiomycota,Tremellomycetes,Tremellales,Trimorphomycetaceae,,soil_saprotroph,,,,,soil,,partly_aquatic,,,yeast,none,none,,,,
Ascomycota,Dothideomycetes,Mycosphaerellales,Teratosphaeriaceae,Devriesia,Devriesia_thermodurans;sh__SH0072138.10FU,jrk02515,Ascomycota,Dothideomycetes,Capnodiales,Teratosphaeriaceae,,plant_pathogen,litter_saprotroph,,,leaf/fruit/seed_pathogen,leaf/fruit/seed,,non-aquatic,,,filamentous_mycelium,"perithecium_(hymenium_hidden,_narrow_opening)",closed,,,,
NA,NA,NA,NA,NA,NA,NA,NA,NA,NA,NA,NA,NA,NA,NA,NA,NA,NA,NA,NA,NA,NA,NA,NA,NA,NA,NA,NA,NA
Rozellomycota,Rozellomycota_cls_Incertae_sedis,Rozellomycota_ord_Incertae_sedis,Rozellomycota_fam_Incertae_sedis,Rozellomycota_gen_Incertae_sedis,Rozellomycota_sp;sh__SH0008295.10FU,NA,NA,NA,NA,NA,NA,NA,NA,NA,NA,NA,NA,NA,NA,NA,NA,NA,NA,NA,NA,NA,NA,NA
Rozellomycota,Rozellomycota_cls_Incertae_sedis,Rozellomycota_ord_Incertae_sedis,Rozellomycota_fam_Incertae_sedis,Rozellomycota_gen_Incertae_sedis,Rozellomycota_sp,NA,NA,NA,NA,NA,NA,NA,NA,NA,NA,NA,NA,NA,NA,NA,NA,NA,NA,NA,NA,NA,NA,NA
NA,NA,NA,NA,NA,NA,NA,NA,NA,NA,NA,NA,NA,NA,NA,NA,NA,NA,NA,NA,NA,NA,NA,NA,NA,NA,NA,NA,NA
Basidiomycota,Agaricomycetes,Sebacinales,Serendipitaceae,Serendipita,Serendipita_sp,jrk08004,Basidiomycota,Agaricomycetes,Sebacinales,Serendipitaceae,,root_endophyte,soil_saprotroph,ectomycorrhizal_1%_species/ericoid_mycorrhizal_many_species/orchid_mycorrhizal,root_endophyte,,soil,,non-aquatic,,,filamentous_mycelium,none,none,,,,
Rozellomycota,Rozellomycota_cls_Incertae_sedis,Rozellomycota_ord_Incertae_sedis,Rozellomycota_fam_Incertae_sedis,Rozellomycota_gen_Incertae_sedis,Rozellomycota_sp;sh__SH0151825.10FU,NA,NA,NA,NA,NA,NA,NA,NA,NA,NA,NA,NA,NA,NA,NA,NA,NA,NA,NA,NA,NA,NA,NA
Ascomycota,Dothideomycetes,Dothideomycetes_ord_Incertae_sedis,Dothideomycetes_fam_Incertae_sedis,Dothideomycetes_gen_Incertae_sedis,Dothideomycetes_sp;sh__SH0074838.10FU,NA,NA,NA,NA,NA,NA,NA,NA,NA,NA,NA,NA,NA,NA,NA,NA,NA,NA,NA,NA,NA,NA,NA
Basidiomycota,Agaricomycetes,Cantharellales,Cantharellaceae,Craterellus,Craterellus_tubaeformis;sh__SH0177957.10FU,jrk02134,Basidiomycota,Agaricomycetes,Cantharellales,Cantharellaceae,,ectomycorrhizal,,,,,,,non-aquatic,,,filamentous_mycelium,agaricoid,gills,short-distance_delicate,/cantharellus,,
Basidiomycota,Agaricomycetes,Boletales,Coniophoraceae,Coniophora,Coniophora_arida;sh__SH0101207.10FU,jrk02014,Basidiomycota,Agaricomycetes,Boletales,Coniophoraceae,,wood_saprotroph,,,,,wood,brown_rot,non-aquatic,,,filamentous_mycelium,corticioid,smooth,,,,
Basidiomycota,Agaricomycetes,Thelephorales,Thelephoraceae,Tomentella,Tomentella_sp;sh__SH0127478.10FU,jrk08875,Basidiomycota,Agaricomycetes,Thelephorales,Thelephoraceae,,ectomycorrhizal,,,,,,,non-aquatic,,,filamentous_mycelium,corticioid,smooth,medium-distance_smooth,/tomentella-thelephora,,
Chytridiomycota,Chytridiomycota_cls_Incertae_sedis,Chytridiomycota_ord_Incertae_sedis,Chytridiomycota_fam_Incertae_sedis,Chytridiomycota_gen_Incertae_sedis,Chytridiomycota_sp;sh__SH0119529.10FU,NA,NA,NA,NA,NA,NA,NA,NA,NA,NA,NA,NA,NA,NA,NA,NA,NA,NA,NA,NA,NA,NA,NA
Basidiomycota,Agaricomycetes,NA,NA,NA,NA,NA,NA,NA,NA,NA,NA,NA,NA,NA,NA,NA,NA,NA,NA,NA,NA,NA,NA,NA,NA,NA,NA,NA
Ascomycota,Dothideomycetes,Phaeothecales,Phaeothecaceae,Phaeotheca,Phaeotheca_fissurella;sh__SH0183712.10FU,jrk06440,Ascomycota,Dothideomycetes,Capnodiales,Phaeothecaceae,,plant_pathogen,litter_saprotroph,,,leaf/fruit/seed_pathogen,leaf/fruit/seed,,partly_aquatic,,,filamentous_mycelium,"perithecium_(hymenium_hidden,_narrow_opening)",closed,,,,
Ascomycota,Leotiomycetes,Helotiales,Myxotrichaceae,Oidiodendron,NA,jrk05883,Ascomycota,Leotiomycetes,Helotiales,Amorphothecaceae,,soil_saprotroph,root_endophyte,ericoid_mycorrhizal_O._maius,root_endophyte,root-associated,soil,,partly_aquatic,,,filamentous_mycelium,none,,,,,
Ascomycota,Eurotiomycetes,Chaetothyriales,Chaetothyriales_fam_Incertae_sedis,Chaetothyriales_gen_Incertae_sedis,Chaetothyriales_sp;sh__SH0190073.10FU,NA,NA,NA,NA,NA,NA,NA,NA,NA,NA,NA,NA,NA,NA,NA,NA,NA,NA,NA,NA,NA,NA,NA
NA,NA,NA,NA,NA,NA,NA,NA,NA,NA,NA,NA,NA,NA,NA,NA,NA,NA,NA,NA,NA,NA,NA,NA,NA,NA,NA,NA,NA
NA,NA,NA,NA,NA,NA,NA,NA,NA,NA,NA,NA,NA,NA,NA,NA,NA,NA,NA,NA,NA,NA,NA,NA,NA,NA,NA,NA,NA
Ascomycota,Ascomycota_cls_Incertae_sedis,Ascomycota_ord_Incertae_sedis,Ascomycota_fam_Incertae_sedis,Ascomycota_gen_Incertae_sedis,Ascomycota_sp;sh__SH0117628.10FU,NA,NA,NA,NA,NA,NA,NA,NA,NA,NA,NA,NA,NA,NA,NA,NA,NA,NA,NA,NA,NA,NA,NA
Mucoromycota,Endogonomycetes,Endogonales,Endogonales_fam_Incertae_sedis,Endogonales_gen_Incertae_sedis,Endogonales_sp;sh__SH0132323.10FU,NA,NA,NA,NA,NA,NA,NA,NA,NA,NA,NA,NA,NA,NA,NA,NA,NA,NA,NA,NA,NA,NA,NA
Basidiomycota,Microbotryomycetes,Sporidiobolales,Sporidiobolaceae,Rhodotorula,Rhodotorula_sp;sh__SH0182299.10FU,jrk07587,Basidiomycota,Microbotryomycetes,Sporidiobolales,Sporidiobolaceae,,unspecified_saprotroph,foliar_endophyte,,foliar_endophyte,,,,partly_aquatic,opportunistic_human_parasite,,yeast,none,none,,,,
Ascomycota,Leotiomycetes,Helotiales,Hyaloscyphaceae,Hyaloscyphaceae_gen_Incertae_sedis,Hyaloscyphaceae_sp;sh__SH0110852.10FU,NA,NA,NA,NA,NA,NA,NA,NA,NA,NA,NA,NA,NA,NA,NA,NA,NA,NA,NA,NA,NA,NA,NA
Ascomycota,Pezizomycetes,Pezizales,Pyronemataceae,Genea,Genea_darii;sh__SH0083593.10FU,jrk03369,Ascomycota,Pezizomycetes,Pezizales,Pyronemataceae,,ectomycorrhizal,,,,,,,non-aquatic,,,filamentous_mycelium,gasteroid-hypogeous,closed,short-distance_coarse,/genea-humaria,,
Ascomycota,Leotiomycetes,Helotiales,Myxotrichaceae,Oidiodendron,NA,jrk05883,Ascomycota,Leotiomycetes,Helotiales,Amorphothecaceae,,soil_saprotroph,root_endophyte,ericoid_mycorrhizal_O._maius,root_endophyte,root-associated,soil,,partly_aquatic,,,filamentous_mycelium,none,,,,,
Basidiomycota,Tremellomycetes,Tremellales,NA,NA,NA,NA,NA,NA,NA,NA,NA,NA,NA,NA,NA,NA,NA,NA,NA,NA,NA,NA,NA,NA,NA,NA,NA,NA
Ascomycota,Eurotiomycetes,Chaetothyriales,Herpotrichiellaceae,Herpotrichiellaceae_gen_Incertae_sedis,Herpotrichiellaceae_sp;sh__SH0062097.10FU,NA,NA,NA,NA,NA,NA,NA,NA,NA,NA,NA,NA,NA,NA,NA,NA,NA,NA,NA,NA,NA,NA,NA
Ascomycota,Eurotiomycetes,Onygenales,Onygenaceae,Onygenaceae_gen_Incertae_sedis,Onygenaceae_sp;sh__SH0095124.10FU,NA,NA,NA,NA,NA,NA,NA,NA,NA,NA,NA,NA,NA,NA,NA,NA,NA,NA,NA,NA,NA,NA,NA
Ascomycota,Ascomycota_cls_Incertae_sedis,Ascomycota_ord_Incertae_sedis,Ascomycota_fam_Incertae_sedis,Ascomycota_gen_Incertae_sedis,Ascomycota_sp;sh__SH0178564.10FU,NA,NA,NA,NA,NA,NA,NA,NA,NA,NA,NA,NA,NA,NA,NA,NA,NA,NA,NA,NA,NA,NA,NA
Basidiomycota,Tremellomycetes,Cystofilobasidiales,Mrakiaceae,Krasilnikovozyma,Krasilnikovozyma_sp;sh__SH0048563.10FU,jrk04376,Basidiomycota,Tremellomycetes,Cystofilobasidiales,Mrakiaceae,,unspecified_saprotroph,,,,,,,non-aquatic,,,dimorphic_yeast,none,none,,,,
Rozellomycota,Rozellomycota_cls_Incertae_sedis,Rozellomycota_ord_Incertae_sedis,Rozellomycota_fam_Incertae_sedis,Rozellomycota_gen_Incertae_sedis,Rozellomycota_sp;sh__SH0008295.10FU,NA,NA,NA,NA,NA,NA,NA,NA,NA,NA,NA,NA,NA,NA,NA,NA,NA,NA,NA,NA,NA,NA,NA
Mucoromycota,Endogonomycetes,GS22,GS22_fam_Incertae_sedis,GS22_gen_Incertae_sedis,GS22_sp,NA,NA,NA,NA,NA,NA,NA,NA,NA,NA,NA,NA,NA,NA,NA,NA,NA,NA,NA,NA,NA,NA,NA
Basidiomycota,Agaricomycetes,Agaricales,Entolomataceae,Entoloma,Entoloma_tigrinum;sh__SH0081343.10FU,jrk02963,Basidiomycota,Agaricomycetes,Agaricales,Entolomataceae,,soil_saprotroph,unspecified_symbiotroph,"CHEGD_symbiotrophs,ectomycorrhizal_ca_10%_of_species",root-associated,root-associated,"roots,soil",,non-aquatic,,,filamentous_mycelium,agaricoid,gills,medium-distance_smooth,/entoloma,,
Basidiomycota,Agaricomycetes,Agaricales,Clavariaceae,Clavulinopsis,Clavulinopsis_sp;sh__SH0142311.10FU,jrk01853,Basidiomycota,Agaricomycetes,Agaricales,Clavariaceae,,soil_saprotroph,unspecified_symbiotroph,CHEGD_symbiotrophs,root-associated,root-associated,"roots,soil",,non-aquatic,,,filamentous_mycelium,clavarioid,smooth,,,,
Ascomycota,Leotiomycetes,Helotiales,Helotiales_fam_Incertae_sedis,Helotiales_gen_Incertae_sedis,Helotiales_sp,NA,NA,NA,NA,NA,NA,NA,NA,NA,NA,NA,NA,NA,NA,NA,NA,NA,NA,NA,NA,NA,NA,NA
Ascomycota,Ascomycota_cls_Incertae_sedis,Ascomycota_ord_Incertae_sedis,Ascomycota_fam_Incertae_sedis,Ascomycota_gen_Incertae_sedis,Ascomycota_sp;sh__SH0154788.10FU,NA,NA,NA,NA,NA,NA,NA,NA,NA,NA,NA,NA,NA,NA,NA,NA,NA,NA,NA,NA,NA,NA,NA
Ascomycota,Eurotiomycetes,Chaetothyriales,Chaetothyriales_fam_Incertae_sedis,Chaetothyriales_gen_Incertae_sedis,Chaetothyriales_sp;sh__SH0069763.10FU,NA,NA,NA,NA,NA,NA,NA,NA,NA,NA,NA,NA,NA,NA,NA,NA,NA,NA,NA,NA,NA,NA,NA
Mucoromycota,Endogonomycetes,GS21,GS21_fam_Incertae_sedis,GS21_gen_Incertae_sedis,GS21_sp;sh__SH0195572.10FU,NA,NA,NA,NA,NA,NA,NA,NA,NA,NA,NA,NA,NA,NA,NA,NA,NA,NA,NA,NA,NA,NA,NA
Ascomycota,Ascomycota_cls_Incertae_sedis,Ascomycota_ord_Incertae_sedis,Ascomycota_fam_Incertae_sedis,Ascomycota_gen_Incertae_sedis,Ascomycota_sp;sh__SH0008341.10FU,NA,NA,NA,NA,NA,NA,NA,NA,NA,NA,NA,NA,NA,NA,NA,NA,NA,NA,NA,NA,NA,NA,NA
Ascomycota,Leotiomycetes,NA,NA,NA,NA,NA,NA,NA,NA,NA,NA,NA,NA,NA,NA,NA,NA,NA,NA,NA,NA,NA,NA,NA,NA,NA,NA,NA
Ascomycota,Leotiomycetes,Helotiales,Helotiales_fam_Incertae_sedis,Helotiales_gen_Incertae_sedis,Helotiales_sp;sh__SH0110779.10FU,NA,NA,NA,NA,NA,NA,NA,NA,NA,NA,NA,NA,NA,NA,NA,NA,NA,NA,NA,NA,NA,NA,NA
Ascomycota,Dothideomycetes,Capnodiales,Capnodiales_fam_Incertae_sedis,Capnodiales_gen_Incertae_sedis,Capnodiales_sp;sh__SH0100675.10FU,NA,NA,NA,NA,NA,NA,NA,NA,NA,NA,NA,NA,NA,NA,NA,NA,NA,NA,NA,NA,NA,NA,NA
Ascomycota,Dothideomycetes,Mycosphaerellales,Mycosphaerellaceae,Geastrumia,Geastrumia_polystigmatis;sh__SH0150983.10FU,jrk09674,Ascomycota,Dothideomycetes,Capnodiales,Mycosphaerellaceae,,plant_pathogen,,,,leaf/fruit/seed_pathogen,,,non-aquatic,,,filamentous_mycelium,"perithecium_(hymenium_hidden,_narrow_opening)",closed,,,,
Ascomycota,Sordariomycetes,Sordariomycetes_ord_Incertae_sedis,Sordariomycetes_fam_Incertae_sedis,Sordariomycetes_gen_Incertae_sedis,Sordariomycetes_sp;sh__SH0171420.10FU,NA,NA,NA,NA,NA,NA,NA,NA,NA,NA,NA,NA,NA,NA,NA,NA,NA,NA,NA,NA,NA,NA,NA
Ascomycota,Archaeorhizomycetes,Archaeorhizomycetales,NA,NA,NA,NA,NA,NA,NA,NA,NA,NA,NA,NA,NA,NA,NA,NA,NA,NA,NA,NA,NA,NA,NA,NA,NA,NA
Ascomycota,Leotiomycetes,Helotiales,Myxotrichaceae,Oidiodendron,Oidiodendron_tenuissimum;sh__SH0144706.10FU,jrk05883,Ascomycota,Leotiomycetes,Helotiales,Amorphothecaceae,,soil_saprotroph,root_endophyte,ericoid_mycorrhizal_O._maius,root_endophyte,root-associated,soil,,partly_aquatic,,,filamentous_mycelium,none,,,,,
Ascomycota,Dothideomycetes,Pleosporales,Didymosphaeriaceae,Paraphaeosphaeria,NA,jrk06145,Ascomycota,Dothideomycetes,Pleosporales,Didymosphaeriaceae,,wood_saprotroph,,,no_endophytic_capacity,,wood,,partly_aquatic,,,filamentous_mycelium,"perithecium_(hymenium_hidden,_narrow_opening)",closed,,,,
Ascomycota,Leotiomycetes,Helotiales,Helotiales_fam_Incertae_sedis,Helotiales_gen_Incertae_sedis,Helotiales_sp;sh__SH0003954.10FU,NA,NA,NA,NA,NA,NA,NA,NA,NA,NA,NA,NA,NA,NA,NA,NA,NA,NA,NA,NA,NA,NA,NA
Ascomycota,Dothideomycetes,Mycosphaerellales,Extremaceae,Extremopsis,Extremopsis_radicicola;sh__SH0169261.10FU,NA,NA,NA,NA,NA,NA,NA,NA,NA,NA,NA,NA,NA,NA,NA,NA,NA,NA,NA,NA,NA,NA,NA
Ascomycota,Leotiomycetes,Helotiales,Myxotrichaceae,Oidiodendron,NA,jrk05883,Ascomycota,Leotiomycetes,Helotiales,Amorphothecaceae,,soil_saprotroph,root_endophyte,ericoid_mycorrhizal_O._maius,root_endophyte,root-associated,soil,,partly_aquatic,,,filamentous_mycelium,none,,,,,
NA,NA,NA,NA,NA,NA,NA,NA,NA,NA,NA,NA,NA,NA,NA,NA,NA,NA,NA,NA,NA,NA,NA,NA,NA,NA,NA,NA,NA
Basidiomycota,Agaricomycetes,Agaricales,Clavariaceae,Camarophyllopsis,Camarophyllopsis_sp,jrk01362,Basidiomycota,Agaricomycetes,Agaricales,Clavariaceae,,soil_saprotroph,unspecified_symbiotroph,CHEGD_symbiotrophs,root-associated,root-associated,"roots,soil",,non-aquatic,,,filamentous_mycelium,agaricoid,gills,,,,
Basidiomycota,Agaricomycetes,Agaricales,Cortinariaceae,Cortinarius,Cortinarius_nigrocuspidatus;sh__SH0171235.10FU,jrk02100,Basidiomycota,Agaricomycetes,Agaricales,Cortinariaceae,,ectomycorrhizal,,,,,,,non-aquatic,,,filamentous_mycelium,agaricoid,gills,medium-distance_fringe,/cortinarius,,
Basidiomycota,Agaricomycetes,NA,NA,NA,NA,NA,NA,NA,NA,NA,NA,NA,NA,NA,NA,NA,NA,NA,NA,NA,NA,NA,NA,NA,NA,NA,NA,NA
Rozellomycota,Rozellomycota_cls_Incertae_sedis,Rozellomycota_ord_Incertae_sedis,Rozellomycota_fam_Incertae_sedis,Rozellomycota_gen_Incertae_sedis,Rozellomycota_sp,NA,NA,NA,NA,NA,NA,NA,NA,NA,NA,NA,NA,NA,NA,NA,NA,NA,NA,NA,NA,NA,NA,NA
Ascomycota,Leotiomycetes,Leotiales,Tympanidaceae,Tympanidaceae_gen_Incertae_sedis,Tympanidaceae_sp,NA,NA,NA,NA,NA,NA,NA,NA,NA,NA,NA,NA,NA,NA,NA,NA,NA,NA,NA,NA,NA,NA,NA
Mortierellomycota,Mortierellomycetes,Mortierellales,Mortierellaceae,NA,NA,NA,NA,NA,NA,NA,NA,NA,NA,NA,NA,NA,NA,NA,NA,NA,NA,NA,NA,NA,NA,NA,NA,NA
Ascomycota,Leotiomycetes,Helotiales,Helotiales_fam_Incertae_sedis,Helotiales_gen_Incertae_sedis,Helotiales_sp;sh__SH0008507.10FU,NA,NA,NA,NA,NA,NA,NA,NA,NA,NA,NA,NA,NA,NA,NA,NA,NA,NA,NA,NA,NA,NA,NA
Basidiomycota,Agaricomycetes,Agaricales,Clavariaceae,Clavaria,Clavaria_sp;sh__SH0173689.10FU,jrk01836,Basidiomycota,Agaricomycetes,Agaricales,Clavariaceae,,soil_saprotroph,unspecified_symbiotroph,CHEGD_symbiotrophs,root-associated,root-associated,"roots,soil",,non-aquatic,,,filamentous_mycelium,clavarioid,smooth,,,,
Basidiomycota,Agaricomycetes,NA,NA,NA,NA,NA,NA,NA,NA,NA,NA,NA,NA,NA,NA,NA,NA,NA,NA,NA,NA,NA,NA,NA,NA,NA,NA,NA
Ascomycota,Leotiomycetes,NA,NA,NA,NA,NA,NA,NA,NA,NA,NA,NA,NA,NA,NA,NA,NA,NA,NA,NA,NA,NA,NA,NA,NA,NA,NA,NA
Entorrhizomycota,Entorrhizomycetes,Entorrhizales,Entorrhizaceae,Entorrhiza,Entorrhiza_sp;sh__SH0004983.10FU,jrk09729,Entorrhizomycota,Entorrhizomycetes,Entorrhizales,Entorrhizaceae,,plant_pathogen,root-associated,root_gall_forming,,root_pathogen,,,partly_freshwater_(partly_non-aquatic),,"Juncaceae,Cyperaceae",filamentous_mycelium,smut,other,,,,
Ascomycota,Eurotiomycetes,Chaetothyriales,Herpotrichiellaceae,Herpotrichiellaceae_gen_Incertae_sedis,Herpotrichiellaceae_sp,NA,NA,NA,NA,NA,NA,NA,NA,NA,NA,NA,NA,NA,NA,NA,NA,NA,NA,NA,NA,NA,NA,NA
Ascomycota,Leotiomycetes,Helotiales,Myxotrichaceae,Oidiodendron,NA,jrk05883,Ascomycota,Leotiomycetes,Helotiales,Amorphothecaceae,,soil_saprotroph,root_endophyte,ericoid_mycorrhizal_O._maius,root_endophyte,root-associated,soil,,partly_aquatic,,,filamentous_mycelium,none,,,,,
NA,NA,NA,NA,NA,NA,NA,NA,NA,NA,NA,NA,NA,NA,NA,NA,NA,NA,NA,NA,NA,NA,NA,NA,NA,NA,NA,NA,NA
Basidiomycota,Agaricomycetes,Trechisporales,Hydnodontaceae,Trechispora,NA,jrk08926,Basidiomycota,Agaricomycetes,Trechisporales,Hydnodontaceae,,wood_saprotroph,,,,,wood,white_rot,non-aquatic,,,filamentous_mycelium,corticioid,poroid,,,,
Ascomycota,Leotiomycetes,Helotiales,Myxotrichaceae,Oidiodendron,NA,jrk05883,Ascomycota,Leotiomycetes,Helotiales,Amorphothecaceae,,soil_saprotroph,root_endophyte,ericoid_mycorrhizal_O._maius,root_endophyte,root-associated,soil,,partly_aquatic,,,filamentous_mycelium,none,,,,,
Basidiomycota,Agaricomycetes,Sebacinales,Serendipitaceae,Serendipita,Serendipita_sp,jrk08004,Basidiomycota,Agaricomycetes,Sebacinales,Serendipitaceae,,root_endophyte,soil_saprotroph,ectomycorrhizal_1%_species/ericoid_mycorrhizal_many_species/orchid_mycorrhizal,root_endophyte,,soil,,non-aquatic,,,filamentous_mycelium,none,none,,,,
Basidiomycota,Agaricomycetes,Hymenochaetales,Hymenochaetales_fam_Incertae_sedis,Hymenochaetales_gen_Incertae_sedis,Hymenochaetales_sp;sh__SH0088168.10FU,NA,NA,NA,NA,NA,NA,NA,NA,NA,NA,NA,NA,NA,NA,NA,NA,NA,NA,NA,NA,NA,NA,NA
Ascomycota,Sordariomycetes,Sordariomycetes_ord_Incertae_sedis,Sordariomycetes_fam_Incertae_sedis,Sordariomycetes_gen_Incertae_sedis,Sordariomycetes_sp;sh__SH0070113.10FU,NA,NA,NA,NA,NA,NA,NA,NA,NA,NA,NA,NA,NA,NA,NA,NA,NA,NA,NA,NA,NA,NA,NA
Ascomycota,NA,NA,NA,NA,NA,NA,NA,NA,NA,NA,NA,NA,NA,NA,NA,NA,NA,NA,NA,NA,NA,NA,NA,NA,NA,NA,NA,NA
Ascomycota,Leotiomycetes,Helotiales,Helotiales_fam_Incertae_sedis,Leohumicola,Leohumicola_sp,jrk04577,Ascomycota,Leotiomycetes,Helotiales,Helotiales family incertae sedis,,soil_saprotroph,ericoid_mycorrhizal,,root_endophyte_dark_septate,root-associated,"soil,roots",,non-aquatic,,,filamentous_mycelium,none,none,,,,
Ascomycota,Dothideomycetes,Mycosphaerellales,Teratosphaeriaceae,Constantinomyces,Constantinomyces_oldenburgensis;sh__SH0139558.10FU,jrk02035,Ascomycota,Dothideomycetes,Capnodiales,Teratosphaeriaceae,,unspecified_saprotroph,rock-inhabiting,,,,soil,,non-aquatic,,,filamentous_mycelium,"perithecium_(hymenium_hidden,_narrow_opening)",closed,,,,
Ascomycota,Leotiomycetes,Helotiales,Helotiales_fam_Incertae_sedis,Helotiales_gen_Incertae_sedis,Helotiales_sp;sh__SH0004196.10FU,NA,NA,NA,NA,NA,NA,NA,NA,NA,NA,NA,NA,NA,NA,NA,NA,NA,NA,NA,NA,NA,NA,NA
Basidiomycota,Tremellomycetes,Tremellales,NA,NA,NA,NA,NA,NA,NA,NA,NA,NA,NA,NA,NA,NA,NA,NA,NA,NA,NA,NA,NA,NA,NA,NA,NA,NA
Ascomycota,Lecanoromycetes,NA,NA,NA,NA,NA,NA,NA,NA,NA,NA,NA,NA,NA,NA,NA,NA,NA,NA,NA,NA,NA,NA,NA,NA,NA,NA,NA
Basidiomycota,Agaricomycetes,Boletales,Suillaceae,Suillus,Suillus_bellinii;sh__SH0145057.10FU,jrk08511,Basidiomycota,Agaricomycetes,Boletales,Suillaceae,,ectomycorrhizal,,,,,,,non-aquatic,,Pinaceae,filamentous_mycelium,agaricoid,poroid,long-distance,/suillus-rhizopogon,,
Ascomycota,NA,NA,NA,NA,NA,NA,NA,NA,NA,NA,NA,NA,NA,NA,NA,NA,NA,NA,NA,NA,NA,NA,NA,NA,NA,NA,NA,NA
Ascomycota,Leotiomycetes,Helotiales,Myxotrichaceae,Oidiodendron,NA,jrk05883,Ascomycota,Leotiomycetes,Helotiales,Amorphothecaceae,,soil_saprotroph,root_endophyte,ericoid_mycorrhizal_O._maius,root_endophyte,root-associated,soil,,partly_aquatic,,,filamentous_mycelium,none,,,,,
Basidiomycota,Microbotryomycetes,NA,NA,NA,NA,NA,NA,NA,NA,NA,NA,NA,NA,NA,NA,NA,NA,NA,NA,NA,NA,NA,NA,NA,NA,NA,NA,NA
Basidiomycota,Agaricomycetes,Cantharellales,Hydnaceae,Sistotrema,Sistotrema_sp;sh__SH0153818.10FU,jrk08105,Basidiomycota,Agaricomycetes,Cantharellales,Cantharellales family incertae sedis,,litter_saprotroph,,ectomycorrhizal_many_species,,,leaf/fruit/seed,,non-aquatic,,,filamentous_mycelium,corticioid,smooth,medium-distance_fringe,/cantharellus,,
Monoblepharomycota,Monoblepharidomycetes,Monoblepharidales,Monoblepharidales_fam_Incertae_sedis,Monoblepharidales_gen_Incertae_sedis,Monoblepharidales_sp;sh__SH0089413.10FU,NA,NA,NA,NA,NA,NA,NA,NA,NA,NA,NA,NA,NA,NA,NA,NA,NA,NA,NA,NA,NA,NA,NA
Ascomycota,Eurotiomycetes,Chaetothyriales,NA,NA,NA,NA,NA,NA,NA,NA,NA,NA,NA,NA,NA,NA,NA,NA,NA,NA,NA,NA,NA,NA,NA,NA,NA,NA
Basidiomycota,Agaricomycetes,Agaricales,Entolomataceae,Entoloma,NA,jrk02963,Basidiomycota,Agaricomycetes,Agaricales,Entolomataceae,,soil_saprotroph,unspecified_symbiotroph,"CHEGD_symbiotrophs,ectomycorrhizal_ca_10%_of_species",root-associated,root-associated,"roots,soil",,non-aquatic,,,filamentous_mycelium,agaricoid,gills,medium-distance_smooth,/entoloma,,
Rozellomycota,Rozellomycota_cls_Incertae_sedis,Rozellomycota_ord_Incertae_sedis,Rozellomycota_fam_Incertae_sedis,Rozellomycota_gen_Incertae_sedis,Rozellomycota_sp;sh__SH0191141.10FU,NA,NA,NA,NA,NA,NA,NA,NA,NA,NA,NA,NA,NA,NA,NA,NA,NA,NA,NA,NA,NA,NA,NA
Basidiomycota,GS27,GS27_ord_Incertae_sedis,GS27_ord_Incertae_sedis_fam_Incertae_sedis,GS27_ord_Incertae_sedis_gen_Incertae_sedis,GS27_ord_Incertae_sedis_sp;sh__SH0149983.10FU,NA,NA,NA,NA,NA,NA,NA,NA,NA,NA,NA,NA,NA,NA,NA,NA,NA,NA,NA,NA,NA,NA,NA
Ascomycota,Leotiomycetes,Helotiales,NA,NA,NA,NA,NA,NA,NA,NA,NA,NA,NA,NA,NA,NA,NA,NA,NA,NA,NA,NA,NA,NA,NA,NA,NA,NA
Ascomycota,Archaeorhizomycetes,Archaeorhizomycetales,Archaeorhizomycetaceae,Archaeorhizomyces,Archaeorhizomyces_sp;sh__SH0131774.10FU,jrk00567,Ascomycota,Archaeorhizomycetes,Archaeorhizomycetales,Archaeorhizomycetaceae,,soil_saprotroph,root-associated,,root-associated,root-associated,"roots,soil",,non-aquatic,,,filamentous_mycelium,none,none,,,,
Mortierellomycota,Mortierellomycetes,Mortierellales,Mortierellaceae,Podila,Podila_humilis;sh__SH0097986.10FU,NA,NA,NA,NA,NA,NA,NA,NA,NA,NA,NA,NA,NA,NA,NA,NA,NA,NA,NA,NA,NA,NA,NA
Basidiomycota,Agaricomycetes,Auriculariales,Hyaloriaceae,Hyaloriaceae_gen_Incertae_sedis,Hyaloriaceae_sp;sh__SH0013649.10FU,NA,NA,NA,NA,NA,NA,NA,NA,NA,NA,NA,NA,NA,NA,NA,NA,NA,NA,NA,NA,NA,NA,NA
NA,NA,NA,NA,NA,NA,NA,NA,NA,NA,NA,NA,NA,NA,NA,NA,NA,NA,NA,NA,NA,NA,NA,NA,NA,NA,NA,NA,NA
Ascomycota,Saccharomycetes,Saccharomycetales,Saccharomycetales_fam_Incertae_sedis,Saccharomycetales_gen_Incertae_sedis,Saccharomycetales_sp;sh__SH0006893.10FU,NA,NA,NA,NA,NA,NA,NA,NA,NA,NA,NA,NA,NA,NA,NA,NA,NA,NA,NA,NA,NA,NA,NA
Ascomycota,Leotiomycetes,Helotiales,Myxotrichaceae,Oidiodendron,Oidiodendron_tenuissimum;sh__SH0144706.10FU,jrk05883,Ascomycota,Leotiomycetes,Helotiales,Amorphothecaceae,,soil_saprotroph,root_endophyte,ericoid_mycorrhizal_O._maius,root_endophyte,root-associated,soil,,partly_aquatic,,,filamentous_mycelium,none,,,,,
Ascomycota,NA,NA,NA,NA,NA,NA,NA,NA,NA,NA,NA,NA,NA,NA,NA,NA,NA,NA,NA,NA,NA,NA,NA,NA,NA,NA,NA,NA
Ascomycota,Leotiomycetes,Leotiales,Leotiales_fam_Incertae_sedis,Leotiales_gen_Incertae_sedis,Leotiales_sp;sh__SH0006444.10FU,NA,NA,NA,NA,NA,NA,NA,NA,NA,NA,NA,NA,NA,NA,NA,NA,NA,NA,NA,NA,NA,NA,NA
Ascomycota,Lecanoromycetes,NA,NA,NA,NA,NA,NA,NA,NA,NA,NA,NA,NA,NA,NA,NA,NA,NA,NA,NA,NA,NA,NA,NA,NA,NA,NA,NA
Mucoromycota,Endogonomycetes,GS21,GS21_fam_Incertae_sedis,GS21_gen_Incertae_sedis,GS21_sp;sh__SH0195568.10FU,NA,NA,NA,NA,NA,NA,NA,NA,NA,NA,NA,NA,NA,NA,NA,NA,NA,NA,NA,NA,NA,NA,NA
Basidiomycota,Agaricomycetes,NA,NA,NA,NA,NA,NA,NA,NA,NA,NA,NA,NA,NA,NA,NA,NA,NA,NA,NA,NA,NA,NA,NA,NA,NA,NA,NA
Basidiomycota,Agaricomycetes,Agaricales,Clavariaceae,Clavulinopsis,Clavulinopsis_sp;sh__SH0054115.10FU,jrk01853,Basidiomycota,Agaricomycetes,Agaricales,Clavariaceae,,soil_saprotroph,unspecified_symbiotroph,CHEGD_symbiotrophs,root-associated,root-associated,"roots,soil",,non-aquatic,,,filamentous_mycelium,clavarioid,smooth,,,,
Basidiomycota,Agaricomycetes,Agaricales,Cortinariaceae,Thaxterogaster,Thaxterogaster_variegatus;sh__SH0183164.10FU,jrk09541,Basidiomycota,Agaricomycetes,Agaricales,Cortinariaceae,,ectomycorrhizal,,,,,,,non-aquatic,,,filamentous_mycelium,gasteroid-hypogeous,closed,medium-distance_fringe,/cortinarius,,
Ascomycota,Eurotiomycetes,Chaetothyriales,NA,NA,NA,NA,NA,NA,NA,NA,NA,NA,NA,NA,NA,NA,NA,NA,NA,NA,NA,NA,NA,NA,NA,NA,NA,NA
Ascomycota,Leotiomycetes,Helotiales,Myxotrichaceae,Oidiodendron,NA,jrk05883,Ascomycota,Leotiomycetes,Helotiales,Amorphothecaceae,,soil_saprotroph,root_endophyte,ericoid_mycorrhizal_O._maius,root_endophyte,root-associated,soil,,partly_aquatic,,,filamentous_mycelium,none,,,,,
Basidiomycota,Basidiomycota_cls_Incertae_sedis,Basidiomycota_ord_Incertae_sedis,Basidiomycota_fam_Incertae_sedis,Basidiomycota_gen_Incertae_sedis,Basidiomycota_sp;sh__SH0117949.10FU,NA,NA,NA,NA,NA,NA,NA,NA,NA,NA,NA,NA,NA,NA,NA,NA,NA,NA,NA,NA,NA,NA,NA
Mortierellomycota,Mortierellomycetes,Mortierellales,Mortierellaceae,Tyroliella,Tyroliella_animi-liberi;sh__SH0146091.10FU,NA,NA,NA,NA,NA,NA,NA,NA,NA,NA,NA,NA,NA,NA,NA,NA,NA,NA,NA,NA,NA,NA,NA
Rozellomycota,Rozellomycota_cls_Incertae_sedis,Rozellomycota_ord_Incertae_sedis,Rozellomycota_fam_Incertae_sedis,Rozellomycota_gen_Incertae_sedis,Rozellomycota_sp;sh__SH0151825.10FU,NA,NA,NA,NA,NA,NA,NA,NA,NA,NA,NA,NA,NA,NA,NA,NA,NA,NA,NA,NA,NA,NA,NA
Ascomycota,Sordariomycetes,Hypocreales,NA,NA,NA,NA,NA,NA,NA,NA,NA,NA,NA,NA,NA,NA,NA,NA,NA,NA,NA,NA,NA,NA,NA,NA,NA,NA
Basidiomycota,Agaricomycetes,Agaricales,Entolomataceae,Entoloma,Entoloma_praecipuum;sh__SH0009004.10FU,jrk02963,Basidiomycota,Agaricomycetes,Agaricales,Entolomataceae,,soil_saprotroph,unspecified_symbiotroph,"CHEGD_symbiotrophs,ectomycorrhizal_ca_10%_of_species",root-associated,root-associated,"roots,soil",,non-aquatic,,,filamentous_mycelium,agaricoid,gills,medium-distance_smooth,/entoloma,,
Basidiomycota,Basidiomycota_cls_Incertae_sedis,Basidiomycota_ord_Incertae_sedis,Basidiomycota_fam_Incertae_sedis,Basidiomycota_gen_Incertae_sedis,Basidiomycota_sp;sh__SH0117986.10FU,NA,NA,NA,NA,NA,NA,NA,NA,NA,NA,NA,NA,NA,NA,NA,NA,NA,NA,NA,NA,NA,NA,NA
Ascomycota,Dothideomycetes,Dothideomycetes_ord_Incertae_sedis,Dothideomycetes_fam_Incertae_sedis,Dothideomycetes_gen_Incertae_sedis,Dothideomycetes_sp,NA,NA,NA,NA,NA,NA,NA,NA,NA,NA,NA,NA,NA,NA,NA,NA,NA,NA,NA,NA,NA,NA,NA
Basidiomycota,Basidiomycota_cls_Incertae_sedis,Basidiomycota_ord_Incertae_sedis,Basidiomycota_fam_Incertae_sedis,Basidiomycota_gen_Incertae_sedis,Basidiomycota_sp;sh__SH0192835.10FU,NA,NA,NA,NA,NA,NA,NA,NA,NA,NA,NA,NA,NA,NA,NA,NA,NA,NA,NA,NA,NA,NA,NA
Basidiomycota,Agaricomycetes,Auriculariales,Auriculariales_fam_Incertae_sedis,Auriculariales_gen_Incertae_sedis,Auriculariales_sp;sh__SH0161591.10FU,NA,NA,NA,NA,NA,NA,NA,NA,NA,NA,NA,NA,NA,NA,NA,NA,NA,NA,NA,NA,NA,NA,NA
Ascomycota,Archaeorhizomycetes,Archaeorhizomycetales,Archaeorhizomycetaceae,Archaeorhizomyces,Archaeorhizomyces_sp;sh__SH0131768.10FU,jrk00567,Ascomycota,Archaeorhizomycetes,Archaeorhizomycetales,Archaeorhizomycetaceae,,soil_saprotroph,root-associated,,root-associated,root-associated,"roots,soil",,non-aquatic,,,filamentous_mycelium,none,none,,,,
Basidiomycota,Agaricomycetes,Agaricales,Cortinariaceae,Cortinarius,Cortinarius_emunctus;sh__SH0120330.10FU,jrk02100,Basidiomycota,Agaricomycetes,Agaricales,Cortinariaceae,,ectomycorrhizal,,,,,,,non-aquatic,,,filamentous_mycelium,agaricoid,gills,medium-distance_fringe,/cortinarius,,
Ascomycota,Leotiomycetes,Helotiales,Helotiales_fam_Incertae_sedis,Helotiales_gen_Incertae_sedis,Helotiales_sp,NA,NA,NA,NA,NA,NA,NA,NA,NA,NA,NA,NA,NA,NA,NA,NA,NA,NA,NA,NA,NA,NA,NA
Ascomycota,Dothideomycetes,Capnodiales,Capnodiales_fam_Incertae_sedis,Capnodiales_gen_Incertae_sedis,Capnodiales_sp,NA,NA,NA,NA,NA,NA,NA,NA,NA,NA,NA,NA,NA,NA,NA,NA,NA,NA,NA,NA,NA,NA,NA
Ascomycota,Leotiomycetes,Helotiales,Myxotrichaceae,Oidiodendron,NA,jrk05883,Ascomycota,Leotiomycetes,Helotiales,Amorphothecaceae,,soil_saprotroph,root_endophyte,ericoid_mycorrhizal_O._maius,root_endophyte,root-associated,soil,,partly_aquatic,,,filamentous_mycelium,none,,,,,
Ascomycota,Dothideomycetes,NA,NA,NA,NA,NA,NA,NA,NA,NA,NA,NA,NA,NA,NA,NA,NA,NA,NA,NA,NA,NA,NA,NA,NA,NA,NA,NA
Basidiomycota,Agaricomycetes,Agaricales,Entolomataceae,Entoloma,Entoloma_sp;sh__SH0071031.10FU,jrk02963,Basidiomycota,Agaricomycetes,Agaricales,Entolomataceae,,soil_saprotroph,unspecified_symbiotroph,"CHEGD_symbiotrophs,ectomycorrhizal_ca_10%_of_species",root-associated,root-associated,"roots,soil",,non-aquatic,,,filamentous_mycelium,agaricoid,gills,medium-distance_smooth,/entoloma,,
Basidiomycota,Agaricomycetes,NA,NA,NA,NA,NA,NA,NA,NA,NA,NA,NA,NA,NA,NA,NA,NA,NA,NA,NA,NA,NA,NA,NA,NA,NA,NA,NA
Basidiomycota,Agaricomycetes,Agaricales,Entolomataceae,Entoloma,Entoloma_cocles;sh__SH0017243.10FU,jrk02963,Basidiomycota,Agaricomycetes,Agaricales,Entolomataceae,,soil_saprotroph,unspecified_symbiotroph,"CHEGD_symbiotrophs,ectomycorrhizal_ca_10%_of_species",root-associated,root-associated,"roots,soil",,non-aquatic,,,filamentous_mycelium,agaricoid,gills,medium-distance_smooth,/entoloma,,
Chytridiomycota,Rhizophydiomycetes,Rhizophydiales,Rhizophydiaceae,Rhizophydium,NA,jrk07563,Chytridiomycota,Rhizophydiomycetes,Rhizophydiales,Rhizophydiaceae,,algal_parasite,litter_saprotroph,"hypervariable,_parasite_on_algae,protists,and_plants;_Saprobic_on_plant_and_animal_matter",,algal_parasite,"leaf/fruit/seed,algal_material,fungal_material,protist_material",keratinolytic,partly_freshwater_(partly_non-aquatic),,,zoosporic-rhizomycelial_(chytrid-like),zoosporangium,closed,,,,
Basidiomycota,Agaricomycetes,Agaricales,Entolomataceae,Entoloma,Entoloma_carneogriseum;sh__SH0161816.10FU,jrk02963,Basidiomycota,Agaricomycetes,Agaricales,Entolomataceae,,soil_saprotroph,unspecified_symbiotroph,"CHEGD_symbiotrophs,ectomycorrhizal_ca_10%_of_species",root-associated,root-associated,"roots,soil",,non-aquatic,,,filamentous_mycelium,agaricoid,gills,medium-distance_smooth,/entoloma,,
Basidiomycota,NA,NA,NA,NA,NA,NA,NA,NA,NA,NA,NA,NA,NA,NA,NA,NA,NA,NA,NA,NA,NA,NA,NA,NA,NA,NA,NA,NA
Ascomycota,Leotiomycetes,Helotiales,NA,NA,NA,NA,NA,NA,NA,NA,NA,NA,NA,NA,NA,NA,NA,NA,NA,NA,NA,NA,NA,NA,NA,NA,NA,NA
Ascomycota,Lecanoromycetes,Baeomycetales,Trapeliaceae,Placynthiella,Placynthiella_icmalea;sh__SH0130129.10FU,jrk06678,Ascomycota,Lecanoromycetes,Baeomycetales,Trapeliaceae,,lichenized,,,,,,,non-aquatic,,,thallus_photosynthetic,apothecium_(hymenium_on_surface),smooth,,,chlorococcoid,
Basidiomycota,Agaricomycetes,Polyporales,Hyphodermataceae,Hyphodermataceae_gen_Incertae_sedis,Hyphodermataceae_sp;sh__SH0142518.10FU,NA,NA,NA,NA,NA,NA,NA,NA,NA,NA,NA,NA,NA,NA,NA,NA,NA,NA,NA,NA,NA,NA,NA
Basidiomycota,Agaricomycetes,Agaricales,Entolomataceae,Clitopilus,Clitopilus_hobsonii;sh__SH0088247.10FU,jrk01875,Basidiomycota,Agaricomycetes,Agaricales,Entolomataceae,,litter_saprotroph,,mycoparasite_some_species,,,leaf/fruit/seed,,non-aquatic,,,filamentous_mycelium,agaricoid,gills,,,,
Ascomycota,Leotiomycetes,Helotiales,Myxotrichaceae,Oidiodendron,Oidiodendron_sp,jrk05883,Ascomycota,Leotiomycetes,Helotiales,Amorphothecaceae,,soil_saprotroph,root_endophyte,ericoid_mycorrhizal_O._maius,root_endophyte,root-associated,soil,,partly_aquatic,,,filamentous_mycelium,none,,,,,
Ascomycota,Leotiomycetes,Helotiales,Myxotrichaceae,Oidiodendron,Oidiodendron_tenuissimum;sh__SH0144706.10FU,jrk05883,Ascomycota,Leotiomycetes,Helotiales,Amorphothecaceae,,soil_saprotroph,root_endophyte,ericoid_mycorrhizal_O._maius,root_endophyte,root-associated,soil,,partly_aquatic,,,filamentous_mycelium,none,,,,,
NA,NA,NA,NA,NA,NA,NA,NA,NA,NA,NA,NA,NA,NA,NA,NA,NA,NA,NA,NA,NA,NA,NA,NA,NA,NA,NA,NA,NA
Basidiomycota,Agaricomycetes,Agaricomycetes_ord_Incertae_sedis,Agaricomycetes_fam_Incertae_sedis,Agaricomycetes_gen_Incertae_sedis,Agaricomycetes_sp;sh__SH0003463.10FU,NA,NA,NA,NA,NA,NA,NA,NA,NA,NA,NA,NA,NA,NA,NA,NA,NA,NA,NA,NA,NA,NA,NA
Rozellomycota,Rozellomycota_cls_Incertae_sedis,Rozellomycota_ord_Incertae_sedis,Rozellomycota_fam_Incertae_sedis,Rozellomycota_gen_Incertae_sedis,Rozellomycota_sp;sh__SH0009023.10FU,NA,NA,NA,NA,NA,NA,NA,NA,NA,NA,NA,NA,NA,NA,NA,NA,NA,NA,NA,NA,NA,NA,NA
Basidiomycota,Agaricomycetes,Agaricales,Hygrophoraceae,Hygrocybe,Hygrocybe_punicea;sh__SH0183912.10FU,jrk03999,Basidiomycota,Agaricomycetes,Agaricales,Hygrophoraceae,,soil_saprotroph,unspecified_symbiotroph,CHEGD_symbiotrophs,root-associated,root-associated,"roots,soil",,non-aquatic,,,filamentous_mycelium,agaricoid,gills,,,,
Rozellomycota,Rozellomycota_cls_Incertae_sedis,Rozellomycota_ord_Incertae_sedis,Rozellomycota_fam_Incertae_sedis,Rozellomycota_gen_Incertae_sedis,Rozellomycota_sp;sh__SH0124659.10FU,NA,NA,NA,NA,NA,NA,NA,NA,NA,NA,NA,NA,NA,NA,NA,NA,NA,NA,NA,NA,NA,NA,NA
Ascomycota,Leotiomycetes,Helotiales,Sclerotiniaceae,Botrytis,Botrytis_caroliniana;sh__SH0156815.10FU,jrk01136,Ascomycota,Leotiomycetes,Helotiales,Sclerotiniaceae,,plant_pathogen,litter_saprotroph,,,leaf/fruit/seed_pathogen,leaf/fruit/seed,,partly_aquatic,,,filamentous_mycelium,none,none,,,,
Ascomycota,Leotiomycetes,Helotiales,Myxotrichaceae,Oidiodendron,Oidiodendron_sp;sh__SH0144748.10FU,jrk05883,Ascomycota,Leotiomycetes,Helotiales,Amorphothecaceae,,soil_saprotroph,root_endophyte,ericoid_mycorrhizal_O._maius,root_endophyte,root-associated,soil,,partly_aquatic,,,filamentous_mycelium,none,,,,,
Ascomycota,Leotiomycetes,Helotiales,Helotiales_fam_Incertae_sedis,NA,NA,NA,NA,NA,NA,NA,NA,NA,NA,NA,NA,NA,NA,NA,NA,NA,NA,NA,NA,NA,NA,NA,NA,NA
Ascomycota,NA,NA,NA,NA,NA,NA,NA,NA,NA,NA,NA,NA,NA,NA,NA,NA,NA,NA,NA,NA,NA,NA,NA,NA,NA,NA,NA,NA
Ascomycota,Pezizomycetes,Pezizales,Pyronemataceae,Lamprospora,Lamprospora_campylopodis;sh__SH0017754.10FU,jrk04453,Ascomycota,Pezizomycetes,Pezizales,Pyronemataceae,,moss_symbiont,,,moss-associated,moss-associated,,,non-aquatic,,mosses,filamentous_mycelium,apothecium_(hymenium_on_surface),smooth,,,,
Basidiomycota,Agaricomycetes,Agaricales,Mycenaceae,Mycena,Mycena_sp;sh__SH0149117.10FU,jrk05357,Basidiomycota,Agaricomycetes,Agaricales,Mycenaceae,,litter_saprotroph,root-associated,wood_saprotroph_many_species,root-associated,leaf/fruit/seed_pathogen,leaf/fruit/seed,,non-aquatic,,,filamentous_mycelium,agaricoid,gills,,,,
Ascomycota,Leotiomycetes,Helotiales,Myxotrichaceae,Oidiodendron,NA,jrk05883,Ascomycota,Leotiomycetes,Helotiales,Amorphothecaceae,,soil_saprotroph,root_endophyte,ericoid_mycorrhizal_O._maius,root_endophyte,root-associated,soil,,partly_aquatic,,,filamentous_mycelium,none,,,,,
Ascomycota,Pezizomycotina_cls_Incertae_sedis,Pezizomycotina_ord_Incertae_sedis,Pezizomycotina_fam_Incertae_sedis,Pezizomycotina_gen_Incertae_sedis,Pezizomycotina_sp;sh__SH0117848.10FU,NA,NA,NA,NA,NA,NA,NA,NA,NA,NA,NA,NA,NA,NA,NA,NA,NA,NA,NA,NA,NA,NA,NA
Ascomycota,Leotiomycetes,Helotiales,Helotiaceae,Gloeotinia,Gloeotinia_sp;sh__SH0183053.10FU,jrk03461,Ascomycota,Leotiomycetes,Helotiales,Helotiaceae,,plant_pathogen,litter_saprotroph,,,leaf/fruit/seed_pathogen,leaf/fruit/seed,,non-aquatic,,,filamentous_mycelium,apothecium_(hymenium_on_surface),smooth,,,,
Basidiomycota,Agaricomycetes,NA,NA,NA,NA,NA,NA,NA,NA,NA,NA,NA,NA,NA,NA,NA,NA,NA,NA,NA,NA,NA,NA,NA,NA,NA,NA,NA
Ascomycota,Leotiomycetes,Helotiales,Helotiales_fam_Incertae_sedis,NA,NA,NA,NA,NA,NA,NA,NA,NA,NA,NA,NA,NA,NA,NA,NA,NA,NA,NA,NA,NA,NA,NA,NA,NA
NA,NA,NA,NA,NA,NA,NA,NA,NA,NA,NA,NA,NA,NA,NA,NA,NA,NA,NA,NA,NA,NA,NA,NA,NA,NA,NA,NA,NA
Basidiomycota,Agaricomycetes,Sebacinales,Serendipitaceae,Serendipita,Serendipita_sp;sh__SH0066920.10FU,jrk08004,Basidiomycota,Agaricomycetes,Sebacinales,Serendipitaceae,,root_endophyte,soil_saprotroph,ectomycorrhizal_1%_species/ericoid_mycorrhizal_many_species/orchid_mycorrhizal,root_endophyte,,soil,,non-aquatic,,,filamentous_mycelium,none,none,,,,
Ascomycota,Leotiomycetes,Leotiales,Tympanidaceae,Tympanidaceae_gen_Incertae_sedis,Tympanidaceae_sp;sh__SH0085753.10FU,NA,NA,NA,NA,NA,NA,NA,NA,NA,NA,NA,NA,NA,NA,NA,NA,NA,NA,NA,NA,NA,NA,NA
Chytridiomycota,Rhizophydiomycetes,Rhizophydiales,Rhizophydiales_fam_Incertae_sedis,Rhizophydiales_gen_Incertae_sedis,Rhizophydiales_sp;sh__SH0082505.10FU,NA,NA,NA,NA,NA,NA,NA,NA,NA,NA,NA,NA,NA,NA,NA,NA,NA,NA,NA,NA,NA,NA,NA
Rozellomycota,Rozellomycotina_cls_Incertae_sedis,GS08,GS08_fam_Incertae_sedis,GS08_gen_Incertae_sedis,GS08_sp,NA,NA,NA,NA,NA,NA,NA,NA,NA,NA,NA,NA,NA,NA,NA,NA,NA,NA,NA,NA,NA,NA,NA
Ascomycota,Leotiomycetes,Helotiales,Myxotrichaceae,Oidiodendron,Oidiodendron_majus;sh__SH0144659.10FU,jrk05883,Ascomycota,Leotiomycetes,Helotiales,Amorphothecaceae,,soil_saprotroph,root_endophyte,ericoid_mycorrhizal_O._maius,root_endophyte,root-associated,soil,,partly_aquatic,,,filamentous_mycelium,none,,,,,
Ascomycota,Leotiomycetes,Leotiales,Mniaeciaceae,Mniaecia,Mniaecia_gloeocapsae;sh__SH0013051.10FU,jrk05234,Ascomycota,Leotiomycetes,Leotiales,Mniaeciaceae,,plant_pathogen,bryophilous,,,leaf/fruit/seed_pathogen,leaf/fruit/seed,,non-aquatic,,mosses,filamentous_mycelium,apothecium_(hymenium_on_surface),smooth,,,,
Ascomycota,Leotiomycetes,Helotiales,Helotiales_fam_Incertae_sedis,Helotiales_gen_Incertae_sedis,Helotiales_sp;sh__SH0087876.10FU,NA,NA,NA,NA,NA,NA,NA,NA,NA,NA,NA,NA,NA,NA,NA,NA,NA,NA,NA,NA,NA,NA,NA
Mortierellomycota,Mortierellomycetes,Mortierellales,Mortierellaceae,NA,NA,NA,NA,NA,NA,NA,NA,NA,NA,NA,NA,NA,NA,NA,NA,NA,NA,NA,NA,NA,NA,NA,NA,NA
NA,NA,NA,NA,NA,NA,NA,NA,NA,NA,NA,NA,NA,NA,NA,NA,NA,NA,NA,NA,NA,NA,NA,NA,NA,NA,NA,NA,NA
NA,NA,NA,NA,NA,NA,NA,NA,NA,NA,NA,NA,NA,NA,NA,NA,NA,NA,NA,NA,NA,NA,NA,NA,NA,NA,NA,NA,NA
Basidiomycota,Agaricomycetes,Thelephorales,Thelephoraceae,Tomentella,Tomentella_sp;sh__SH0143276.10FU,jrk08875,Basidiomycota,Agaricomycetes,Thelephorales,Thelephoraceae,,ectomycorrhizal,,,,,,,non-aquatic,,,filamentous_mycelium,corticioid,smooth,medium-distance_smooth,/tomentella-thelephora,,
NA,NA,NA,NA,NA,NA,NA,NA,NA,NA,NA,NA,NA,NA,NA,NA,NA,NA,NA,NA,NA,NA,NA,NA,NA,NA,NA,NA,NA
Ascomycota,Leotiomycetes,Helotiales,Helotiales_fam_Incertae_sedis,Helotiales_gen_Incertae_sedis,Helotiales_sp;sh__SH0146599.10FU,NA,NA,NA,NA,NA,NA,NA,NA,NA,NA,NA,NA,NA,NA,NA,NA,NA,NA,NA,NA,NA,NA,NA
Basidiomycota,Agaricomycetes,Cantharellales,Ceratobasidiaceae,Ceratobasidiaceae_gen_Incertae_sedis,Ceratobasidiaceae_sp,NA,NA,NA,NA,NA,NA,NA,NA,NA,NA,NA,NA,NA,NA,NA,NA,NA,NA,NA,NA,NA,NA,NA
NA,NA,NA,NA,NA,NA,NA,NA,NA,NA,NA,NA,NA,NA,NA,NA,NA,NA,NA,NA,NA,NA,NA,NA,NA,NA,NA,NA,NA
Basidiomycota,Basidiomycota_cls_Incertae_sedis,Basidiomycota_ord_Incertae_sedis,Basidiomycota_fam_Incertae_sedis,Basidiomycota_gen_Incertae_sedis,Basidiomycota_sp;sh__SH0020368.10FU,NA,NA,NA,NA,NA,NA,NA,NA,NA,NA,NA,NA,NA,NA,NA,NA,NA,NA,NA,NA,NA,NA,NA
Basidiomycota,Agaricomycetes,Cantharellales,Ceratobasidiaceae,Ceratobasidium,Ceratobasidium_sp;sh__SH0161105.10FU,jrk01540,Basidiomycota,Agaricomycetes,Cantharellales,Ceratobasidiaceae,,plant_pathogen,litter_saprotroph,ectomycorrhizal_1%_of_species/Orchid_Mycorrhizal_most_species,,leaf/fruit/seed_pathogen,"leaf/fruit/seed,roots,soil",,non-aquatic,,,filamentous_mycelium,corticioid,smooth,,,,
Ascomycota,Dothideomycetes,Venturiales,Venturiaceae,Venturiaceae_gen_Incertae_sedis,Venturiaceae_sp;sh__SH0056845.10FU,NA,NA,NA,NA,NA,NA,NA,NA,NA,NA,NA,NA,NA,NA,NA,NA,NA,NA,NA,NA,NA,NA,NA
Ascomycota,Leotiomycetes,Leotiales,Tympanidaceae,Tympanidaceae_gen_Incertae_sedis,Tympanidaceae_sp,NA,NA,NA,NA,NA,NA,NA,NA,NA,NA,NA,NA,NA,NA,NA,NA,NA,NA,NA,NA,NA,NA,NA
NA,NA,NA,NA,NA,NA,NA,NA,NA,NA,NA,NA,NA,NA,NA,NA,NA,NA,NA,NA,NA,NA,NA,NA,NA,NA,NA,NA,NA
Mortierellomycota,Mortierellomycetes,Mortierellales,Mortierellaceae,Mortierellaceae_gen_Incertae_sedis,Mortierellaceae_sp;sh__SH0155172.10FU,NA,NA,NA,NA,NA,NA,NA,NA,NA,NA,NA,NA,NA,NA,NA,NA,NA,NA,NA,NA,NA,NA,NA
Ascomycota,Eurotiomycetes,Chaetothyriales,Chaetothyriales_fam_Incertae_sedis,Chaetothyriales_gen_Incertae_sedis,Chaetothyriales_sp;sh__SH0062121.10FU,NA,NA,NA,NA,NA,NA,NA,NA,NA,NA,NA,NA,NA,NA,NA,NA,NA,NA,NA,NA,NA,NA,NA
Ascomycota,Leotiomycetes,Helotiales,Discinellaceae,Discinellaceae_gen_Incertae_sedis,Discinellaceae_sp;sh__SH0008536.10FU,NA,NA,NA,NA,NA,NA,NA,NA,NA,NA,NA,NA,NA,NA,NA,NA,NA,NA,NA,NA,NA,NA,NA
Basidiomycota,Agaricomycetes,Russulales,Russulaceae,Russula,Russula_sp;sh__SH0143437.10FU,jrk07726,Basidiomycota,Agaricomycetes,Russulales,Russulaceae,,ectomycorrhizal,,,,,,,non-aquatic,,,filamentous_mycelium,agaricoid,gills,contact,/russula-lactarius,,
Basidiomycota,Agaricomycetes,Agaricales,Cortinariaceae,Cortinarius,Cortinarius_acutus;sh__SH0192288.10FU,jrk02100,Basidiomycota,Agaricomycetes,Agaricales,Cortinariaceae,,ectomycorrhizal,,,,,,,non-aquatic,,,filamentous_mycelium,agaricoid,gills,medium-distance_fringe,/cortinarius,,
Basidiomycota,Agaricomycetes,Cantharellales,Hydnaceae,Sistotrema,Sistotrema_sp;sh__SH0159355.10FU,jrk08105,Basidiomycota,Agaricomycetes,Cantharellales,Cantharellales family incertae sedis,,litter_saprotroph,,ectomycorrhizal_many_species,,,leaf/fruit/seed,,non-aquatic,,,filamentous_mycelium,corticioid,smooth,medium-distance_fringe,/cantharellus,,
Basidiomycota,Agaricomycetes,Sebacinales,Sebacinaceae,Sebacina,Sebacina_sp;sh__SH0136602.10FU,jrk07952,Basidiomycota,Agaricomycetes,Sebacinales,Sebacinaceae,,ectomycorrhizal,,,,,,,non-aquatic,,,filamentous_mycelium,corticioid,smooth,short-distance_delicate,/sebacina,,
NA,NA,NA,NA,NA,NA,NA,NA,NA,NA,NA,NA,NA,NA,NA,NA,NA,NA,NA,NA,NA,NA,NA,NA,NA,NA,NA,NA,NA
Ascomycota,Leotiomycetes,Helotiales,Leptodontidiaceae,Leptodontidium,Leptodontidium_sp;sh__SH0144819.10FU,jrk04605,Ascomycota,Leotiomycetes,Helotiales,Leptodontidiaceae,,litter_saprotroph,ericoid_mycorrhizal,,root_endophyte_dark_septate,,leaf/fruit/seed,,partly_aquatic,,,filamentous_mycelium,None,none,,,,
Fungi_phy_Incertae_sedis,Fungi_cls_Incertae_sedis,Fungi_ord_Incertae_sedis,Fungi_fam_Incertae_sedis,Fungi_gen_Incertae_sedis,Fungi_sp;sh__SH0193451.10FU,NA,NA,NA,NA,NA,NA,NA,NA,NA,NA,NA,NA,NA,NA,NA,NA,NA,NA,NA,NA,NA,NA,NA
Basidiomycota,Agaricomycetes,Trechisporales,Trechisporales_fam_Incertae_sedis,Trechisporales_gen_Incertae_sedis,Trechisporales_sp;sh__SH0158768.10FU,NA,NA,NA,NA,NA,NA,NA,NA,NA,NA,NA,NA,NA,NA,NA,NA,NA,NA,NA,NA,NA,NA,NA
Basidiomycota,Agaricomycetes,Russulales,Russulaceae,Russula,Russula_caerulea;sh__SH0152200.10FU,jrk07726,Basidiomycota,Agaricomycetes,Russulales,Russulaceae,,ectomycorrhizal,,,,,,,non-aquatic,,,filamentous_mycelium,agaricoid,gills,contact,/russula-lactarius,,
Ascomycota,Leotiomycetes,Helotiales,Myxotrichaceae,Oidiodendron,Oidiodendron_tenuissimum;sh__SH0144706.10FU,jrk05883,Ascomycota,Leotiomycetes,Helotiales,Amorphothecaceae,,soil_saprotroph,root_endophyte,ericoid_mycorrhizal_O._maius,root_endophyte,root-associated,soil,,partly_aquatic,,,filamentous_mycelium,none,,,,,
Basidiomycota,Tremellomycetes,Filobasidiales,Piskurozymaceae,Solicoccozyma,Solicoccozyma_terrea;sh__SH0150363.10FU,jrk08137,Basidiomycota,Tremellomycetes,Filobasidiales,Piskurozymaceae,,soil_saprotroph,epiphyte,,,,soil,,partly_aquatic,,,yeast,none,none,,,,
Ascomycota,NA,NA,NA,NA,NA,NA,NA,NA,NA,NA,NA,NA,NA,NA,NA,NA,NA,NA,NA,NA,NA,NA,NA,NA,NA,NA,NA,NA
Basidiomycota,Agaricomycetes,Agaricales,Clavariaceae,Clavulinopsis,Clavulinopsis_luteonana;sh__SH0142319.10FU,jrk01853,Basidiomycota,Agaricomycetes,Agaricales,Clavariaceae,,soil_saprotroph,unspecified_symbiotroph,CHEGD_symbiotrophs,root-associated,root-associated,"roots,soil",,non-aquatic,,,filamentous_mycelium,clavarioid,smooth,,,,
NA,NA,NA,NA,NA,NA,NA,NA,NA,NA,NA,NA,NA,NA,NA,NA,NA,NA,NA,NA,NA,NA,NA,NA,NA,NA,NA,NA,NA
Ascomycota,Leotiomycetes,Helotiales,NA,NA,NA,NA,NA,NA,NA,NA,NA,NA,NA,NA,NA,NA,NA,NA,NA,NA,NA,NA,NA,NA,NA,NA,NA,NA
Basidiomycota,Agaricomycetes,Agaricales,Lyophyllaceae,Asterophora,Asterophora_parasitica;sh__SH0170302.10FU,jrk00724,Basidiomycota,Agaricomycetes,Agaricales,Lyophyllaceae,,mycoparasite,fungal_decomposer,,,,fungal_material,,non-aquatic,,,filamentous_mycelium,agaricoid,gills,,,,
Ascomycota,Leotiomycetes,Helotiales,Hyaloscyphaceae,NA,NA,NA,NA,NA,NA,NA,NA,NA,NA,NA,NA,NA,NA,NA,NA,NA,NA,NA,NA,NA,NA,NA,NA,NA
Ascomycota,Leotiomycetes,Helotiales,Helotiales_fam_Incertae_sedis,Gorgoniceps,NA,jrk03522,Ascomycota,Leotiomycetes,Helotiales,Helotiales family incertae sedis,,wood_saprotroph,,,,,wood,,partly_freshwater_(partly_non-aquatic),,,filamentous_mycelium,apothecium_(hymenium_on_surface),smooth,,,,
Ascomycota,Dothideomycetes,Mycosphaerellales,Teratosphaeriaceae,Devriesia,Devriesia_sp;sh__SH0180392.10FU,jrk02515,Ascomycota,Dothideomycetes,Capnodiales,Teratosphaeriaceae,,plant_pathogen,litter_saprotroph,,,leaf/fruit/seed_pathogen,leaf/fruit/seed,,non-aquatic,,,filamentous_mycelium,"perithecium_(hymenium_hidden,_narrow_opening)",closed,,,,
Basidiomycota,Microbotryomycetes,Microbotryomycetes_ord_Incertae_sedis,Microbotryomycetes_fam_Incertae_sedis,Microbotryomycetes_gen_Incertae_sedis,Microbotryomycetes_sp;sh__SH0073911.10FU,NA,NA,NA,NA,NA,NA,NA,NA,NA,NA,NA,NA,NA,NA,NA,NA,NA,NA,NA,NA,NA,NA,NA
Basidiomycota,Agaricomycetes,Agaricales,Cortinariaceae,Cortinarius,Cortinarius_sp;sh__SH0191785.10FU,jrk02100,Basidiomycota,Agaricomycetes,Agaricales,Cortinariaceae,,ectomycorrhizal,,,,,,,non-aquatic,,,filamentous_mycelium,agaricoid,gills,medium-distance_fringe,/cortinarius,,
Ascomycota,Dothideomycetes,Pleosporales,NA,NA,NA,NA,NA,NA,NA,NA,NA,NA,NA,NA,NA,NA,NA,NA,NA,NA,NA,NA,NA,NA,NA,NA,NA,NA
Ascomycota,NA,NA,NA,NA,NA,NA,NA,NA,NA,NA,NA,NA,NA,NA,NA,NA,NA,NA,NA,NA,NA,NA,NA,NA,NA,NA,NA,NA
Basidiomycota,Agaricomycetes,Boletales,Boletaceae,Imleria,Imleria_badia;sh__SH0073276.10FU,jrk04114,Basidiomycota,Agaricomycetes,Boletales,Boletaceae,,ectomycorrhizal,,,,,,,non-aquatic,,,filamentous_mycelium,agaricoid,poroid,long-distance,/boletus,,
Chytridiomycota,Chytridiomycota_cls_Incertae_sedis,Chytridiomycota_ord_Incertae_sedis,Chytridiomycota_fam_Incertae_sedis,Chytridiomycota_gen_Incertae_sedis,Chytridiomycota_sp;sh__SH0194092.10FU,NA,NA,NA,NA,NA,NA,NA,NA,NA,NA,NA,NA,NA,NA,NA,NA,NA,NA,NA,NA,NA,NA,NA
NA,NA,NA,NA,NA,NA,NA,NA,NA,NA,NA,NA,NA,NA,NA,NA,NA,NA,NA,NA,NA,NA,NA,NA,NA,NA,NA,NA,NA
Basidiomycota,Agaricomycetes,Thelephorales,Thelephoraceae,Tomentellopsis,Tomentellopsis_sp;sh__SH0138604.10FU,jrk08877,Basidiomycota,Agaricomycetes,Thelephorales,Thelephoraceae,,ectomycorrhizal,,,,,,,non-aquatic,,,filamentous_mycelium,corticioid,smooth,medium-distance_smooth,/tomentellopsis,,
Basidiomycota,Agaricomycetes,Cantharellales,NA,NA,NA,NA,NA,NA,NA,NA,NA,NA,NA,NA,NA,NA,NA,NA,NA,NA,NA,NA,NA,NA,NA,NA,NA,NA
Ascomycota,Leotiomycetes,Helotiales,Myxotrichaceae,Oidiodendron,Oidiodendron_truncatum;sh__SH0144773.10FU,jrk05883,Ascomycota,Leotiomycetes,Helotiales,Amorphothecaceae,,soil_saprotroph,root_endophyte,ericoid_mycorrhizal_O._maius,root_endophyte,root-associated,soil,,partly_aquatic,,,filamentous_mycelium,none,,,,,
Chytridiomycota,Rhizophydiomycetes,Rhizophydiales,Rhizophydiaceae,Rhizophydium,Rhizophydium_sp;sh__SH0178745.10FU,jrk07563,Chytridiomycota,Rhizophydiomycetes,Rhizophydiales,Rhizophydiaceae,,algal_parasite,litter_saprotroph,"hypervariable,_parasite_on_algae,protists,and_plants;_Saprobic_on_plant_and_animal_matter",,algal_parasite,"leaf/fruit/seed,algal_material,fungal_material,protist_material",keratinolytic,partly_freshwater_(partly_non-aquatic),,,zoosporic-rhizomycelial_(chytrid-like),zoosporangium,closed,,,,
Basidiomycota,GS27,GS27_ord_Incertae_sedis,GS27_ord_Incertae_sedis_fam_Incertae_sedis,GS27_ord_Incertae_sedis_gen_Incertae_sedis,GS27_ord_Incertae_sedis_sp,NA,NA,NA,NA,NA,NA,NA,NA,NA,NA,NA,NA,NA,NA,NA,NA,NA,NA,NA,NA,NA,NA,NA
Basidiomycota,Agaricomycetes,Agaricomycetes_ord_Incertae_sedis,Agaricomycetes_fam_Incertae_sedis,Agaricomycetes_gen_Incertae_sedis,Agaricomycetes_sp;sh__SH0079086.10FU,NA,NA,NA,NA,NA,NA,NA,NA,NA,NA,NA,NA,NA,NA,NA,NA,NA,NA,NA,NA,NA,NA,NA
Rozellomycota,Rozellomycota_cls_Incertae_sedis,Rozellomycota_ord_Incertae_sedis,Rozellomycota_fam_Incertae_sedis,Rozellomycota_gen_Incertae_sedis,Rozellomycota_sp;sh__SH0191141.10FU,NA,NA,NA,NA,NA,NA,NA,NA,NA,NA,NA,NA,NA,NA,NA,NA,NA,NA,NA,NA,NA,NA,NA
Ascomycota,Sordariomycetes,Hypocreales,Hypocreaceae,Trichoderma,Trichoderma_caerulescens;sh__SH0196901.10FU,jrk08977,Ascomycota,Sordariomycetes,Hypocreales,Hypocreaceae,,mycoparasite,foliar_endophyte,hypervariable,foliar_endophyte,leaf/fruit/seed_pathogen,"leaf/fruit/seed,soil,fungal_material",soft_rot,,,,filamentous_mycelium,"perithecium_(hymenium_hidden,_narrow_opening)",closed,,,,
Mucoromycota,Endogonomycetes,GS21,GS21_fam_Incertae_sedis,GS21_gen_Incertae_sedis,GS21_sp;sh__SH0195568.10FU,NA,NA,NA,NA,NA,NA,NA,NA,NA,NA,NA,NA,NA,NA,NA,NA,NA,NA,NA,NA,NA,NA,NA
Basidiomycota,Agaricomycetes,Agaricales,Clavariaceae,Clavulinopsis,Clavulinopsis_sp,jrk01853,Basidiomycota,Agaricomycetes,Agaricales,Clavariaceae,,soil_saprotroph,unspecified_symbiotroph,CHEGD_symbiotrophs,root-associated,root-associated,"roots,soil",,non-aquatic,,,filamentous_mycelium,clavarioid,smooth,,,,
Ascomycota,Leotiomycetes,Helotiales,Myxotrichaceae,Oidiodendron,NA,jrk05883,Ascomycota,Leotiomycetes,Helotiales,Amorphothecaceae,,soil_saprotroph,root_endophyte,ericoid_mycorrhizal_O._maius,root_endophyte,root-associated,soil,,partly_aquatic,,,filamentous_mycelium,none,,,,,
Ascomycota,Leotiomycetes,Helotiales,Myxotrichaceae,Oidiodendron,NA,jrk05883,Ascomycota,Leotiomycetes,Helotiales,Amorphothecaceae,,soil_saprotroph,root_endophyte,ericoid_mycorrhizal_O._maius,root_endophyte,root-associated,soil,,partly_aquatic,,,filamentous_mycelium,none,,,,,
Ascomycota,Sordariomycetes,Amphisphaeriales,Amphisphaeriaceae,Amphisphaeriaceae_gen_Incertae_sedis,Amphisphaeriaceae_sp;sh__SH0003763.10FU,NA,NA,NA,NA,NA,NA,NA,NA,NA,NA,NA,NA,NA,NA,NA,NA,NA,NA,NA,NA,NA,NA,NA
NA,NA,NA,NA,NA,NA,NA,NA,NA,NA,NA,NA,NA,NA,NA,NA,NA,NA,NA,NA,NA,NA,NA,NA,NA,NA,NA,NA,NA
Ascomycota,Saccharomycetes,Saccharomycetales,Saccharomycetales_fam_Incertae_sedis,Saccharomycetales_gen_Incertae_sedis,Saccharomycetales_sp;sh__SH0134209.10FU,NA,NA,NA,NA,NA,NA,NA,NA,NA,NA,NA,NA,NA,NA,NA,NA,NA,NA,NA,NA,NA,NA,NA
Ascomycota,NA,NA,NA,NA,NA,NA,NA,NA,NA,NA,NA,NA,NA,NA,NA,NA,NA,NA,NA,NA,NA,NA,NA,NA,NA,NA,NA,NA
Basidiomycota,GS27,GS27_ord_Incertae_sedis,GS27_ord_Incertae_sedis_fam_Incertae_sedis,GS27_ord_Incertae_sedis_gen_Incertae_sedis,GS27_ord_Incertae_sedis_sp;sh__SH0150702.10FU,NA,NA,NA,NA,NA,NA,NA,NA,NA,NA,NA,NA,NA,NA,NA,NA,NA,NA,NA,NA,NA,NA,NA
Basidiomycota,Microbotryomycetes,Microbotryomycetes_ord_Incertae_sedis,Chrysozymaceae,Bannozyma,Bannozyma_yamatoana;sh__SH0193517.10FU,jrk00913,Basidiomycota,Microbotryomycetes,Microbotryomycetes order incertae sedis,Chrysozymaceae,,soil_saprotroph,,,,,soil,,,,,yeast,none,none,,,,
Ascomycota,Dothideomycetes,Mycosphaerellales,Mycosphaerellaceae,Mycosphaerellaceae_gen_Incertae_sedis,Mycosphaerellaceae_sp;sh__SH0069005.10FU,NA,NA,NA,NA,NA,NA,NA,NA,NA,NA,NA,NA,NA,NA,NA,NA,NA,NA,NA,NA,NA,NA,NA
Ascomycota,Lecanoromycetes,Lecanoromycetes_ord_Incertae_sedis,Micropeltidaceae,Micropeltidaceae_gen_Incertae_sedis,Micropeltidaceae_sp;sh__SH0016541.10FU,NA,NA,NA,NA,NA,NA,NA,NA,NA,NA,NA,NA,NA,NA,NA,NA,NA,NA,NA,NA,NA,NA,NA
Basidiomycota,Agaricomycetes,Sebacinales,Serendipitaceae,Serendipita,Serendipita_sp;sh__SH0003266.10FU,jrk08004,Basidiomycota,Agaricomycetes,Sebacinales,Serendipitaceae,,root_endophyte,soil_saprotroph,ectomycorrhizal_1%_species/ericoid_mycorrhizal_many_species/orchid_mycorrhizal,root_endophyte,,soil,,non-aquatic,,,filamentous_mycelium,none,none,,,,
NA,NA,NA,NA,NA,NA,NA,NA,NA,NA,NA,NA,NA,NA,NA,NA,NA,NA,NA,NA,NA,NA,NA,NA,NA,NA,NA,NA,NA
Chytridiomycota,Spizellomycetes,Spizellomycetales,Spizellomycetales_fam_Incertae_sedis,Spizellomycetales_gen_Incertae_sedis,Spizellomycetales_sp;sh__SH0165790.10FU,NA,NA,NA,NA,NA,NA,NA,NA,NA,NA,NA,NA,NA,NA,NA,NA,NA,NA,NA,NA,NA,NA,NA
Ascomycota,NA,NA,NA,NA,NA,NA,NA,NA,NA,NA,NA,NA,NA,NA,NA,NA,NA,NA,NA,NA,NA,NA,NA,NA,NA,NA,NA,NA
Glomeromycota,Glomeromycetes,Glomerales,Glomeraceae,Glomus,Glomus_sp;sh__SH0106616.10FU,jrk03475,Glomeromycota,Glomeromycetes,Glomerales,Glomeraceae,,arbuscular_mycorrhizal,root-associated,,root_endophyte,,,,partly_freshwater_(partly_non-aquatic),,,filamentous_mycelium,none,none,,,,
Ascomycota,Dothideomycetes,NA,NA,NA,NA,NA,NA,NA,NA,NA,NA,NA,NA,NA,NA,NA,NA,NA,NA,NA,NA,NA,NA,NA,NA,NA,NA,NA
Fungi_phy_Incertae_sedis,Fungi_cls_Incertae_sedis,Fungi_ord_Incertae_sedis,Fungi_fam_Incertae_sedis,Fungi_gen_Incertae_sedis,Fungi_sp;sh__SH0074570.10FU,NA,NA,NA,NA,NA,NA,NA,NA,NA,NA,NA,NA,NA,NA,NA,NA,NA,NA,NA,NA,NA,NA,NA
Basidiomycota,Agaricomycetes,Boletales,Boletaceae,Leccinum,NA,jrk04527,Basidiomycota,Agaricomycetes,Boletales,Boletaceae,,ectomycorrhizal,,,,,,,non-aquatic,,,filamentous_mycelium,agaricoid,poroid,long-distance,/boletus,,
Basidiomycota,Agaricomycetes,NA,NA,NA,NA,NA,NA,NA,NA,NA,NA,NA,NA,NA,NA,NA,NA,NA,NA,NA,NA,NA,NA,NA,NA,NA,NA,NA
Ascomycota,Leotiomycetes,Helotiales,NA,NA,NA,NA,NA,NA,NA,NA,NA,NA,NA,NA,NA,NA,NA,NA,NA,NA,NA,NA,NA,NA,NA,NA,NA,NA
Mucoromycota,Endogonomycetes,Endogonales,Endogonaceae,Endogonaceae_gen_Incertae_sedis,Endogonaceae_sp;sh__SH0022767.10FU,NA,NA,NA,NA,NA,NA,NA,NA,NA,NA,NA,NA,NA,NA,NA,NA,NA,NA,NA,NA,NA,NA,NA
Basidiomycota,Agaricomycetes,Agaricales,Entolomataceae,Entoloma,Entoloma_luridum;sh__SH0166843.10FU,jrk02963,Basidiomycota,Agaricomycetes,Agaricales,Entolomataceae,,soil_saprotroph,unspecified_symbiotroph,"CHEGD_symbiotrophs,ectomycorrhizal_ca_10%_of_species",root-associated,root-associated,"roots,soil",,non-aquatic,,,filamentous_mycelium,agaricoid,gills,medium-distance_smooth,/entoloma,,
Ascomycota,Leotiomycetes,Helotiales,Myxotrichaceae,Oidiodendron,Oidiodendron_tenuissimum;sh__SH0144706.10FU,jrk05883,Ascomycota,Leotiomycetes,Helotiales,Amorphothecaceae,,soil_saprotroph,root_endophyte,ericoid_mycorrhizal_O._maius,root_endophyte,root-associated,soil,,partly_aquatic,,,filamentous_mycelium,none,,,,,
Rozellomycota,Rozellomycota_cls_Incertae_sedis,Rozellomycota_ord_Incertae_sedis,Rozellomycota_fam_Incertae_sedis,Rozellomycota_gen_Incertae_sedis,Rozellomycota_sp;sh__SH0151825.10FU,NA,NA,NA,NA,NA,NA,NA,NA,NA,NA,NA,NA,NA,NA,NA,NA,NA,NA,NA,NA,NA,NA,NA
Ascomycota,Dothideomycetes,Venturiales,Sympoventuriaceae,Sympoventuriaceae_gen_Incertae_sedis,Sympoventuriaceae_sp;sh__SH0014343.10FU,NA,NA,NA,NA,NA,NA,NA,NA,NA,NA,NA,NA,NA,NA,NA,NA,NA,NA,NA,NA,NA,NA,NA
Rozellomycota,Rozellomycota_cls_Incertae_sedis,Rozellomycota_ord_Incertae_sedis,Rozellomycota_fam_Incertae_sedis,Rozellomycota_gen_Incertae_sedis,Rozellomycota_sp;sh__SH0168635.10FU,NA,NA,NA,NA,NA,NA,NA,NA,NA,NA,NA,NA,NA,NA,NA,NA,NA,NA,NA,NA,NA,NA,NA
Basidiomycota,Tremellomycetes,Tremellales,Phaeotremellaceae,Phaeotremella,Phaeotremella_sp;sh__SH0062448.10FU,jrk06446,Basidiomycota,Tremellomycetes,Tremellales,Phaeotremellaceae,,mycoparasite,fungal_decomposer,,,,fungal_material,,non-aquatic,,,dimorphic_yeast,tremelloid,,,,,
NA,NA,NA,NA,NA,NA,NA,NA,NA,NA,NA,NA,NA,NA,NA,NA,NA,NA,NA,NA,NA,NA,NA,NA,NA,NA,NA,NA,NA
Ascomycota,Leotiomycetes,Helotiales,Helotiales_fam_Incertae_sedis,Helotiales_gen_Incertae_sedis,Helotiales_sp;sh__SH0134779.10FU,NA,NA,NA,NA,NA,NA,NA,NA,NA,NA,NA,NA,NA,NA,NA,NA,NA,NA,NA,NA,NA,NA,NA
Rozellomycota,Rozellomycota_cls_Incertae_sedis,Rozellomycota_ord_Incertae_sedis,Rozellomycota_fam_Incertae_sedis,Rozellomycota_gen_Incertae_sedis,Rozellomycota_sp;sh__SH0131530.10FU,NA,NA,NA,NA,NA,NA,NA,NA,NA,NA,NA,NA,NA,NA,NA,NA,NA,NA,NA,NA,NA,NA,NA
NA,NA,NA,NA,NA,NA,NA,NA,NA,NA,NA,NA,NA,NA,NA,NA,NA,NA,NA,NA,NA,NA,NA,NA,NA,NA,NA,NA,NA
Ascomycota,Leotiomycetes,Helotiales,Hyaloscyphaceae,Meliniomyces,Meliniomyces_sp;sh__SH0110672.10FU,jrk05054,Ascomycota,Leotiomycetes,Helotiales,Hyaloscyphaceae,,root_endophyte,soil_saprotroph,ectomycorrhizal_M._bicolor/ericoid_mycorrhizal_M._variabilis,root_endophyte,,soil,,non-aquatic,,,filamentous_mycelium,None,none,short-distance_delicate,/meliniomyces,,
Basidiomycota,Agaricomycetes,Agaricales,Psathyrellaceae,Narcissea,Narcissea_lahorensis;sh__SH0182644.10FU,NA,NA,NA,NA,NA,NA,NA,NA,NA,NA,NA,NA,NA,NA,NA,NA,NA,NA,NA,NA,NA,NA,NA
Basidiomycota,Agaricomycetes,Sebacinales,Serendipitaceae,Serendipita,Serendipita_sp;sh__SH0160789.10FU,jrk08004,Basidiomycota,Agaricomycetes,Sebacinales,Serendipitaceae,,root_endophyte,soil_saprotroph,ectomycorrhizal_1%_species/ericoid_mycorrhizal_many_species/orchid_mycorrhizal,root_endophyte,,soil,,non-aquatic,,,filamentous_mycelium,none,none,,,,
Mucoromycota,Endogonomycetes,Endogonales,Endogonaceae,Endogonaceae_gen_Incertae_sedis,Endogonaceae_sp;sh__SH0022767.10FU,NA,NA,NA,NA,NA,NA,NA,NA,NA,NA,NA,NA,NA,NA,NA,NA,NA,NA,NA,NA,NA,NA,NA
Fungi_phy_Incertae_sedis,Fungi_cls_Incertae_sedis,Fungi_ord_Incertae_sedis,Fungi_fam_Incertae_sedis,Fungi_gen_Incertae_sedis,Fungi_sp;sh__SH0206781.10FU,NA,NA,NA,NA,NA,NA,NA,NA,NA,NA,NA,NA,NA,NA,NA,NA,NA,NA,NA,NA,NA,NA,NA
Basidiomycota,Agaricomycetes,Trechisporales,Hydnodontaceae,Litschauerella,Litschauerella_sp;sh__SH0162282.10FU,jrk04750,Basidiomycota,Agaricomycetes,Trechisporales,Hydnodontaceae,,wood_saprotroph,,,,,wood,white_rot,non-aquatic,,,filamentous_mycelium,corticioid,smooth,,,,
Mortierellomycota,Mortierellomycetes,Mortierellales,Mortierellaceae,Mortierella,Mortierella_pulchella;sh__SH0089570.10FU,jrk05302,Mortierellomycota,Mortierellomycetes,Mortierellales,Mortierellaceae,,soil_saprotroph,root-associated,,root-associated,root-associated,"roots,soil",chitinolytic,partly_aquatic,opportunistic_human_parasite,,filamentous_mycelium,none,none,,,,
Mortierellomycota,Mortierellomycetes,Mortierellales,Mortierellaceae,Linnemannia,NA,NA,NA,NA,NA,NA,NA,NA,NA,NA,NA,NA,NA,NA,NA,NA,NA,NA,NA,NA,NA,NA,NA,NA
Mortierellomycota,Mortierellomycetes,Mortierellales,Mortierellaceae,Podila,Podila_humilis;sh__SH0097986.10FU,NA,NA,NA,NA,NA,NA,NA,NA,NA,NA,NA,NA,NA,NA,NA,NA,NA,NA,NA,NA,NA,NA,NA
Ascomycota,Leotiomycetes,Helotiales,Helotiales_fam_Incertae_sedis,Helotiales_gen_Incertae_sedis,Helotiales_sp;sh__SH0162823.10FU,NA,NA,NA,NA,NA,NA,NA,NA,NA,NA,NA,NA,NA,NA,NA,NA,NA,NA,NA,NA,NA,NA,NA
NA,NA,NA,NA,NA,NA,NA,NA,NA,NA,NA,NA,NA,NA,NA,NA,NA,NA,NA,NA,NA,NA,NA,NA,NA,NA,NA,NA,NA
Ascomycota,NA,NA,NA,NA,NA,NA,NA,NA,NA,NA,NA,NA,NA,NA,NA,NA,NA,NA,NA,NA,NA,NA,NA,NA,NA,NA,NA,NA
Basidiomycota,Agaricomycetes,Agaricales,Inocybaceae,Inocybe,Inocybe_sp;sh__SH0087682.10FU,jrk04145,Basidiomycota,Agaricomycetes,Agaricales,Inocybaceae,,ectomycorrhizal,,,,,,,non-aquatic,,,filamentous_mycelium,agaricoid,gills,short-distance_delicate,/inocybe,,
Ascomycota,Lecanoromycetes,Acarosporales,Acarosporales_fam_Incertae_sedis,Acarosporales_gen_Incertae_sedis,Acarosporales_sp;sh__SH0079395.10FU,NA,NA,NA,NA,NA,NA,NA,NA,NA,NA,NA,NA,NA,NA,NA,NA,NA,NA,NA,NA,NA,NA,NA
Ascomycota,Eurotiomycetes,Chaetothyriales,NA,NA,NA,NA,NA,NA,NA,NA,NA,NA,NA,NA,NA,NA,NA,NA,NA,NA,NA,NA,NA,NA,NA,NA,NA,NA
Ascomycota,Lecanoromycetes,Lecanoromycetes_ord_Incertae_sedis,Lecanoromycetes_fam_Incertae_sedis,Lecanoromycetes_gen_Incertae_sedis,Lecanoromycetes_sp,NA,NA,NA,NA,NA,NA,NA,NA,NA,NA,NA,NA,NA,NA,NA,NA,NA,NA,NA,NA,NA,NA,NA
Ascomycota,Dothideomycetes,Pleosporales,NA,NA,NA,NA,NA,NA,NA,NA,NA,NA,NA,NA,NA,NA,NA,NA,NA,NA,NA,NA,NA,NA,NA,NA,NA,NA
Ascomycota,Sordariomycetes,Annulatascales,Annulatascaceae,Vertexicola,Vertexicola_sp;sh__SH0087610.10FU,jrk09309,Ascomycota,Sordariomycetes,Annulatascales,Annulatascaceae,,wood_saprotroph,,,,,wood,,freshwater,,,filamentous_mycelium,"perithecium_(hymenium_hidden,_narrow_opening)",closed,,,,
Basidiomycota,Agaricomycetes,Thelephorales,Thelephoraceae,Tomentella,Tomentella_sp;sh__SH0127583.10FU,jrk08875,Basidiomycota,Agaricomycetes,Thelephorales,Thelephoraceae,,ectomycorrhizal,,,,,,,non-aquatic,,,filamentous_mycelium,corticioid,smooth,medium-distance_smooth,/tomentella-thelephora,,
Ascomycota,Dothideomycetes,Dothideales,Dothideales_fam_Incertae_sedis,Dothideales_gen_Incertae_sedis,Dothideales_sp;sh__SH0001893.10FU,NA,NA,NA,NA,NA,NA,NA,NA,NA,NA,NA,NA,NA,NA,NA,NA,NA,NA,NA,NA,NA,NA,NA
Ascomycota,Dothideomycetes,Venturiales,Venturiaceae,Venturiaceae_gen_Incertae_sedis,Venturiaceae_sp,NA,NA,NA,NA,NA,NA,NA,NA,NA,NA,NA,NA,NA,NA,NA,NA,NA,NA,NA,NA,NA,NA,NA
Ascomycota,Leotiomycetes,Helotiales,Hyaloscyphaceae,NA,NA,NA,NA,NA,NA,NA,NA,NA,NA,NA,NA,NA,NA,NA,NA,NA,NA,NA,NA,NA,NA,NA,NA,NA
Ascomycota,Sordariomycetes,NA,NA,NA,NA,NA,NA,NA,NA,NA,NA,NA,NA,NA,NA,NA,NA,NA,NA,NA,NA,NA,NA,NA,NA,NA,NA,NA
Rozellomycota,Rozellomycota_cls_Incertae_sedis,Rozellomycota_ord_Incertae_sedis,Rozellomycota_fam_Incertae_sedis,Rozellomycota_gen_Incertae_sedis,Rozellomycota_sp,NA,NA,NA,NA,NA,NA,NA,NA,NA,NA,NA,NA,NA,NA,NA,NA,NA,NA,NA,NA,NA,NA,NA
Basidiomycota,Agaricomycetes,Agaricomycetes_ord_Incertae_sedis,Agaricomycetes_fam_Incertae_sedis,Agaricomycetes_gen_Incertae_sedis,Agaricomycetes_sp;sh__SH0078890.10FU,NA,NA,NA,NA,NA,NA,NA,NA,NA,NA,NA,NA,NA,NA,NA,NA,NA,NA,NA,NA,NA,NA,NA
Basidiomycota,Agaricomycetes,Sebacinales,Sebacinaceae,Sebacina,Sebacina_sp;sh__SH0136635.10FU,jrk07952,Basidiomycota,Agaricomycetes,Sebacinales,Sebacinaceae,,ectomycorrhizal,,,,,,,non-aquatic,,,filamentous_mycelium,corticioid,smooth,short-distance_delicate,/sebacina,,
Rozellomycota,Rozellomycota_cls_Incertae_sedis,Rozellomycota_ord_Incertae_sedis,Rozellomycota_fam_Incertae_sedis,Rozellomycota_gen_Incertae_sedis,Rozellomycota_sp;sh__SH0087948.10FU,NA,NA,NA,NA,NA,NA,NA,NA,NA,NA,NA,NA,NA,NA,NA,NA,NA,NA,NA,NA,NA,NA,NA
Ascomycota,Pezizomycotina_cls_Incertae_sedis,Pezizomycotina_ord_Incertae_sedis,Pezizomycotina_fam_Incertae_sedis,Pezizomycotina_gen_Incertae_sedis,Pezizomycotina_sp;sh__SH0148261.10FU,NA,NA,NA,NA,NA,NA,NA,NA,NA,NA,NA,NA,NA,NA,NA,NA,NA,NA,NA,NA,NA,NA,NA
NA,NA,NA,NA,NA,NA,NA,NA,NA,NA,NA,NA,NA,NA,NA,NA,NA,NA,NA,NA,NA,NA,NA,NA,NA,NA,NA,NA,NA
Ascomycota,Ascomycota_cls_Incertae_sedis,Ascomycota_ord_Incertae_sedis,Ascomycota_fam_Incertae_sedis,Ascomycota_gen_Incertae_sedis,Ascomycota_sp;sh__SH0110083.10FU,NA,NA,NA,NA,NA,NA,NA,NA,NA,NA,NA,NA,NA,NA,NA,NA,NA,NA,NA,NA,NA,NA,NA
Basidiomycota,Agaricomycetes,Agaricomycetes_ord_Incertae_sedis,Agaricomycetes_fam_Incertae_sedis,Agaricomycetes_gen_Incertae_sedis,Agaricomycetes_sp;sh__SH0076518.10FU,NA,NA,NA,NA,NA,NA,NA,NA,NA,NA,NA,NA,NA,NA,NA,NA,NA,NA,NA,NA,NA,NA,NA
Basidiomycota,Agaricomycetes,Thelephorales,Thelephoraceae,Tomentellopsis,NA,jrk08877,Basidiomycota,Agaricomycetes,Thelephorales,Thelephoraceae,,ectomycorrhizal,,,,,,,non-aquatic,,,filamentous_mycelium,corticioid,smooth,medium-distance_smooth,/tomentellopsis,,
Ascomycota,Dothideomycetes,Capnodiales,Capnodiales_fam_Incertae_sedis,Capnodiales_gen_Incertae_sedis,Capnodiales_sp;sh__SH0100675.10FU,NA,NA,NA,NA,NA,NA,NA,NA,NA,NA,NA,NA,NA,NA,NA,NA,NA,NA,NA,NA,NA,NA,NA
Glomeromycota,Glomeromycetes,Entrophosporales,Entrophosporaceae,Claroideoglomus,Claroideoglomus_sp;sh__SH0082239.10FU,jrk01817,Glomeromycota,Glomeromycetes,Glomerales,Claroideoglomeraceae,,arbuscular_mycorrhizal,root-associated,,root_endophyte,,,,,,,filamentous_mycelium,none,none,,,,
Basidiomycota,Agaricomycetes,Cantharellales,Botryobasidiaceae,Botryobasidium,Botryobasidium_conspersum;sh__SH0092844.10FU,jrk01120,Basidiomycota,Agaricomycetes,Cantharellales,Botryobasidiaceae,,wood_saprotroph,,,,,wood,white_rot,non-aquatic,,,filamentous_mycelium,corticioid,smooth,,,,
Basidiomycota,Agaricomycetes,Russulales,Russulaceae,Lactarius,NA,jrk04429,Basidiomycota,Agaricomycetes,Russulales,Russulaceae,,ectomycorrhizal,,,,,,,non-aquatic,,,filamentous_mycelium,agaricoid,gills,medium-distance_smooth,/russula-lactarius,,
Ascomycota,Leotiomycetes,Leotiales,Tympanidaceae,Tympanidaceae_gen_Incertae_sedis,Tympanidaceae_sp;sh__SH0006423.10FU,NA,NA,NA,NA,NA,NA,NA,NA,NA,NA,NA,NA,NA,NA,NA,NA,NA,NA,NA,NA,NA,NA,NA
Ascomycota,Leotiomycetes,Helotiales,Mollisiaceae,Mollisiaceae_gen_Incertae_sedis,Mollisiaceae_sp;sh__SH0083071.10FU,NA,NA,NA,NA,NA,NA,NA,NA,NA,NA,NA,NA,NA,NA,NA,NA,NA,NA,NA,NA,NA,NA,NA
Ascomycota,Dothideomycetes,Pleosporales,NA,NA,NA,NA,NA,NA,NA,NA,NA,NA,NA,NA,NA,NA,NA,NA,NA,NA,NA,NA,NA,NA,NA,NA,NA,NA
Basidiomycota,Agaricomycetes,Agaricales,Clavariaceae,Clavulinopsis,Clavulinopsis_sp;sh__SH0054137.10FU,jrk01853,Basidiomycota,Agaricomycetes,Agaricales,Clavariaceae,,soil_saprotroph,unspecified_symbiotroph,CHEGD_symbiotrophs,root-associated,root-associated,"roots,soil",,non-aquatic,,,filamentous_mycelium,clavarioid,smooth,,,,
Basidiomycota,Agaricomycetes,Agaricales,Clavariaceae,Clavaria,Clavaria_sp;sh__SH0005428.10FU,jrk01836,Basidiomycota,Agaricomycetes,Agaricales,Clavariaceae,,soil_saprotroph,unspecified_symbiotroph,CHEGD_symbiotrophs,root-associated,root-associated,"roots,soil",,non-aquatic,,,filamentous_mycelium,clavarioid,smooth,,,,
Basidiomycota,Agaricomycetes,Agaricales,Clavariaceae,Clavariaceae_gen_Incertae_sedis,Clavariaceae_sp;sh__SH0012768.10FU,NA,NA,NA,NA,NA,NA,NA,NA,NA,NA,NA,NA,NA,NA,NA,NA,NA,NA,NA,NA,NA,NA,NA
Basidiomycota,Microbotryomycetes,Leucosporidiales,Leucosporidiaceae,Leucosporidium,Leucosporidium_sp;sh__SH0194996.10FU,jrk04665,Basidiomycota,Microbotryomycetes,Microbotryales,Leucosporidiaceae,,soil_saprotroph,,,,,soil,,partly_aquatic,,,yeast,none,none,,,,
Ascomycota,Leotiomycetes,Helotiales,Myxotrichaceae,Oidiodendron,Oidiodendron_sp;sh__SH0144748.10FU,jrk05883,Ascomycota,Leotiomycetes,Helotiales,Amorphothecaceae,,soil_saprotroph,root_endophyte,ericoid_mycorrhizal_O._maius,root_endophyte,root-associated,soil,,partly_aquatic,,,filamentous_mycelium,none,,,,,
Basidiomycota,Agaricomycetes,Agaricales,Cortinariaceae,Cortinarius,NA,jrk02100,Basidiomycota,Agaricomycetes,Agaricales,Cortinariaceae,,ectomycorrhizal,,,,,,,non-aquatic,,,filamentous_mycelium,agaricoid,gills,medium-distance_fringe,/cortinarius,,
NA,NA,NA,NA,NA,NA,NA,NA,NA,NA,NA,NA,NA,NA,NA,NA,NA,NA,NA,NA,NA,NA,NA,NA,NA,NA,NA,NA,NA
Ascomycota,Saccharomycetes,Saccharomycetales,Saccharomycetales_fam_Incertae_sedis,Saccharomycetales_gen_Incertae_sedis,Saccharomycetales_sp;sh__SH0114861.10FU,NA,NA,NA,NA,NA,NA,NA,NA,NA,NA,NA,NA,NA,NA,NA,NA,NA,NA,NA,NA,NA,NA,NA
Ascomycota,Leotiomycetes,Helotiales,Myxotrichaceae,Oidiodendron,Oidiodendron_sp;sh__SH0144748.10FU,jrk05883,Ascomycota,Leotiomycetes,Helotiales,Amorphothecaceae,,soil_saprotroph,root_endophyte,ericoid_mycorrhizal_O._maius,root_endophyte,root-associated,soil,,partly_aquatic,,,filamentous_mycelium,none,,,,,
NA,NA,NA,NA,NA,NA,NA,NA,NA,NA,NA,NA,NA,NA,NA,NA,NA,NA,NA,NA,NA,NA,NA,NA,NA,NA,NA,NA,NA
Basidiomycota,Agaricomycetes,Cantharellales,Ceratobasidiaceae,Ceratobasidiaceae_gen_Incertae_sedis,Ceratobasidiaceae_sp,NA,NA,NA,NA,NA,NA,NA,NA,NA,NA,NA,NA,NA,NA,NA,NA,NA,NA,NA,NA,NA,NA,NA
Ascomycota,Sordariomycetes,Sordariomycetes_ord_Incertae_sedis,Sordariomycetes_fam_Incertae_sedis,Sordariomycetes_gen_Incertae_sedis,Sordariomycetes_sp;sh__SH0171420.10FU,NA,NA,NA,NA,NA,NA,NA,NA,NA,NA,NA,NA,NA,NA,NA,NA,NA,NA,NA,NA,NA,NA,NA
Ascomycota,Leotiomycetes,Helotiales,Helotiaceae,NA,NA,NA,NA,NA,NA,NA,NA,NA,NA,NA,NA,NA,NA,NA,NA,NA,NA,NA,NA,NA,NA,NA,NA,NA
Ascomycota,Dothideomycetes,Pleosporales,Massarinaceae,Stagonospora,Stagonospora_pseudovitensis;sh__SH0194475.10FU,jrk08317,Ascomycota,Dothideomycetes,Pleosporales,Massarinaceae,,plant_pathogen,,,,leaf/fruit/seed_pathogen,,,non-aquatic,,,filamentous_mycelium,other,,,,,
Basidiomycota,Agaricomycetes,Corticiales,Corticiaceae,Marchandiomyces,Marchandiomyces_aurantioroseus;sh__SH0159899.10FU,jrk04918,Basidiomycota,Agaricomycetes,Corticiales,Corticiaceae,,lichen_parasite,fungal_decomposer,,,,"fungal_material,algal_material",,non-aquatic,,,filamentous_mycelium,corticioid,smooth,,,,
Glomeromycota,Archaeosporomycetes,Archaeosporales,Ambisporaceae,Ambispora,Ambispora_sp;sh__SH0005565.10FU,jrk00278,Glomeromycota,Archaeosporomycetes,Archaeosporales,Ambisporaceae,,arbuscular_mycorrhizal,root-associated,,root_endophyte,,,,,,,filamentous_mycelium,none,none,,,,
Rozellomycota,Rozellomycota_cls_Incertae_sedis,Rozellomycota_ord_Incertae_sedis,Rozellomycota_fam_Incertae_sedis,Rozellomycota_gen_Incertae_sedis,Rozellomycota_sp;sh__SH0191141.10FU,NA,NA,NA,NA,NA,NA,NA,NA,NA,NA,NA,NA,NA,NA,NA,NA,NA,NA,NA,NA,NA,NA,NA
Ascomycota,Leotiomycetes,Helotiales,Myxotrichaceae,Oidiodendron,NA,jrk05883,Ascomycota,Leotiomycetes,Helotiales,Amorphothecaceae,,soil_saprotroph,root_endophyte,ericoid_mycorrhizal_O._maius,root_endophyte,root-associated,soil,,partly_aquatic,,,filamentous_mycelium,none,,,,,
Mucoromycota,Endogonomycetes,GS21,GS21_fam_Incertae_sedis,GS21_gen_Incertae_sedis,GS21_sp;sh__SH0195566.10FU,NA,NA,NA,NA,NA,NA,NA,NA,NA,NA,NA,NA,NA,NA,NA,NA,NA,NA,NA,NA,NA,NA,NA
Ascomycota,Leotiomycetes,Helotiales,Mollisiaceae,Mollisiaceae_gen_Incertae_sedis,Mollisiaceae_sp;sh__SH0083040.10FU,NA,NA,NA,NA,NA,NA,NA,NA,NA,NA,NA,NA,NA,NA,NA,NA,NA,NA,NA,NA,NA,NA,NA
Chytridiomycota,Chytridiomycota_cls_Incertae_sedis,Chytridiomycota_ord_Incertae_sedis,Chytridiomycota_fam_Incertae_sedis,Chytridiomycota_gen_Incertae_sedis,Chytridiomycota_sp;sh__SH0106339.10FU,NA,NA,NA,NA,NA,NA,NA,NA,NA,NA,NA,NA,NA,NA,NA,NA,NA,NA,NA,NA,NA,NA,NA
Ascomycota,NA,NA,NA,NA,NA,NA,NA,NA,NA,NA,NA,NA,NA,NA,NA,NA,NA,NA,NA,NA,NA,NA,NA,NA,NA,NA,NA,NA
Ascomycota,Leotiomycetes,Helotiales,Ascocorticiaceae,NA,NA,NA,NA,NA,NA,NA,NA,NA,NA,NA,NA,NA,NA,NA,NA,NA,NA,NA,NA,NA,NA,NA,NA,NA
Mucoromycota,Endogonomycetes,GS22,GS22_fam_Incertae_sedis,GS22_gen_Incertae_sedis,GS22_sp;sh__SH0085735.10FU,NA,NA,NA,NA,NA,NA,NA,NA,NA,NA,NA,NA,NA,NA,NA,NA,NA,NA,NA,NA,NA,NA,NA
Ascomycota,Leotiomycetes,Helotiales,Myxotrichaceae,Oidiodendron,NA,jrk05883,Ascomycota,Leotiomycetes,Helotiales,Amorphothecaceae,,soil_saprotroph,root_endophyte,ericoid_mycorrhizal_O._maius,root_endophyte,root-associated,soil,,partly_aquatic,,,filamentous_mycelium,none,,,,,
NA,NA,NA,NA,NA,NA,NA,NA,NA,NA,NA,NA,NA,NA,NA,NA,NA,NA,NA,NA,NA,NA,NA,NA,NA,NA,NA,NA,NA
Basidiomycota,Agaricomycetes,Agaricales,Cortinariaceae,Cortinarius,Cortinarius_illibatus;sh__SH0191659.10FU,jrk02100,Basidiomycota,Agaricomycetes,Agaricales,Cortinariaceae,,ectomycorrhizal,,,,,,,non-aquatic,,,filamentous_mycelium,agaricoid,gills,medium-distance_fringe,/cortinarius,,
Basidiomycota,Agaricomycetes,Cantharellales,Botryobasidiaceae,Botryobasidium,Botryobasidium_sp;sh__SH0023824.10FU,jrk01120,Basidiomycota,Agaricomycetes,Cantharellales,Botryobasidiaceae,,wood_saprotroph,,,,,wood,white_rot,non-aquatic,,,filamentous_mycelium,corticioid,smooth,,,,
Ascomycota,Lecanoromycetes,Peltigerales,Pannariaceae,Pectenia,Pectenia_sp;sh__SH0176471.10FU,jrk06256,Ascomycota,Lecanoromycetes,Peltigerales,Pannariaceae,,lichenized,,,,,,,non-aquatic,,,thallus_photosynthetic,apothecium_(hymenium_on_surface),smooth,,,cyanobacterial,
Basidiomycota,Agaricomycetes,Agaricales,Mycenaceae,Mycenaceae_gen_Incertae_sedis,Mycenaceae_sp;sh__SH0149120.10FU,NA,NA,NA,NA,NA,NA,NA,NA,NA,NA,NA,NA,NA,NA,NA,NA,NA,NA,NA,NA,NA,NA,NA
Rozellomycota,Rozellomycota_cls_Incertae_sedis,Rozellomycota_ord_Incertae_sedis,Rozellomycota_fam_Incertae_sedis,Rozellomycota_gen_Incertae_sedis,Rozellomycota_sp;sh__SH0191160.10FU,NA,NA,NA,NA,NA,NA,NA,NA,NA,NA,NA,NA,NA,NA,NA,NA,NA,NA,NA,NA,NA,NA,NA
Ascomycota,NA,NA,NA,NA,NA,NA,NA,NA,NA,NA,NA,NA,NA,NA,NA,NA,NA,NA,NA,NA,NA,NA,NA,NA,NA,NA,NA,NA
Ascomycota,Sareomycetes,Sareales,Sareaceae,Sarea,Sarea_resinae;sh__SH0157636.10FU,jrk07811,Ascomycota,Sareomycetes,Sareales,Sareaceae,,unspecified_saprotroph,,,,,,,,,,filamentous_mycelium,apothecium_(hymenium_on_surface),smooth,,,,
Glomeromycota,Glomeromycetes,Entrophosporales,Entrophosporaceae,Claroideoglomus,Claroideoglomus_claroideum;sh__SH0185763.10FU,jrk01817,Glomeromycota,Glomeromycetes,Glomerales,Claroideoglomeraceae,,arbuscular_mycorrhizal,root-associated,,root_endophyte,,,,,,,filamentous_mycelium,none,none,,,,
Ascomycota,Leotiomycetes,Helotiales,Myxotrichaceae,Oidiodendron,Oidiodendron_majus;sh__SH0144659.10FU,jrk05883,Ascomycota,Leotiomycetes,Helotiales,Amorphothecaceae,,soil_saprotroph,root_endophyte,ericoid_mycorrhizal_O._maius,root_endophyte,root-associated,soil,,partly_aquatic,,,filamentous_mycelium,none,,,,,
Basidiomycota,Basidiomycota_cls_Incertae_sedis,Basidiomycota_ord_Incertae_sedis,Basidiomycota_fam_Incertae_sedis,Basidiomycota_gen_Incertae_sedis,Basidiomycota_sp;sh__SH0154487.10FU,NA,NA,NA,NA,NA,NA,NA,NA,NA,NA,NA,NA,NA,NA,NA,NA,NA,NA,NA,NA,NA,NA,NA
Ascomycota,Dothideomycetes,NA,NA,NA,NA,NA,NA,NA,NA,NA,NA,NA,NA,NA,NA,NA,NA,NA,NA,NA,NA,NA,NA,NA,NA,NA,NA,NA
Basidiomycota,Agaricomycetes,Agaricales,Clavariaceae,Clavulinopsis,Clavulinopsis_sp;sh__SH0142271.10FU,jrk01853,Basidiomycota,Agaricomycetes,Agaricales,Clavariaceae,,soil_saprotroph,unspecified_symbiotroph,CHEGD_symbiotrophs,root-associated,root-associated,"roots,soil",,non-aquatic,,,filamentous_mycelium,clavarioid,smooth,,,,
Ascomycota,NA,NA,NA,NA,NA,NA,NA,NA,NA,NA,NA,NA,NA,NA,NA,NA,NA,NA,NA,NA,NA,NA,NA,NA,NA,NA,NA,NA
Ascomycota,Archaeorhizomycetes,Archaeorhizomycetales,NA,NA,NA,NA,NA,NA,NA,NA,NA,NA,NA,NA,NA,NA,NA,NA,NA,NA,NA,NA,NA,NA,NA,NA,NA,NA
Ascomycota,Archaeorhizomycetes,Archaeorhizomycetales,Archaeorhizomycetaceae,Archaeorhizomyces,Archaeorhizomyces_sp,jrk00567,Ascomycota,Archaeorhizomycetes,Archaeorhizomycetales,Archaeorhizomycetaceae,,soil_saprotroph,root-associated,,root-associated,root-associated,"roots,soil",,non-aquatic,,,filamentous_mycelium,none,none,,,,
Ascomycota,NA,NA,NA,NA,NA,NA,NA,NA,NA,NA,NA,NA,NA,NA,NA,NA,NA,NA,NA,NA,NA,NA,NA,NA,NA,NA,NA,NA
Ascomycota,Leotiomycetes,Helotiales,Myxotrichaceae,Oidiodendron,NA,jrk05883,Ascomycota,Leotiomycetes,Helotiales,Amorphothecaceae,,soil_saprotroph,root_endophyte,ericoid_mycorrhizal_O._maius,root_endophyte,root-associated,soil,,partly_aquatic,,,filamentous_mycelium,none,,,,,
Basidiomycota,Agaricomycetes,Thelephorales,Thelephoraceae,Thelephora,Thelephora_atroarenicolor;sh__SH0126155.10FU,jrk08781,Basidiomycota,Agaricomycetes,Thelephorales,Thelephoraceae,,ectomycorrhizal,,,,,,,non-aquatic,,,filamentous_mycelium,clavarioid,smooth,medium-distance_smooth,/tomentella-thelephora,,
Ascomycota,Leotiomycetes,Helotiales,Myxotrichaceae,Oidiodendron,NA,jrk05883,Ascomycota,Leotiomycetes,Helotiales,Amorphothecaceae,,soil_saprotroph,root_endophyte,ericoid_mycorrhizal_O._maius,root_endophyte,root-associated,soil,,partly_aquatic,,,filamentous_mycelium,none,,,,,
Ascomycota,Leotiomycetes,Helotiales,Hyaloscyphaceae,NA,NA,NA,NA,NA,NA,NA,NA,NA,NA,NA,NA,NA,NA,NA,NA,NA,NA,NA,NA,NA,NA,NA,NA,NA
Basidiomycota,Agaricomycetes,Trechisporales,Hydnodontaceae,Trechispora,Trechispora_microspora;sh__SH0168112.10FU,jrk08926,Basidiomycota,Agaricomycetes,Trechisporales,Hydnodontaceae,,wood_saprotroph,,,,,wood,white_rot,non-aquatic,,,filamentous_mycelium,corticioid,poroid,,,,
Rozellomycota,Rozellomycota_cls_Incertae_sedis,Rozellomycota_ord_Incertae_sedis,Rozellomycota_fam_Incertae_sedis,Rozellomycota_gen_Incertae_sedis,Rozellomycota_sp,NA,NA,NA,NA,NA,NA,NA,NA,NA,NA,NA,NA,NA,NA,NA,NA,NA,NA,NA,NA,NA,NA,NA
Ascomycota,Dothideomycetes,Pleosporales,Massarinaceae,Stagonospora,Stagonospora_pseudocaricis;sh__SH0054413.10FU,jrk08317,Ascomycota,Dothideomycetes,Pleosporales,Massarinaceae,,plant_pathogen,,,,leaf/fruit/seed_pathogen,,,non-aquatic,,,filamentous_mycelium,other,,,,,
Basidiomycota,Agaricomycetes,Agaricales,Clavariaceae,Clavaria,Clavaria_redoleoalii,jrk01836,Basidiomycota,Agaricomycetes,Agaricales,Clavariaceae,,soil_saprotroph,unspecified_symbiotroph,CHEGD_symbiotrophs,root-associated,root-associated,"roots,soil",,non-aquatic,,,filamentous_mycelium,clavarioid,smooth,,,,
Mortierellomycota,Mortierellomycetes,Mortierellales,Mortierellaceae,Linnemannia,Linnemannia_schmuckeri;sh__SH0154888.10FU,NA,NA,NA,NA,NA,NA,NA,NA,NA,NA,NA,NA,NA,NA,NA,NA,NA,NA,NA,NA,NA,NA,NA
Ascomycota,Dothideomycetes,Venturiales,Cylindrosympodiaceae,Pseudoanungitea,Pseudoanungitea_vaccinii;sh__SH0056824.10FU,jrk07005,Ascomycota,Dothideomycetes,Venturiales,Venturiaceae,,wood_saprotroph,,,,,wood,,non-aquatic,,,filamentous_mycelium,"perithecium_(hymenium_hidden,_narrow_opening)",closed,,,,
Ascomycota,Leotiomycetes,Leotiomycetes_ord_Incertae_sedis,Leotiomycetes_fam_Incertae_sedis,Leotiomycetes_gen_Incertae_sedis,Leotiomycetes_sp;sh__SH0118439.10FU,NA,NA,NA,NA,NA,NA,NA,NA,NA,NA,NA,NA,NA,NA,NA,NA,NA,NA,NA,NA,NA,NA,NA
Fungi_phy_Incertae_sedis,Fungi_cls_Incertae_sedis,Fungi_ord_Incertae_sedis,Fungi_fam_Incertae_sedis,Fungi_gen_Incertae_sedis,Fungi_sp;sh__SH0083702.10FU,NA,NA,NA,NA,NA,NA,NA,NA,NA,NA,NA,NA,NA,NA,NA,NA,NA,NA,NA,NA,NA,NA,NA
Ascomycota,Leotiomycetes,Helotiales,NA,NA,NA,NA,NA,NA,NA,NA,NA,NA,NA,NA,NA,NA,NA,NA,NA,NA,NA,NA,NA,NA,NA,NA,NA,NA
Basidiomycota,Agaricomycetes,Agaricales,Mycenaceae,Mycena,Mycena_sp;sh__SH0146210.10FU,jrk05357,Basidiomycota,Agaricomycetes,Agaricales,Mycenaceae,,litter_saprotroph,root-associated,wood_saprotroph_many_species,root-associated,leaf/fruit/seed_pathogen,leaf/fruit/seed,,non-aquatic,,,filamentous_mycelium,agaricoid,gills,,,,
Ascomycota,Leotiomycetes,Helotiales,Myxotrichaceae,Oidiodendron,Oidiodendron_majus;sh__SH0144659.10FU,jrk05883,Ascomycota,Leotiomycetes,Helotiales,Amorphothecaceae,,soil_saprotroph,root_endophyte,ericoid_mycorrhizal_O._maius,root_endophyte,root-associated,soil,,partly_aquatic,,,filamentous_mycelium,none,,,,,
Basidiomycota,Agaricomycetes,Sebacinales,Serendipitaceae,NA,NA,NA,NA,NA,NA,NA,NA,NA,NA,NA,NA,NA,NA,NA,NA,NA,NA,NA,NA,NA,NA,NA,NA,NA
Chytridiomycota,Spizellomycetes,Spizellomycetales,Spizellomycetales_fam_Incertae_sedis,Spizellomycetales_gen_Incertae_sedis,Spizellomycetales_sp;sh__SH0013599.10FU,NA,NA,NA,NA,NA,NA,NA,NA,NA,NA,NA,NA,NA,NA,NA,NA,NA,NA,NA,NA,NA,NA,NA
Ascomycota,Eurotiomycetes,Chaetothyriales,NA,NA,NA,NA,NA,NA,NA,NA,NA,NA,NA,NA,NA,NA,NA,NA,NA,NA,NA,NA,NA,NA,NA,NA,NA,NA
Chytridiomycota,Chytridiomycota_cls_Incertae_sedis,Chytridiomycota_ord_Incertae_sedis,Chytridiomycota_fam_Incertae_sedis,Chytridiomycota_gen_Incertae_sedis,Chytridiomycota_sp;sh__SH0130939.10FU,NA,NA,NA,NA,NA,NA,NA,NA,NA,NA,NA,NA,NA,NA,NA,NA,NA,NA,NA,NA,NA,NA,NA
Ascomycota,NA,NA,NA,NA,NA,NA,NA,NA,NA,NA,NA,NA,NA,NA,NA,NA,NA,NA,NA,NA,NA,NA,NA,NA,NA,NA,NA,NA
Basidiomycota,Agaricomycetes,Agaricomycetes_ord_Incertae_sedis,Agaricomycetes_fam_Incertae_sedis,Agaricomycetes_gen_Incertae_sedis,Agaricomycetes_sp;sh__SH0117111.10FU,NA,NA,NA,NA,NA,NA,NA,NA,NA,NA,NA,NA,NA,NA,NA,NA,NA,NA,NA,NA,NA,NA,NA
Basidiomycota,NA,NA,NA,NA,NA,NA,NA,NA,NA,NA,NA,NA,NA,NA,NA,NA,NA,NA,NA,NA,NA,NA,NA,NA,NA,NA,NA,NA
Basidiomycota,Agaricomycetes,Agaricales,Entolomataceae,Entoloma,Entoloma_rhodocylix;sh__SH0064076.10FU,jrk02963,Basidiomycota,Agaricomycetes,Agaricales,Entolomataceae,,soil_saprotroph,unspecified_symbiotroph,"CHEGD_symbiotrophs,ectomycorrhizal_ca_10%_of_species",root-associated,root-associated,"roots,soil",,non-aquatic,,,filamentous_mycelium,agaricoid,gills,medium-distance_smooth,/entoloma,,
Ascomycota,Ascomycota_cls_Incertae_sedis,Ascomycota_ord_Incertae_sedis,Ascomycota_fam_Incertae_sedis,Ascomycota_gen_Incertae_sedis,Ascomycota_sp;sh__SH0017373.10FU,NA,NA,NA,NA,NA,NA,NA,NA,NA,NA,NA,NA,NA,NA,NA,NA,NA,NA,NA,NA,NA,NA,NA
Ascomycota,Leotiomycetes,Helotiales,Gelatinodiscaceae,Neobulgaria,Neobulgaria_koningiana;sh__SH0123142.10FU,jrk05580,Ascomycota,Leotiomycetes,Helotiales,Gelatinodiscaceae,,wood_saprotroph,,,,,wood,,non-aquatic,,,filamentous_mycelium,apothecium_(hymenium_on_surface),smooth,,,,
Mucoromycota,Mucoromycetes,Mucorales,Cunninghamellaceae,Absidia,Absidia_cylindrospora;sh__SH0030150.10FU,jrk00010,Mucoromycota,Mucoromycetes,Mucorales,Cunninghamellaceae,,soil_saprotroph,,,,,soil,mold,partly_aquatic,,,filamentous_mycelium,none,none,,,,
Mucoromycota,Endogonomycetes,GS22,GS22_fam_Incertae_sedis,GS22_gen_Incertae_sedis,GS22_sp;sh__SH0116910.10FU,NA,NA,NA,NA,NA,NA,NA,NA,NA,NA,NA,NA,NA,NA,NA,NA,NA,NA,NA,NA,NA,NA,NA
Ascomycota,Saccharomycetes,Saccharomycetales,Saccharomycetales_fam_Incertae_sedis,Saccharomycetales_gen_Incertae_sedis,Saccharomycetales_sp;sh__SH0006891.10FU,NA,NA,NA,NA,NA,NA,NA,NA,NA,NA,NA,NA,NA,NA,NA,NA,NA,NA,NA,NA,NA,NA,NA
Ascomycota,Leotiomycetes,Helotiales,NA,NA,NA,NA,NA,NA,NA,NA,NA,NA,NA,NA,NA,NA,NA,NA,NA,NA,NA,NA,NA,NA,NA,NA,NA,NA
Basidiomycota,Agaricomycetes,Hymenochaetales,Schizoporaceae,Xylodon,Xylodon_borealis;sh__SH0182176.10FU,jrk09485,Basidiomycota,Agaricomycetes,Hymenochaetales,Schizoporaceae,,wood_saprotroph,,,,,wood,white_rot,partly_aquatic,,,filamentous_mycelium,corticioid,hydnoid,,,,
Rozellomycota,Rozellomycota_cls_Incertae_sedis,Rozellomycota_ord_Incertae_sedis,Rozellomycota_fam_Incertae_sedis,Rozellomycota_gen_Incertae_sedis,Rozellomycota_sp;sh__SH0155566.10FU,NA,NA,NA,NA,NA,NA,NA,NA,NA,NA,NA,NA,NA,NA,NA,NA,NA,NA,NA,NA,NA,NA,NA
Basidiomycota,Agaricomycetes,Agaricales,Cortinariaceae,Cortinarius,Cortinarius_sp;sh__SH0192456.10FU,jrk02100,Basidiomycota,Agaricomycetes,Agaricales,Cortinariaceae,,ectomycorrhizal,,,,,,,non-aquatic,,,filamentous_mycelium,agaricoid,gills,medium-distance_fringe,/cortinarius,,
Basidiomycota,Agaricomycetes,NA,NA,NA,NA,NA,NA,NA,NA,NA,NA,NA,NA,NA,NA,NA,NA,NA,NA,NA,NA,NA,NA,NA,NA,NA,NA,NA
Fungi_phy_Incertae_sedis,Fungi_cls_Incertae_sedis,Fungi_ord_Incertae_sedis,Fungi_fam_Incertae_sedis,Fungi_gen_Incertae_sedis,Fungi_sp;sh__SH0154483.10FU,NA,NA,NA,NA,NA,NA,NA,NA,NA,NA,NA,NA,NA,NA,NA,NA,NA,NA,NA,NA,NA,NA,NA
Ascomycota,Leotiomycetes,Helotiales,Helotiaceae,Cudoniella,Cudoniella_sp;sh__SH0177316.10FU,jrk02239,Ascomycota,Leotiomycetes,Helotiales,Helotiaceae,,litter_saprotroph,wood_saprotroph,,,,"wood,leaf/fruit/seed",,partly_freshwater_(partly_non-aquatic),,,filamentous_mycelium,apothecium_(hymenium_on_surface),smooth,,,,
NA,NA,NA,NA,NA,NA,NA,NA,NA,NA,NA,NA,NA,NA,NA,NA,NA,NA,NA,NA,NA,NA,NA,NA,NA,NA,NA,NA,NA
Rozellomycota,Rozellomycota_cls_Incertae_sedis,Rozellomycota_ord_Incertae_sedis,Rozellomycota_fam_Incertae_sedis,Rozellomycota_gen_Incertae_sedis,Rozellomycota_sp;sh__SH0104816.10FU,NA,NA,NA,NA,NA,NA,NA,NA,NA,NA,NA,NA,NA,NA,NA,NA,NA,NA,NA,NA,NA,NA,NA
Ascomycota,Laboulbeniomycetes,Pyxidiophorales,Pyxidiophoraceae,Pyxidiophoraceae_gen_Incertae_sedis,Pyxidiophoraceae_sp;sh__SH0152984.10FU,NA,NA,NA,NA,NA,NA,NA,NA,NA,NA,NA,NA,NA,NA,NA,NA,NA,NA,NA,NA,NA,NA,NA
Ascomycota,Eurotiomycetes,Chaetothyriales,Chaetothyriales_fam_Incertae_sedis,Chaetothyriales_gen_Incertae_sedis,Chaetothyriales_sp;sh__SH0062378.10FU,NA,NA,NA,NA,NA,NA,NA,NA,NA,NA,NA,NA,NA,NA,NA,NA,NA,NA,NA,NA,NA,NA,NA
Basidiomycota,Agaricomycetes,Agaricales,Cortinariaceae,Cortinarius,Cortinarius_fragrantior;sh__SH0191588.10FU,jrk02100,Basidiomycota,Agaricomycetes,Agaricales,Cortinariaceae,,ectomycorrhizal,,,,,,,non-aquatic,,,filamentous_mycelium,agaricoid,gills,medium-distance_fringe,/cortinarius,,
Ascomycota,Leotiomycetes,Helotiales,Pezizellaceae,Chalara,Chalara_sp;sh__SH0023123.10FU,jrk01652,Ascomycota,Leotiomycetes,Helotiales,Pezizellaceae,,litter_saprotroph,plant_pathogen,hypervariable,foliar_endophyte,"wood_pathogen,leaf/fruit/seed_pathogen","wood,leaf/fruit/seed",soft_rot,non-aquatic,,,filamentous_mycelium,None,none,,,,
Ascomycota,Geoglossomycetes,Geoglossales,Geoglossaceae,Geoglossum,Geoglossum_scabripes;sh__SH0117442.10FU,jrk03376,Ascomycota,Geoglossomycetes,Geoglossales,Geoglossaceae,,soil_saprotroph,unspecified_symbiotroph,CHEGD_symbiotrophs,root-associated,root-associated,"roots,soil",,non-aquatic,,,filamentous_mycelium,clavarioid,smooth,,,,
Rozellomycota,Rozellomycota_cls_Incertae_sedis,Rozellomycota_ord_Incertae_sedis,Rozellomycota_fam_Incertae_sedis,Rozellomycota_gen_Incertae_sedis,Rozellomycota_sp,NA,NA,NA,NA,NA,NA,NA,NA,NA,NA,NA,NA,NA,NA,NA,NA,NA,NA,NA,NA,NA,NA,NA
Chytridiomycota,Spizellomycetes,Spizellomycetales,NA,NA,NA,NA,NA,NA,NA,NA,NA,NA,NA,NA,NA,NA,NA,NA,NA,NA,NA,NA,NA,NA,NA,NA,NA,NA
Ascomycota,Leotiomycetes,Helotiales,Ascocorticiaceae,Ascocorticium,Ascocorticium_sorbicola;sh__SH0074054.10FU,jrk00657,Ascomycota,Leotiomycetes,Helotiales,Ascocorticiaceae,,wood_saprotroph,,,,,wood,,non-aquatic,,,filamentous_mycelium,other,smooth,,,,
Basidiomycota,Agaricomycetes,Agaricales,Psathyrellaceae,Psathyrella,Psathyrella_flexispora;sh__SH0158069.10FU,jrk06986,Basidiomycota,Agaricomycetes,Agaricales,Psathyrellaceae,,wood_saprotroph,litter_saprotroph,,,,"wood,leaf/fruit/seed",,partly_aquatic,,,filamentous_mycelium,agaricoid,gills,,,,
Ascomycota,Eurotiomycetes,Chaetothyriales,Herpotrichiellaceae,Herpotrichiellaceae_gen_Incertae_sedis,Herpotrichiellaceae_sp;sh__SH0052456.10FU,NA,NA,NA,NA,NA,NA,NA,NA,NA,NA,NA,NA,NA,NA,NA,NA,NA,NA,NA,NA,NA,NA,NA
Mucoromycota,Endogonomycetes,GS21,GS21_fam_Incertae_sedis,GS21_gen_Incertae_sedis,GS21_sp;sh__SH0195568.10FU,NA,NA,NA,NA,NA,NA,NA,NA,NA,NA,NA,NA,NA,NA,NA,NA,NA,NA,NA,NA,NA,NA,NA
Basidiomycota,Agaricomycetes,Agaricales,Hymenogastraceae,Phaeocollybia,NA,jrk06378,Basidiomycota,Agaricomycetes,Agaricales,Hymenogastraceae,,ectomycorrhizal,,,,,,,non-aquatic,,,filamentous_mycelium,agaricoid,gills,unknown,/phaeocollybia,,
Ascomycota,Lecanoromycetes,NA,NA,NA,NA,NA,NA,NA,NA,NA,NA,NA,NA,NA,NA,NA,NA,NA,NA,NA,NA,NA,NA,NA,NA,NA,NA,NA
Ascomycota,Leotiomycetes,Helotiales,Hyaloscyphaceae,Hyaloscypha,Hyaloscypha_gabretae;sh__SH0110712.10FU,jrk03965,Ascomycota,Leotiomycetes,Helotiales,Hyaloscyphaceae,,litter_saprotroph,wood_saprotroph,"ectomycorrhizal_H._Bicolor,_H._Finlandica,_ericoid_mycorrhizal_H._Variabilis,_plant_pathogen_some_species",,leaf/fruit/seed_pathogen,"wood,leaf/fruit/seed",,partly_freshwater_(partly_non-aquatic),,mosses,filamentous_mycelium,apothecium_(hymenium_on_surface),smooth,,,,
Ascomycota,NA,NA,NA,NA,NA,NA,NA,NA,NA,NA,NA,NA,NA,NA,NA,NA,NA,NA,NA,NA,NA,NA,NA,NA,NA,NA,NA,NA
Basidiomycota,Agaricomycetes,Boletales,Boletaceae,Boletus,Boletus_edulis;sh__SH0177773.10FU,jrk01095,Basidiomycota,Agaricomycetes,Boletales,Boletaceae,,ectomycorrhizal,,,,,,,non-aquatic,,,filamentous_mycelium,agaricoid,poroid,long-distance,/boletus,,
Basidiomycota,Tremellomycetes,Tremellales,Tremellales_fam_Incertae_sedis,Tremellales_gen_Incertae_sedis,Tremellales_sp;sh__SH0019373.10FU,NA,NA,NA,NA,NA,NA,NA,NA,NA,NA,NA,NA,NA,NA,NA,NA,NA,NA,NA,NA,NA,NA,NA
Basidiomycota,Geminibasidiomycetes,Geminibasidiales,Geminibasidiaceae,Geminibasidium,NA,jrk03363,Basidiomycota,Geminibasidiomycetes,Geminibasidiales,Geminibasidiaceae,,soil_saprotroph,,extremophile_xerophile_and_heat_resistant,,,soil,,non-aquatic,,,filamentous_mycelium,none,none,,,,
Mucoromycota,Endogonomycetes,GS22,GS22_fam_Incertae_sedis,GS22_gen_Incertae_sedis,GS22_sp;sh__SH0116906.10FU,NA,NA,NA,NA,NA,NA,NA,NA,NA,NA,NA,NA,NA,NA,NA,NA,NA,NA,NA,NA,NA,NA,NA
Mucoromycota,Endogonomycetes,GS22,GS22_fam_Incertae_sedis,GS22_gen_Incertae_sedis,GS22_sp,NA,NA,NA,NA,NA,NA,NA,NA,NA,NA,NA,NA,NA,NA,NA,NA,NA,NA,NA,NA,NA,NA,NA
Basidiomycota,Agaricomycetes,Auriculariales,Auriculariales_fam_Incertae_sedis,Auriculariales_gen_Incertae_sedis,Auriculariales_sp;sh__SH0158204.10FU,NA,NA,NA,NA,NA,NA,NA,NA,NA,NA,NA,NA,NA,NA,NA,NA,NA,NA,NA,NA,NA,NA,NA
NA,NA,NA,NA,NA,NA,NA,NA,NA,NA,NA,NA,NA,NA,NA,NA,NA,NA,NA,NA,NA,NA,NA,NA,NA,NA,NA,NA,NA
NA,NA,NA,NA,NA,NA,NA,NA,NA,NA,NA,NA,NA,NA,NA,NA,NA,NA,NA,NA,NA,NA,NA,NA,NA,NA,NA,NA,NA
Ascomycota,Sordariomycetes,Amphisphaeriales,Sporocadaceae,NA,NA,NA,NA,NA,NA,NA,NA,NA,NA,NA,NA,NA,NA,NA,NA,NA,NA,NA,NA,NA,NA,NA,NA,NA
Ascomycota,Dothideomycetes,Mycosphaerellales,Teratosphaeriaceae,Catenulostroma,Catenulostroma_protearum;sh__SH0072192.10FU,jrk01487,Ascomycota,Dothideomycetes,Capnodiales,Teratosphaeriaceae,,plant_pathogen,,,,leaf/fruit/seed_pathogen,,,non-aquatic,,,filamentous_mycelium,"perithecium_(hymenium_hidden,_narrow_opening)",closed,,,,
Mucoromycota,Endogonomycetes,Endogonales,Endogonaceae,Endogone,Endogone_pisiformis;sh__SH0010045.10FU,jrk02917,Mucoromycota,Endogonomycetes,Endogonales,Endogonaceae,,soil_saprotroph,root_endophyte,ectomycorrhizal_1-2_species_in_E.pisiformis_complex,root_endophyte,root-associated,soil,,non-aquatic,,,filamentous_mycelium,zygosporangium,closed,short-distance_delicate,/endogone3,,
Ascomycota,NA,NA,NA,NA,NA,NA,NA,NA,NA,NA,NA,NA,NA,NA,NA,NA,NA,NA,NA,NA,NA,NA,NA,NA,NA,NA,NA,NA
Ascomycota,Leotiomycetes,Helotiales,Myxotrichaceae,Oidiodendron,Oidiodendron_majus;sh__SH0144659.10FU,jrk05883,Ascomycota,Leotiomycetes,Helotiales,Amorphothecaceae,,soil_saprotroph,root_endophyte,ericoid_mycorrhizal_O._maius,root_endophyte,root-associated,soil,,partly_aquatic,,,filamentous_mycelium,none,,,,,
Basidiomycota,Agaricomycetes,Agaricales,Entolomataceae,Clitopilus,Clitopilus_sp;sh__SH0088273.10FU,jrk01875,Basidiomycota,Agaricomycetes,Agaricales,Entolomataceae,,litter_saprotroph,,mycoparasite_some_species,,,leaf/fruit/seed,,non-aquatic,,,filamentous_mycelium,agaricoid,gills,,,,
Chytridiomycota,Chytridiomycota_cls_Incertae_sedis,Chytridiomycota_ord_Incertae_sedis,Chytridiomycota_fam_Incertae_sedis,Chytridiomycota_gen_Incertae_sedis,Chytridiomycota_sp;sh__SH0084345.10FU,NA,NA,NA,NA,NA,NA,NA,NA,NA,NA,NA,NA,NA,NA,NA,NA,NA,NA,NA,NA,NA,NA,NA
Basidiomycota,Agaricomycetes,Agaricomycetes_ord_Incertae_sedis,Agaricomycetes_fam_Incertae_sedis,Agaricomycetes_gen_Incertae_sedis,Agaricomycetes_sp;sh__SH0175227.10FU,NA,NA,NA,NA,NA,NA,NA,NA,NA,NA,NA,NA,NA,NA,NA,NA,NA,NA,NA,NA,NA,NA,NA
Basidiomycota,Agaricomycetes,Trechisporales,Hydnodontaceae,Trechispora,Trechispora_caucasica;sh__SH0086509.10FU,jrk08926,Basidiomycota,Agaricomycetes,Trechisporales,Hydnodontaceae,,wood_saprotroph,,,,,wood,white_rot,non-aquatic,,,filamentous_mycelium,corticioid,poroid,,,,
Basidiomycota,Agaricomycetes,Agaricales,Mycenaceae,Mycena,Mycena_sp;sh__SH0077956.10FU,jrk05357,Basidiomycota,Agaricomycetes,Agaricales,Mycenaceae,,litter_saprotroph,root-associated,wood_saprotroph_many_species,root-associated,leaf/fruit/seed_pathogen,leaf/fruit/seed,,non-aquatic,,,filamentous_mycelium,agaricoid,gills,,,,
Ascomycota,Archaeorhizomycetes,Archaeorhizomycetales,Archaeorhizomycetaceae,Archaeorhizomyces,Archaeorhizomyces_sp;sh__SH0176991.10FU,jrk00567,Ascomycota,Archaeorhizomycetes,Archaeorhizomycetales,Archaeorhizomycetaceae,,soil_saprotroph,root-associated,,root-associated,root-associated,"roots,soil",,non-aquatic,,,filamentous_mycelium,none,none,,,,
Ascomycota,Leotiomycetes,Helotiales,Myxotrichaceae,Oidiodendron,NA,jrk05883,Ascomycota,Leotiomycetes,Helotiales,Amorphothecaceae,,soil_saprotroph,root_endophyte,ericoid_mycorrhizal_O._maius,root_endophyte,root-associated,soil,,partly_aquatic,,,filamentous_mycelium,none,,,,,
Ascomycota,Leotiomycetes,Helotiales,Myxotrichaceae,Oidiodendron,Oidiodendron_echinulatum;sh__SH0144872.10FU,jrk05883,Ascomycota,Leotiomycetes,Helotiales,Amorphothecaceae,,soil_saprotroph,root_endophyte,ericoid_mycorrhizal_O._maius,root_endophyte,root-associated,soil,,partly_aquatic,,,filamentous_mycelium,none,,,,,
Basidiomycota,Agaricomycetes,Sebacinales,Serendipitaceae,Serendipita,Serendipita_sp;sh__SH0003263.10FU,jrk08004,Basidiomycota,Agaricomycetes,Sebacinales,Serendipitaceae,,root_endophyte,soil_saprotroph,ectomycorrhizal_1%_species/ericoid_mycorrhizal_many_species/orchid_mycorrhizal,root_endophyte,,soil,,non-aquatic,,,filamentous_mycelium,none,none,,,,
Ascomycota,Leotiomycetes,Leotiales,Tympanidaceae,Tympanidaceae_gen_Incertae_sedis,Tympanidaceae_sp;sh__SH0006423.10FU,NA,NA,NA,NA,NA,NA,NA,NA,NA,NA,NA,NA,NA,NA,NA,NA,NA,NA,NA,NA,NA,NA,NA
Chytridiomycota,Chytridiomycota_cls_Incertae_sedis,Chytridiomycota_ord_Incertae_sedis,Chytridiomycota_fam_Incertae_sedis,Chytridiomycota_gen_Incertae_sedis,Chytridiomycota_sp;sh__SH0192839.10FU,NA,NA,NA,NA,NA,NA,NA,NA,NA,NA,NA,NA,NA,NA,NA,NA,NA,NA,NA,NA,NA,NA,NA
Basidiomycota,Agaricomycetes,Cantharellales,Ceratobasidiaceae,Ceratobasidiaceae_gen_Incertae_sedis,Ceratobasidiaceae_sp,NA,NA,NA,NA,NA,NA,NA,NA,NA,NA,NA,NA,NA,NA,NA,NA,NA,NA,NA,NA,NA,NA,NA
Ascomycota,Eurotiomycetes,Sclerococcales,Dactylosporaceae,Sclerococcum,Sclerococcum_ahtii;sh__SH0135176.10FU,jrk07879,Ascomycota,Eurotiomycetes,Sclerococcales,Dactylosporaceae,,lichen_parasite,fungal_decomposer,saprotroph_unspecified_some_species,,,"fungal_material,algal_material",,non-aquatic,,,filamentous_mycelium,apothecium_(hymenium_on_surface),smooth,,,,
Ascomycota,Lecanoromycetes,Baeomycetales,Trapeliaceae,Trapelia,Trapelia_obtegens;sh__SH0079938.10FU,jrk08920,Ascomycota,Lecanoromycetes,Baeomycetales,Trapeliaceae,,lichenized,,,,,,,non-aquatic,,,thallus_photosynthetic,apothecium_(hymenium_on_surface),smooth,,,chlorococcoid,
Basidiomycota,GS27,GS27_ord_Incertae_sedis,GS27_ord_Incertae_sedis_fam_Incertae_sedis,GS27_ord_Incertae_sedis_gen_Incertae_sedis,GS27_ord_Incertae_sedis_sp;sh__SH0074333.10FU,NA,NA,NA,NA,NA,NA,NA,NA,NA,NA,NA,NA,NA,NA,NA,NA,NA,NA,NA,NA,NA,NA,NA
NA,NA,NA,NA,NA,NA,NA,NA,NA,NA,NA,NA,NA,NA,NA,NA,NA,NA,NA,NA,NA,NA,NA,NA,NA,NA,NA,NA,NA
NA,NA,NA,NA,NA,NA,NA,NA,NA,NA,NA,NA,NA,NA,NA,NA,NA,NA,NA,NA,NA,NA,NA,NA,NA,NA,NA,NA,NA
Ascomycota,Leotiomycetes,Helotiales,Gelatinodiscaceae,Neobulgaria,Neobulgaria_sp;sh__SH0123137.10FU,jrk05580,Ascomycota,Leotiomycetes,Helotiales,Gelatinodiscaceae,,wood_saprotroph,,,,,wood,,non-aquatic,,,filamentous_mycelium,apothecium_(hymenium_on_surface),smooth,,,,
Basidiomycota,Agaricomycetes,Atheliales,Atheliaceae,Athelia,Athelia_termitophila;sh__SH0076183.10FU,jrk00750,Basidiomycota,Agaricomycetes,Atheliales,Atheliaceae,,lichen_parasite,fungal_decomposer,wood_saprotroph_some_species,,algal_parasite,"fungal_material,algal_material",,non-aquatic,,algae,filamentous_mycelium,corticioid,smooth,,,,
Ascomycota,Pezizomycotina_cls_Incertae_sedis,Pezizomycotina_ord_Incertae_sedis,Pezizomycotina_fam_Incertae_sedis,Pezizomycotina_gen_Incertae_sedis,Pezizomycotina_sp;sh__SH0117848.10FU,NA,NA,NA,NA,NA,NA,NA,NA,NA,NA,NA,NA,NA,NA,NA,NA,NA,NA,NA,NA,NA,NA,NA
NA,NA,NA,NA,NA,NA,NA,NA,NA,NA,NA,NA,NA,NA,NA,NA,NA,NA,NA,NA,NA,NA,NA,NA,NA,NA,NA,NA,NA
Ascomycota,Leotiomycetes,Helotiales,Myxotrichaceae,Oidiodendron,NA,jrk05883,Ascomycota,Leotiomycetes,Helotiales,Amorphothecaceae,,soil_saprotroph,root_endophyte,ericoid_mycorrhizal_O._maius,root_endophyte,root-associated,soil,,partly_aquatic,,,filamentous_mycelium,none,,,,,
Ascomycota,Dothideomycetes,Pleosporales,Lentitheciaceae,Keissleriella,Keissleriella_yonaguniensis;sh__SH0135387.10FU,jrk04303,Ascomycota,Dothideomycetes,Pleosporales,Lentitheciaceae,,wood_saprotroph,,,no_endophytic_capacity,,wood,,partly_freshwater_(partly_non-aquatic),,,filamentous_mycelium,"perithecium_(hymenium_hidden,_narrow_opening)",closed,,,,
Ascomycota,NA,NA,NA,NA,NA,NA,NA,NA,NA,NA,NA,NA,NA,NA,NA,NA,NA,NA,NA,NA,NA,NA,NA,NA,NA,NA,NA,NA
Chytridiomycota,Rhizophydiomycetes,Rhizophydiales,Rhizophydiales_fam_Incertae_sedis,Rhizophydiales_gen_Incertae_sedis,Rhizophydiales_sp;sh__SH0082503.10FU,NA,NA,NA,NA,NA,NA,NA,NA,NA,NA,NA,NA,NA,NA,NA,NA,NA,NA,NA,NA,NA,NA,NA
Basidiomycota,Microbotryomycetes,Sporidiobolales,Sporidiobolaceae,Rhodotorula,Rhodotorula_sp;sh__SH0096468.10FU,jrk07587,Basidiomycota,Microbotryomycetes,Sporidiobolales,Sporidiobolaceae,,unspecified_saprotroph,foliar_endophyte,,foliar_endophyte,,,,partly_aquatic,opportunistic_human_parasite,,yeast,none,none,,,,
Ascomycota,Leotiomycetes,Helotiales,Helotiales_fam_Incertae_sedis,Helotiales_gen_Incertae_sedis,Helotiales_sp,NA,NA,NA,NA,NA,NA,NA,NA,NA,NA,NA,NA,NA,NA,NA,NA,NA,NA,NA,NA,NA,NA,NA
Ascomycota,Archaeorhizomycetes,Archaeorhizomycetales,NA,NA,NA,NA,NA,NA,NA,NA,NA,NA,NA,NA,NA,NA,NA,NA,NA,NA,NA,NA,NA,NA,NA,NA,NA,NA
Ascomycota,NA,NA,NA,NA,NA,NA,NA,NA,NA,NA,NA,NA,NA,NA,NA,NA,NA,NA,NA,NA,NA,NA,NA,NA,NA,NA,NA,NA
Ascomycota,Orbiliomycetes,Orbiliales,Orbiliaceae,Orbiliaceae_gen_Incertae_sedis,Orbiliaceae_sp;sh__SH0142818.10FU,NA,NA,NA,NA,NA,NA,NA,NA,NA,NA,NA,NA,NA,NA,NA,NA,NA,NA,NA,NA,NA,NA,NA
Rozellomycota,Rozellomycota_cls_Incertae_sedis,Rozellomycota_ord_Incertae_sedis,Rozellomycota_fam_Incertae_sedis,Rozellomycota_gen_Incertae_sedis,Rozellomycota_sp,NA,NA,NA,NA,NA,NA,NA,NA,NA,NA,NA,NA,NA,NA,NA,NA,NA,NA,NA,NA,NA,NA,NA
Rozellomycota,Rozellomycota_cls_Incertae_sedis,Rozellomycota_ord_Incertae_sedis,Rozellomycota_fam_Incertae_sedis,Rozellomycota_gen_Incertae_sedis,Rozellomycota_sp;sh__SH0137244.10FU,NA,NA,NA,NA,NA,NA,NA,NA,NA,NA,NA,NA,NA,NA,NA,NA,NA,NA,NA,NA,NA,NA,NA
Ascomycota,Leotiomycetes,Helotiales,Helotiales_fam_Incertae_sedis,NA,NA,NA,NA,NA,NA,NA,NA,NA,NA,NA,NA,NA,NA,NA,NA,NA,NA,NA,NA,NA,NA,NA,NA,NA
Chytridiomycota,Rhizophydiomycetes,Rhizophydiales,Rhizophydiales_fam_Incertae_sedis,Rhizophydiales_gen_Incertae_sedis,Rhizophydiales_sp;sh__SH0180570.10FU,NA,NA,NA,NA,NA,NA,NA,NA,NA,NA,NA,NA,NA,NA,NA,NA,NA,NA,NA,NA,NA,NA,NA
Ascomycota,Saccharomycetes,Saccharomycetales,Saccharomycetales_fam_Incertae_sedis,Teunomyces,Teunomyces_cretensis;sh__SH0143784.10FU,jrk08743,Ascomycota,Saccharomycetes,Saccharomycetales,Saccharomycetales family incertae sedis,,nectar/tap_saprotroph,,,,,sugar-rich_substrates,,non-aquatic,arthropod-associated,,yeast,none,none,,,,
Basidiomycota,Agaricomycetes,Agaricales,Cortinariaceae,Cortinarius,Cortinarius_modestus;sh__SH0192226.10FU,jrk02100,Basidiomycota,Agaricomycetes,Agaricales,Cortinariaceae,,ectomycorrhizal,,,,,,,non-aquatic,,,filamentous_mycelium,agaricoid,gills,medium-distance_fringe,/cortinarius,,
Mucoromycota,Endogonomycetes,Endogonales,Endogonaceae,Endogone,Endogone_pisiformis;sh__SH0010045.10FU,jrk02917,Mucoromycota,Endogonomycetes,Endogonales,Endogonaceae,,soil_saprotroph,root_endophyte,ectomycorrhizal_1-2_species_in_E.pisiformis_complex,root_endophyte,root-associated,soil,,non-aquatic,,,filamentous_mycelium,zygosporangium,closed,short-distance_delicate,/endogone3,,
Ascomycota,Sordariomycetes,Amphisphaeriales,Beltraniaceae,Hemibeltrania,Hemibeltrania_sp;sh__SH0175889.10FU,jrk03781,Ascomycota,Sordariomycetes,Amphisphaeriales,Beltraniaceae,,litter_saprotroph,,,,,leaf/fruit/seed,,non-aquatic,,,filamentous_mycelium,none,none,,,,
Basidiomycota,Agaricomycetes,Polyporales,Podoscyphaceae,Hypochnicium,Hypochnicium_multiforme;sh__SH0141998.10FU,jrk04050,Basidiomycota,Agaricomycetes,Polyporales,Podoscyphaceae,,wood_saprotroph,,,,,wood,white_rot,non-aquatic,,,filamentous_mycelium,corticioid,smooth,,,,
Ascomycota,Leotiomycetes,NA,NA,NA,NA,NA,NA,NA,NA,NA,NA,NA,NA,NA,NA,NA,NA,NA,NA,NA,NA,NA,NA,NA,NA,NA,NA,NA
Ascomycota,NA,NA,NA,NA,NA,NA,NA,NA,NA,NA,NA,NA,NA,NA,NA,NA,NA,NA,NA,NA,NA,NA,NA,NA,NA,NA,NA,NA
Rozellomycota,Rozellomycota_cls_Incertae_sedis,Rozellomycota_ord_Incertae_sedis,Rozellomycota_fam_Incertae_sedis,Rozellomycota_gen_Incertae_sedis,Rozellomycota_sp;sh__SH0168598.10FU,NA,NA,NA,NA,NA,NA,NA,NA,NA,NA,NA,NA,NA,NA,NA,NA,NA,NA,NA,NA,NA,NA,NA
Ascomycota,Sordariomycetes,Amphisphaeriales,Amphisphaeriaceae,Funiliomyces,Funiliomyces_sp;sh__SH0193487.10FU,jrk10066,Ascomycota,Sordariomycetes,Xylariales,Amphisphaeriaceae,,plant_pathogen,litter_saprotroph,,,leaf/fruit/seed_pathogen,leaf/fruit/seed,,non-aquatic,,Bromeliaceae,filamentous_mycelium,"perithecium_(hymenium_hidden,_narrow_opening)",closed,,,,
Ascomycota,Dothideomycetes,Dothideomycetes_ord_Incertae_sedis,Dothideomycetes_fam_Incertae_sedis,Dothideomycetes_gen_Incertae_sedis,Dothideomycetes_sp;sh__SH0045598.10FU,NA,NA,NA,NA,NA,NA,NA,NA,NA,NA,NA,NA,NA,NA,NA,NA,NA,NA,NA,NA,NA,NA,NA
Fungi_phy_Incertae_sedis,Fungi_cls_Incertae_sedis,Fungi_ord_Incertae_sedis,Fungi_fam_Incertae_sedis,Fungi_gen_Incertae_sedis,Fungi_sp;sh__SH0206781.10FU,NA,NA,NA,NA,NA,NA,NA,NA,NA,NA,NA,NA,NA,NA,NA,NA,NA,NA,NA,NA,NA,NA,NA
Basidiomycota,Agaricomycetes,Trechisporales,Hydnodontaceae,Trechispora,Trechispora_stevensonii;sh__SH0143685.10FU,jrk08926,Basidiomycota,Agaricomycetes,Trechisporales,Hydnodontaceae,,wood_saprotroph,,,,,wood,white_rot,non-aquatic,,,filamentous_mycelium,corticioid,poroid,,,,
Ascomycota,Leotiomycetes,Helotiales,Myxotrichaceae,Oidiodendron,Oidiodendron_majus;sh__SH0144659.10FU,jrk05883,Ascomycota,Leotiomycetes,Helotiales,Amorphothecaceae,,soil_saprotroph,root_endophyte,ericoid_mycorrhizal_O._maius,root_endophyte,root-associated,soil,,partly_aquatic,,,filamentous_mycelium,none,,,,,
Ascomycota,Leotiomycetes,Helotiales,Myxotrichaceae,Oidiodendron,NA,jrk05883,Ascomycota,Leotiomycetes,Helotiales,Amorphothecaceae,,soil_saprotroph,root_endophyte,ericoid_mycorrhizal_O._maius,root_endophyte,root-associated,soil,,partly_aquatic,,,filamentous_mycelium,none,,,,,
Basidiomycota,Agaricomycetes,Russulales,Russulaceae,Russula,NA,jrk07726,Basidiomycota,Agaricomycetes,Russulales,Russulaceae,,ectomycorrhizal,,,,,,,non-aquatic,,,filamentous_mycelium,agaricoid,gills,contact,/russula-lactarius,,
Ascomycota,NA,NA,NA,NA,NA,NA,NA,NA,NA,NA,NA,NA,NA,NA,NA,NA,NA,NA,NA,NA,NA,NA,NA,NA,NA,NA,NA,NA
Basidiomycota,Agaricomycetes,Thelephorales,Thelephoraceae,Tomentella,Tomentella_sp;sh__SH0186801.10FU,jrk08875,Basidiomycota,Agaricomycetes,Thelephorales,Thelephoraceae,,ectomycorrhizal,,,,,,,non-aquatic,,,filamentous_mycelium,corticioid,smooth,medium-distance_smooth,/tomentella-thelephora,,
Ascomycota,Leotiomycetes,Helotiales,Myxotrichaceae,Oidiodendron,NA,jrk05883,Ascomycota,Leotiomycetes,Helotiales,Amorphothecaceae,,soil_saprotroph,root_endophyte,ericoid_mycorrhizal_O._maius,root_endophyte,root-associated,soil,,partly_aquatic,,,filamentous_mycelium,none,,,,,
Basidiomycota,Geminibasidiomycetes,Geminibasidiales,Geminibasidiaceae,Geminibasidium,NA,jrk03363,Basidiomycota,Geminibasidiomycetes,Geminibasidiales,Geminibasidiaceae,,soil_saprotroph,,extremophile_xerophile_and_heat_resistant,,,soil,,non-aquatic,,,filamentous_mycelium,none,none,,,,
Ascomycota,NA,NA,NA,NA,NA,NA,NA,NA,NA,NA,NA,NA,NA,NA,NA,NA,NA,NA,NA,NA,NA,NA,NA,NA,NA,NA,NA,NA
Basidiomycota,GS26,GS26_ord_Incertae_sedis,GS26_ord_Incertae_sedis_fam_Incertae_sedis,GS26_ord_Incertae_sedis_gen_Incertae_sedis,GS26_ord_Incertae_sedis_sp;sh__SH0070471.10FU,NA,NA,NA,NA,NA,NA,NA,NA,NA,NA,NA,NA,NA,NA,NA,NA,NA,NA,NA,NA,NA,NA,NA
Ascomycota,NA,NA,NA,NA,NA,NA,NA,NA,NA,NA,NA,NA,NA,NA,NA,NA,NA,NA,NA,NA,NA,NA,NA,NA,NA,NA,NA,NA
Ascomycota,Leotiomycetes,Helotiales,Myxotrichaceae,Oidiodendron,Oidiodendron_tenuissimum;sh__SH0144706.10FU,jrk05883,Ascomycota,Leotiomycetes,Helotiales,Amorphothecaceae,,soil_saprotroph,root_endophyte,ericoid_mycorrhizal_O._maius,root_endophyte,root-associated,soil,,partly_aquatic,,,filamentous_mycelium,none,,,,,
Ascomycota,Pezizomycetes,Pezizales,Pezizaceae,Paragalactinia,Paragalactinia_infossa;sh__SH0186713.10FU,NA,NA,NA,NA,NA,NA,NA,NA,NA,NA,NA,NA,NA,NA,NA,NA,NA,NA,NA,NA,NA,NA,NA
Ascomycota,Sordariomycetes,Xylariales,Xylariales_fam_Incertae_sedis,Xylariales_gen_Incertae_sedis,Xylariales_sp,NA,NA,NA,NA,NA,NA,NA,NA,NA,NA,NA,NA,NA,NA,NA,NA,NA,NA,NA,NA,NA,NA,NA
Ascomycota,Leotiomycetes,Helotiales,Helotiales_fam_Incertae_sedis,Helotiales_gen_Incertae_sedis,Helotiales_sp;sh__SH0013194.10FU,NA,NA,NA,NA,NA,NA,NA,NA,NA,NA,NA,NA,NA,NA,NA,NA,NA,NA,NA,NA,NA,NA,NA
Ascomycota,Leotiomycetes,Rhytismatales,Rhytismatales_fam_Incertae_sedis,Rhytismatales_gen_Incertae_sedis,Rhytismatales_sp;sh__SH0006457.10FU,NA,NA,NA,NA,NA,NA,NA,NA,NA,NA,NA,NA,NA,NA,NA,NA,NA,NA,NA,NA,NA,NA,NA
Basidiomycota,Agaricomycetes,Boletales,Rhizopogonaceae,Rhizopogon,Rhizopogon_sardous;sh__SH0129889.10FU,jrk09605,Basidiomycota,Agaricomycetes,Boletales,Rhizopogonaceae,,ectomycorrhizal,,,,,,,non-aquatic,,Pinaceae,filamentous_mycelium,gasteroid,closed,long-distance,/suillus-rhizopogon,,
Basidiomycota,Tremellomycetes,Filobasidiales,Filobasidiales_fam_Incertae_sedis,Filobasidiales_gen_Incertae_sedis,Filobasidiales_sp;sh__SH0149349.10FU,NA,NA,NA,NA,NA,NA,NA,NA,NA,NA,NA,NA,NA,NA,NA,NA,NA,NA,NA,NA,NA,NA,NA
Chytridiomycota,Chytridiomycota_cls_Incertae_sedis,Chytridiomycota_ord_Incertae_sedis,Chytridiomycota_fam_Incertae_sedis,Chytridiomycota_gen_Incertae_sedis,Chytridiomycota_sp;sh__SH0106344.10FU,NA,NA,NA,NA,NA,NA,NA,NA,NA,NA,NA,NA,NA,NA,NA,NA,NA,NA,NA,NA,NA,NA,NA
Ascomycota,Dothideomycetes,Capnodiales,Capnodiales_fam_Incertae_sedis,Capnodiales_gen_Incertae_sedis,Capnodiales_sp;sh__SH0180357.10FU,NA,NA,NA,NA,NA,NA,NA,NA,NA,NA,NA,NA,NA,NA,NA,NA,NA,NA,NA,NA,NA,NA,NA
Ascomycota,Eurotiomycetes,Eurotiales,Aspergillaceae,Penicillium,NA,jrk06287,Ascomycota,Eurotiomycetes,Eurotiales,Aspergillaceae,,unspecified_saprotroph,foliar_endophyte,"toxin-producing,animal_parasite_some_species,mycoparasite_some_species",foliar_endophyte,,soil,mold,partly_aquatic,opportunistic_human_parasite,,filamentous_mycelium,none,,,,,
Ascomycota,Leotiomycetes,Helotiales,Pezizellaceae,Hyalodendriella,Hyalodendriella_sp;sh__SH0107138.10FU,jrk03950,Ascomycota,Leotiomycetes,Helotiales,Pezizellaceae,,wood_saprotroph,,,,,wood,,non-aquatic,,,filamentous_mycelium,none,none,,,,
Rozellomycota,Rozellomycota_cls_Incertae_sedis,Rozellomycota_ord_Incertae_sedis,Rozellomycota_fam_Incertae_sedis,Rozellomycota_gen_Incertae_sedis,Rozellomycota_sp;sh__SH0004990.10FU,NA,NA,NA,NA,NA,NA,NA,NA,NA,NA,NA,NA,NA,NA,NA,NA,NA,NA,NA,NA,NA,NA,NA
Ascomycota,Pezizomycetes,Pezizales,Chorioactidaceae,Desmazierella,Desmazierella_acicola;sh__SH0044726.10FU,jrk02505,Ascomycota,Pezizomycetes,Pezizales,Chorioactidaceae,,litter_saprotroph,,,,,leaf/fruit/seed,,non-aquatic,,,filamentous_mycelium,apothecium_(hymenium_on_surface),smooth,,,,
Ascomycota,Dothideomycetes,Capnodiales,Capnodiales_fam_Incertae_sedis,Capnodiales_gen_Incertae_sedis,Capnodiales_sp,NA,NA,NA,NA,NA,NA,NA,NA,NA,NA,NA,NA,NA,NA,NA,NA,NA,NA,NA,NA,NA,NA,NA
Ascomycota,Leotiomycetes,Helotiales,NA,NA,NA,NA,NA,NA,NA,NA,NA,NA,NA,NA,NA,NA,NA,NA,NA,NA,NA,NA,NA,NA,NA,NA,NA,NA
Ascomycota,Dothideomycetes,Pleosporales,Dictyosporiaceae,Dictyosporiaceae_gen_Incertae_sedis,Dictyosporiaceae_sp;sh__SH0154349.10FU,NA,NA,NA,NA,NA,NA,NA,NA,NA,NA,NA,NA,NA,NA,NA,NA,NA,NA,NA,NA,NA,NA,NA
Basidiomycota,Microbotryomycetes,Microbotryomycetes_ord_Incertae_sedis,Microbotryomycetes_fam_Incertae_sedis,Udeniozyma,Udeniozyma_sp;sh__SH0144972.10FU,jrk09143,Basidiomycota,Microbotryomycetes,Microbotryomycetes order incertae sedis,Microbotryomycetes family incertae sedis,,unspecified,,,,,,,freshwater,,,yeast,none,none,,,,
Basidiomycota,Agaricomycetes,Agaricomycetes_ord_Incertae_sedis,Agaricomycetes_fam_Incertae_sedis,Agaricomycetes_gen_Incertae_sedis,Agaricomycetes_sp;sh__SH0183545.10FU,NA,NA,NA,NA,NA,NA,NA,NA,NA,NA,NA,NA,NA,NA,NA,NA,NA,NA,NA,NA,NA,NA,NA
Ascomycota,Eurotiomycetes,Chaetothyriales,Chaetothyriales_fam_Incertae_sedis,Chaetothyriales_gen_Incertae_sedis,Chaetothyriales_sp;sh__SH0078138.10FU,NA,NA,NA,NA,NA,NA,NA,NA,NA,NA,NA,NA,NA,NA,NA,NA,NA,NA,NA,NA,NA,NA,NA
Rozellomycota,Rozellomycota_cls_Incertae_sedis,Rozellomycota_ord_Incertae_sedis,Rozellomycota_fam_Incertae_sedis,Rozellomycota_gen_Incertae_sedis,Rozellomycota_sp;sh__SH0009015.10FU,NA,NA,NA,NA,NA,NA,NA,NA,NA,NA,NA,NA,NA,NA,NA,NA,NA,NA,NA,NA,NA,NA,NA
Ascomycota,Sordariomycetes,Hypocreales,Clavicipitaceae,NA,NA,NA,NA,NA,NA,NA,NA,NA,NA,NA,NA,NA,NA,NA,NA,NA,NA,NA,NA,NA,NA,NA,NA,NA
Basidiomycota,Agaricomycetes,Thelephorales,Thelephoraceae,Thelephoraceae_gen_Incertae_sedis,Thelephoraceae_sp;sh__SH0128076.10FU,NA,NA,NA,NA,NA,NA,NA,NA,NA,NA,NA,NA,NA,NA,NA,NA,NA,NA,NA,NA,NA,NA,NA
Ascomycota,Dothideomycetes,NA,NA,NA,NA,NA,NA,NA,NA,NA,NA,NA,NA,NA,NA,NA,NA,NA,NA,NA,NA,NA,NA,NA,NA,NA,NA,NA
Ascomycota,Leotiomycetes,Helotiales,Helotiales_fam_Incertae_sedis,Helotiales_gen_Incertae_sedis,Helotiales_sp;sh__SH0052305.10FU,NA,NA,NA,NA,NA,NA,NA,NA,NA,NA,NA,NA,NA,NA,NA,NA,NA,NA,NA,NA,NA,NA,NA
Basidiomycota,Agaricomycetes,Agaricales,Entolomataceae,Entocybe,Entocybe_nitida;sh__SH0064039.10FU,jrk02959,Basidiomycota,Agaricomycetes,Agaricales,Entolomataceae,,litter_saprotroph,,,,,leaf/fruit/seed,,non-aquatic,,,filamentous_mycelium,agaricoid,gills,,,,
NA,NA,NA,NA,NA,NA,NA,NA,NA,NA,NA,NA,NA,NA,NA,NA,NA,NA,NA,NA,NA,NA,NA,NA,NA,NA,NA,NA,NA
Basidiomycota,Agaricomycetes,Trechisporales,Hydnodontaceae,Trechispora,Trechispora_byssinella;sh__SH0184008.10FU,jrk08926,Basidiomycota,Agaricomycetes,Trechisporales,Hydnodontaceae,,wood_saprotroph,,,,,wood,white_rot,non-aquatic,,,filamentous_mycelium,corticioid,poroid,,,,
Ascomycota,Eurotiomycetes,Eurotiales,Aspergillaceae,Penicillium,Penicillium_spinulosum;sh__SH0140494.10FU,jrk06287,Ascomycota,Eurotiomycetes,Eurotiales,Aspergillaceae,,unspecified_saprotroph,foliar_endophyte,"toxin-producing,animal_parasite_some_species,mycoparasite_some_species",foliar_endophyte,,soil,mold,partly_aquatic,opportunistic_human_parasite,,filamentous_mycelium,none,,,,,
Ascomycota,Sordariomycetes,Hypocreales,Hypocreaceae,Hypomyces,Hypomyces_sp;sh__SH0102035.10FU,jrk04066,Ascomycota,Sordariomycetes,Hypocreales,Hypocreaceae,,mycoparasite,fungal_decomposer,,,,fungal_material,,,,,filamentous_mycelium,"perithecium_(hymenium_hidden,_narrow_opening)",closed,,,,
Ascomycota,Eurotiomycetes,Eurotiales,Aspergillaceae,Penicillium,NA,jrk06287,Ascomycota,Eurotiomycetes,Eurotiales,Aspergillaceae,,unspecified_saprotroph,foliar_endophyte,"toxin-producing,animal_parasite_some_species,mycoparasite_some_species",foliar_endophyte,,soil,mold,partly_aquatic,opportunistic_human_parasite,,filamentous_mycelium,none,,,,,
Ascomycota,Saccharomycetes,Saccharomycetales,Saccharomycetales_fam_Incertae_sedis,Saccharomycetales_gen_Incertae_sedis,Saccharomycetales_sp;sh__SH0114861.10FU,NA,NA,NA,NA,NA,NA,NA,NA,NA,NA,NA,NA,NA,NA,NA,NA,NA,NA,NA,NA,NA,NA,NA
Basidiomycota,Agaricomycetes,Agaricales,Hymenogastraceae,Hebeloma,NA,jrk03722,Basidiomycota,Agaricomycetes,Agaricales,Hymenogastraceae,,ectomycorrhizal,,,,,,,non-aquatic,,,filamentous_mycelium,agaricoid,gills,short-distance_delicate,/hebeloma-alnicola,,
Ascomycota,Dothideomycetes,Dothideomycetes_ord_Incertae_sedis,Dothideomycetes_fam_Incertae_sedis,Dothideomycetes_gen_Incertae_sedis,Dothideomycetes_sp;sh__SH0183108.10FU,NA,NA,NA,NA,NA,NA,NA,NA,NA,NA,NA,NA,NA,NA,NA,NA,NA,NA,NA,NA,NA,NA,NA
Ascomycota,Leotiomycetes,Leotiomycetes_ord_Incertae_sedis,Leotiomycetes_fam_Incertae_sedis,Leotiomycetes_gen_Incertae_sedis,Leotiomycetes_sp;sh__SH0008544.10FU,NA,NA,NA,NA,NA,NA,NA,NA,NA,NA,NA,NA,NA,NA,NA,NA,NA,NA,NA,NA,NA,NA,NA
Ascomycota,Leotiomycetes,NA,NA,NA,NA,NA,NA,NA,NA,NA,NA,NA,NA,NA,NA,NA,NA,NA,NA,NA,NA,NA,NA,NA,NA,NA,NA,NA
Rozellomycota,Rozellomycotina_cls_Incertae_sedis,GS11,GS11_fam_Incertae_sedis,GS11_gen_Incertae_sedis,GS11_sp;sh__SH0004052.10FU,NA,NA,NA,NA,NA,NA,NA,NA,NA,NA,NA,NA,NA,NA,NA,NA,NA,NA,NA,NA,NA,NA,NA
Basidiomycota,Agaricomycetes,Sebacinales,Serendipitaceae,Serendipita,Serendipita_sp;sh__SH0147375.10FU,jrk08004,Basidiomycota,Agaricomycetes,Sebacinales,Serendipitaceae,,root_endophyte,soil_saprotroph,ectomycorrhizal_1%_species/ericoid_mycorrhizal_many_species/orchid_mycorrhizal,root_endophyte,,soil,,non-aquatic,,,filamentous_mycelium,none,none,,,,
Basidiomycota,NA,NA,NA,NA,NA,NA,NA,NA,NA,NA,NA,NA,NA,NA,NA,NA,NA,NA,NA,NA,NA,NA,NA,NA,NA,NA,NA,NA
Basidiomycota,Agaricomycetes,Agaricales,Agaricales_fam_Incertae_sedis,Agaricales_gen_Incertae_sedis,Agaricales_sp;sh__SH0134113.10FU,NA,NA,NA,NA,NA,NA,NA,NA,NA,NA,NA,NA,NA,NA,NA,NA,NA,NA,NA,NA,NA,NA,NA
Ascomycota,Dothideomycetes,Venturiales,Sympoventuriaceae,Pseudosigmoidea,Pseudosigmoidea_excentrica;sh__SH0009649.10FU,jrk07205,Ascomycota,Dothideomycetes,Venturiales,Sympoventuriaceae,,soil_saprotroph,root_endophyte_dark_septate,,root_endophyte_dark_septate,,soil,,non-aquatic,,,filamentous_mycelium,"perithecium_(hymenium_hidden,_narrow_opening)",closed,,,,
Ascomycota,Dothideomycetes,NA,NA,NA,NA,NA,NA,NA,NA,NA,NA,NA,NA,NA,NA,NA,NA,NA,NA,NA,NA,NA,NA,NA,NA,NA,NA,NA
Ascomycota,Eurotiomycetes,Chaetothyriales,Chaetothyriales_fam_Incertae_sedis,Chaetothyriales_gen_Incertae_sedis,Chaetothyriales_sp;sh__SH0069740.10FU,NA,NA,NA,NA,NA,NA,NA,NA,NA,NA,NA,NA,NA,NA,NA,NA,NA,NA,NA,NA,NA,NA,NA
Fungi_phy_Incertae_sedis,Fungi_cls_Incertae_sedis,Fungi_ord_Incertae_sedis,Fungi_fam_Incertae_sedis,Fungi_gen_Incertae_sedis,Fungi_sp,NA,NA,NA,NA,NA,NA,NA,NA,NA,NA,NA,NA,NA,NA,NA,NA,NA,NA,NA,NA,NA,NA,NA
Basidiomycota,Agaricomycetes,Cantharellales,Hydnaceae,Sistotrema,Sistotrema_adnatum;sh__SH0159809.10FU,jrk08105,Basidiomycota,Agaricomycetes,Cantharellales,Cantharellales family incertae sedis,,litter_saprotroph,,ectomycorrhizal_many_species,,,leaf/fruit/seed,,non-aquatic,,,filamentous_mycelium,corticioid,smooth,medium-distance_fringe,/cantharellus,,
Ascomycota,Orbiliomycetes,Orbiliales,Orbiliaceae,NA,NA,NA,NA,NA,NA,NA,NA,NA,NA,NA,NA,NA,NA,NA,NA,NA,NA,NA,NA,NA,NA,NA,NA,NA
Basidiomycota,Agaricomycetes,NA,NA,NA,NA,NA,NA,NA,NA,NA,NA,NA,NA,NA,NA,NA,NA,NA,NA,NA,NA,NA,NA,NA,NA,NA,NA,NA
Rozellomycota,Rozellomycota_cls_Incertae_sedis,Rozellomycota_ord_Incertae_sedis,Rozellomycota_fam_Incertae_sedis,Rozellomycota_gen_Incertae_sedis,Rozellomycota_sp,NA,NA,NA,NA,NA,NA,NA,NA,NA,NA,NA,NA,NA,NA,NA,NA,NA,NA,NA,NA,NA,NA,NA
Chytridiomycota,Rhizophydiomycetes,Rhizophydiales,Rhizophydiaceae,Rhizophydium,Rhizophydium_sp,jrk07563,Chytridiomycota,Rhizophydiomycetes,Rhizophydiales,Rhizophydiaceae,,algal_parasite,litter_saprotroph,"hypervariable,_parasite_on_algae,protists,and_plants;_Saprobic_on_plant_and_animal_matter",,algal_parasite,"leaf/fruit/seed,algal_material,fungal_material,protist_material",keratinolytic,partly_freshwater_(partly_non-aquatic),,,zoosporic-rhizomycelial_(chytrid-like),zoosporangium,closed,,,,
Basidiomycota,Microbotryomycetes,Microbotryomycetes_ord_Incertae_sedis,Microbotryomycetes_fam_Incertae_sedis,Microbotryomycetes_gen_Incertae_sedis,Microbotryomycetes_sp,NA,NA,NA,NA,NA,NA,NA,NA,NA,NA,NA,NA,NA,NA,NA,NA,NA,NA,NA,NA,NA,NA,NA
Ascomycota,Orbiliomycetes,Orbiliales,Orbiliaceae,Lecophagus,Lecophagus_longisporus;sh__SH0146182.10FU,jrk04534,Ascomycota,Orbiliomycetes,Orbiliales,Orbiliaceae,,animal_parasite,wood_saprotroph,,,,"wood,animal_material",,partly_freshwater_(partly_non-aquatic),nematophagous,,filamentous_mycelium,apothecium_(hymenium_on_surface),smooth,,,,
Rozellomycota,Rozellomycota_cls_Incertae_sedis,Rozellomycota_ord_Incertae_sedis,Rozellomycota_fam_Incertae_sedis,Rozellomycota_gen_Incertae_sedis,Rozellomycota_sp;sh__SH0155562.10FU,NA,NA,NA,NA,NA,NA,NA,NA,NA,NA,NA,NA,NA,NA,NA,NA,NA,NA,NA,NA,NA,NA,NA
Ascomycota,Dothideomycetes,Pleosporales,Periconiaceae,Periconia,NA,jrk06306,Ascomycota,Dothideomycetes,Pleosporales,Periconiaceae,,plant_pathogen,foliar_endophyte,,foliar_endophyte,leaf/fruit/seed_pathogen,leaf/fruit/seed,soft_rot,partly_aquatic,,,filamentous_mycelium,none,,,,,
Ascomycota,Leotiomycetes,Helotiales,Hyaloscyphaceae,Meliniomyces,Meliniomyces_sp;sh__SH0110672.10FU,jrk05054,Ascomycota,Leotiomycetes,Helotiales,Hyaloscyphaceae,,root_endophyte,soil_saprotroph,ectomycorrhizal_M._bicolor/ericoid_mycorrhizal_M._variabilis,root_endophyte,,soil,,non-aquatic,,,filamentous_mycelium,None,none,short-distance_delicate,/meliniomyces,,
Basidiomycota,Agaricomycetes,Agaricales,Phyllotopsidaceae,Pleurocybella,Pleurocybella_porrigens;sh__SH0106064.10FU,jrk06754,Basidiomycota,Agaricomycetes,Agaricales,Agaricales family incertae sedis,,wood_saprotroph,,,,,wood,,non-aquatic,,,filamentous_mycelium,agaricoid,gills,,,,
Basidiomycota,Tremellomycetes,Trichosporonales,Tetragoniomycetaceae,Tetragoniomycetaceae_gen_Incertae_sedis,Tetragoniomycetaceae_sp;sh__SH0020263.10FU,NA,NA,NA,NA,NA,NA,NA,NA,NA,NA,NA,NA,NA,NA,NA,NA,NA,NA,NA,NA,NA,NA,NA
Mucoromycota,Endogonomycetes,Endogonales,Densosporaceae,Densospora,Densospora_sp;sh__SH0019285.10FU,jrk02477,Mucoromycota,Endogonomycetes,Endogonales,Densosporaceae,,ectomycorrhizal,soil_saprotroph,moss-associated_many_species,root_endophyte,,,,non-aquatic,,,filamentous_mycelium,zygosporangium,closed,short-distance_delicate,/densospora,,
Ascomycota,Ascomycota_cls_Incertae_sedis,Ascomycota_ord_Incertae_sedis,Ascomycota_fam_Incertae_sedis,Ascomycota_gen_Incertae_sedis,Ascomycota_sp,NA,NA,NA,NA,NA,NA,NA,NA,NA,NA,NA,NA,NA,NA,NA,NA,NA,NA,NA,NA,NA,NA,NA
Ascomycota,Leotiomycetes,Helotiales,Helotiaceae,Gloeotinia,Gloeotinia_sp,jrk03461,Ascomycota,Leotiomycetes,Helotiales,Helotiaceae,,plant_pathogen,litter_saprotroph,,,leaf/fruit/seed_pathogen,leaf/fruit/seed,,non-aquatic,,,filamentous_mycelium,apothecium_(hymenium_on_surface),smooth,,,,
Rozellomycota,Rozellomycota_cls_Incertae_sedis,Rozellomycota_ord_Incertae_sedis,Rozellomycota_fam_Incertae_sedis,Rozellomycota_gen_Incertae_sedis,Rozellomycota_sp;sh__SH0191038.10FU,NA,NA,NA,NA,NA,NA,NA,NA,NA,NA,NA,NA,NA,NA,NA,NA,NA,NA,NA,NA,NA,NA,NA
Mortierellomycota,Mortierellomycetes,Mortierellales,Mortierellaceae,Mortierella,Mortierella_sp;sh__SH0192867.10FU,jrk05302,Mortierellomycota,Mortierellomycetes,Mortierellales,Mortierellaceae,,soil_saprotroph,root-associated,,root-associated,root-associated,"roots,soil",chitinolytic,partly_aquatic,opportunistic_human_parasite,,filamentous_mycelium,none,none,,,,
Basidiomycota,Agaricomycetes,Agaricales,Entolomataceae,Entoloma,Entoloma_cetratum;sh__SH0064044.10FU,jrk02963,Basidiomycota,Agaricomycetes,Agaricales,Entolomataceae,,soil_saprotroph,unspecified_symbiotroph,"CHEGD_symbiotrophs,ectomycorrhizal_ca_10%_of_species",root-associated,root-associated,"roots,soil",,non-aquatic,,,filamentous_mycelium,agaricoid,gills,medium-distance_smooth,/entoloma,,
Basidiomycota,Agaricomycetes,Cantharellales,Cantharellales_fam_Incertae_sedis,Cantharellales_gen_Incertae_sedis,Cantharellales_sp;sh__SH0025174.10FU,NA,NA,NA,NA,NA,NA,NA,NA,NA,NA,NA,NA,NA,NA,NA,NA,NA,NA,NA,NA,NA,NA,NA
Basidiomycota,Agaricomycetes,Hymenochaetales,Schizoporaceae,Xylodon,Xylodon_asperus;sh__SH0182154.10FU,jrk09485,Basidiomycota,Agaricomycetes,Hymenochaetales,Schizoporaceae,,wood_saprotroph,,,,,wood,white_rot,partly_aquatic,,,filamentous_mycelium,corticioid,hydnoid,,,,
Basidiomycota,Agaricomycetes,Agaricales,Agaricaceae,NA,NA,NA,NA,NA,NA,NA,NA,NA,NA,NA,NA,NA,NA,NA,NA,NA,NA,NA,NA,NA,NA,NA,NA,NA
Ascomycota,Dothideomycetes,Pleosporales,Periconiaceae,Periconia,NA,jrk06306,Ascomycota,Dothideomycetes,Pleosporales,Periconiaceae,,plant_pathogen,foliar_endophyte,,foliar_endophyte,leaf/fruit/seed_pathogen,leaf/fruit/seed,soft_rot,partly_aquatic,,,filamentous_mycelium,none,,,,,
Ascomycota,Lecanoromycetes,Lecanoromycetes_ord_Incertae_sedis,Lecanoromycetes_fam_Incertae_sedis,Lecanoromycetes_gen_Incertae_sedis,Lecanoromycetes_sp;sh__SH0106434.10FU,NA,NA,NA,NA,NA,NA,NA,NA,NA,NA,NA,NA,NA,NA,NA,NA,NA,NA,NA,NA,NA,NA,NA
Ascomycota,Leotiomycetes,NA,NA,NA,NA,NA,NA,NA,NA,NA,NA,NA,NA,NA,NA,NA,NA,NA,NA,NA,NA,NA,NA,NA,NA,NA,NA,NA
Basidiomycota,Agaricomycetes,NA,NA,NA,NA,NA,NA,NA,NA,NA,NA,NA,NA,NA,NA,NA,NA,NA,NA,NA,NA,NA,NA,NA,NA,NA,NA,NA
Ascomycota,Leotiomycetes,Leotiales,Tympanidaceae,Tympanidaceae_gen_Incertae_sedis,Tympanidaceae_sp;sh__SH0085769.10FU,NA,NA,NA,NA,NA,NA,NA,NA,NA,NA,NA,NA,NA,NA,NA,NA,NA,NA,NA,NA,NA,NA,NA
Basidiomycota,Agaricomycetes,NA,NA,NA,NA,NA,NA,NA,NA,NA,NA,NA,NA,NA,NA,NA,NA,NA,NA,NA,NA,NA,NA,NA,NA,NA,NA,NA
Ascomycota,Dothideomycetes,Mycosphaerellales,Teratosphaeriaceae,Recurvomyces,Recurvomyces_mirabilis;sh__SH0072126.10FU,jrk07467,Ascomycota,Dothideomycetes,Capnodiales,Teratosphaeriaceae,,soil_saprotroph,rock-inhabiting,,,,soil,,non-aquatic,,,filamentous_mycelium,"perithecium_(hymenium_hidden,_narrow_opening)",closed,,,,
Ascomycota,Leotiomycetes,Helotiales,Helotiales_fam_Incertae_sedis,Helotiales_gen_Incertae_sedis,Helotiales_sp;sh__SH0188037.10FU,NA,NA,NA,NA,NA,NA,NA,NA,NA,NA,NA,NA,NA,NA,NA,NA,NA,NA,NA,NA,NA,NA,NA
NA,NA,NA,NA,NA,NA,NA,NA,NA,NA,NA,NA,NA,NA,NA,NA,NA,NA,NA,NA,NA,NA,NA,NA,NA,NA,NA,NA,NA
Ascomycota,Leotiomycetes,Helotiales,Helotiales_fam_Incertae_sedis,Helotiales_gen_Incertae_sedis,Helotiales_sp;sh__SH0008386.10FU,NA,NA,NA,NA,NA,NA,NA,NA,NA,NA,NA,NA,NA,NA,NA,NA,NA,NA,NA,NA,NA,NA,NA
NA,NA,NA,NA,NA,NA,NA,NA,NA,NA,NA,NA,NA,NA,NA,NA,NA,NA,NA,NA,NA,NA,NA,NA,NA,NA,NA,NA,NA
Rozellomycota,Rozellomycota_cls_Incertae_sedis,Rozellomycota_ord_Incertae_sedis,Rozellomycota_fam_Incertae_sedis,Rozellomycota_gen_Incertae_sedis,Rozellomycota_sp;sh__SH0023875.10FU,NA,NA,NA,NA,NA,NA,NA,NA,NA,NA,NA,NA,NA,NA,NA,NA,NA,NA,NA,NA,NA,NA,NA
NA,NA,NA,NA,NA,NA,NA,NA,NA,NA,NA,NA,NA,NA,NA,NA,NA,NA,NA,NA,NA,NA,NA,NA,NA,NA,NA,NA,NA
Basidiomycota,Agaricomycetes,Agaricales,Entolomataceae,Entoloma,Entoloma_conchatum;sh__SH0064032.10FU,jrk02963,Basidiomycota,Agaricomycetes,Agaricales,Entolomataceae,,soil_saprotroph,unspecified_symbiotroph,"CHEGD_symbiotrophs,ectomycorrhizal_ca_10%_of_species",root-associated,root-associated,"roots,soil",,non-aquatic,,,filamentous_mycelium,agaricoid,gills,medium-distance_smooth,/entoloma,,
Basidiomycota,Tremellomycetes,Tremellales,Tremellales_fam_Incertae_sedis,Tremellales_gen_Incertae_sedis,Tremellales_sp,NA,NA,NA,NA,NA,NA,NA,NA,NA,NA,NA,NA,NA,NA,NA,NA,NA,NA,NA,NA,NA,NA,NA
Basidiomycota,Pucciniomycetes,Pucciniales,NA,NA,NA,NA,NA,NA,NA,NA,NA,NA,NA,NA,NA,NA,NA,NA,NA,NA,NA,NA,NA,NA,NA,NA,NA,NA
NA,NA,NA,NA,NA,NA,NA,NA,NA,NA,NA,NA,NA,NA,NA,NA,NA,NA,NA,NA,NA,NA,NA,NA,NA,NA,NA,NA,NA
Ascomycota,Lecanoromycetes,Lecanorales,Lecanorales_fam_Incertae_sedis,Lecanorales_gen_Incertae_sedis,Lecanorales_sp;sh__SH0017347.10FU,NA,NA,NA,NA,NA,NA,NA,NA,NA,NA,NA,NA,NA,NA,NA,NA,NA,NA,NA,NA,NA,NA,NA
Ascomycota,NA,NA,NA,NA,NA,NA,NA,NA,NA,NA,NA,NA,NA,NA,NA,NA,NA,NA,NA,NA,NA,NA,NA,NA,NA,NA,NA,NA
Rozellomycota,Rozellomycota_cls_Incertae_sedis,Rozellomycota_ord_Incertae_sedis,Rozellomycota_fam_Incertae_sedis,Rozellomycota_gen_Incertae_sedis,Rozellomycota_sp,NA,NA,NA,NA,NA,NA,NA,NA,NA,NA,NA,NA,NA,NA,NA,NA,NA,NA,NA,NA,NA,NA,NA
Ascomycota,Dothideomycetes,Pleosporales,Melanommataceae,Petrakia,Petrakia_sp;sh__SH0004806.10FU,jrk06342,Ascomycota,Dothideomycetes,Pleosporales,Melanommataceae,,plant_pathogen,litter_saprotroph,,,leaf/fruit/seed_pathogen,leaf/fruit/seed,,non-aquatic,,,filamentous_mycelium,none,,,,,
Basidiomycota,Microbotryomycetes,Microbotryomycetes_ord_Incertae_sedis,Microbotryomycetes_fam_Incertae_sedis,Microbotryomycetes_gen_Incertae_sedis,Microbotryomycetes_sp;sh__SH0198098.10FU,NA,NA,NA,NA,NA,NA,NA,NA,NA,NA,NA,NA,NA,NA,NA,NA,NA,NA,NA,NA,NA,NA,NA
Basidiomycota,Exobasidiomycetes,Georgefischeriales,Tilletiariaceae,Tilletiaria,Tilletiaria_anomala;sh__SH0075446.10FU,jrk08853,Basidiomycota,Exobasidiomycetes,Georgefischeriales,Tilletiariaceae,,wood_saprotroph,,,,,wood,,non-aquatic,,,dimorphic_yeast,none,none,,,,
NA,NA,NA,NA,NA,NA,NA,NA,NA,NA,NA,NA,NA,NA,NA,NA,NA,NA,NA,NA,NA,NA,NA,NA,NA,NA,NA,NA,NA
Basidiomycota,Agaricomycetes,Agaricales,Mycenaceae,Mycena,Mycena_sp;sh__SH0149123.10FU,jrk05357,Basidiomycota,Agaricomycetes,Agaricales,Mycenaceae,,litter_saprotroph,root-associated,wood_saprotroph_many_species,root-associated,leaf/fruit/seed_pathogen,leaf/fruit/seed,,non-aquatic,,,filamentous_mycelium,agaricoid,gills,,,,
Basidiomycota,Agaricomycetes,Agaricales,Entolomataceae,Entoloma,Entoloma_huijsmanii;sh__SH0160639.10FU,jrk02963,Basidiomycota,Agaricomycetes,Agaricales,Entolomataceae,,soil_saprotroph,unspecified_symbiotroph,"CHEGD_symbiotrophs,ectomycorrhizal_ca_10%_of_species",root-associated,root-associated,"roots,soil",,non-aquatic,,,filamentous_mycelium,agaricoid,gills,medium-distance_smooth,/entoloma,,
Ascomycota,Lecanoromycetes,Acarosporales,Acarosporaceae,Acarospora,Acarospora_sp;sh__SH0187264.10FU,jrk00044,Ascomycota,Lecanoromycetes,Acarosporales,Acarosporaceae,,lichenized,,,,,,,non-aquatic,,,thallus_photosynthetic,apothecium_(hymenium_on_surface),smooth,,,chlorococcoid,
Rozellomycota,Rozellomycota_cls_Incertae_sedis,Rozellomycota_ord_Incertae_sedis,Rozellomycota_fam_Incertae_sedis,Rozellomycota_gen_Incertae_sedis,Rozellomycota_sp;sh__SH0023863.10FU,NA,NA,NA,NA,NA,NA,NA,NA,NA,NA,NA,NA,NA,NA,NA,NA,NA,NA,NA,NA,NA,NA,NA
Ascomycota,Dothideomycetes,Pleosporales,Melanommataceae,Petrakia,Petrakia_sp;sh__SH0004806.10FU,jrk06342,Ascomycota,Dothideomycetes,Pleosporales,Melanommataceae,,plant_pathogen,litter_saprotroph,,,leaf/fruit/seed_pathogen,leaf/fruit/seed,,non-aquatic,,,filamentous_mycelium,none,,,,,
Basidiomycota,Agaricomycetes,Boletales,Rhizopogonaceae,Rhizopogon,Rhizopogon_parksii;sh__SH0129873.10FU,jrk09605,Basidiomycota,Agaricomycetes,Boletales,Rhizopogonaceae,,ectomycorrhizal,,,,,,,non-aquatic,,Pinaceae,filamentous_mycelium,gasteroid,closed,long-distance,/suillus-rhizopogon,,
Ascomycota,Leotiomycetes,Helotiales,NA,NA,NA,NA,NA,NA,NA,NA,NA,NA,NA,NA,NA,NA,NA,NA,NA,NA,NA,NA,NA,NA,NA,NA,NA,NA
Ascomycota,Dothideomycetes,Venturiales,Sympoventuriaceae,Pinaceicola,Pinaceicola_cordae;sh__SH0156966.10FU,,Ascomycota,Dothideomycetes,Venturiales,Sympoventuriaceae,,litter_saprotroph,,,,,leaf/fruit/seed,,non-aquatic,,,filamentous_mycelium,"perithecium_(hymenium_hidden,_narrow_opening)",,,,,
Ascomycota,Dothideomycetes,Pleosporales,Neomassarinaceae,Pseudohelminthosporium,Pseudohelminthosporium_sp;sh__SH0018815.10FU,,Ascomycota,Dothideomycetes,Pleosporales,Neomassarinaceae,,wood_saprotroph,,,,,wood,,non-aquatic,,,filamentous_mycelium,"perithecium_(hymenium_hidden,_narrow_opening)",closed,,,,
Ascomycota,Dothideomycetes,Mycosphaerellales,Teratosphaeriaceae,Teratosphaeria,Teratosphaeria_sp;sh__SH0058276.10FU,jrk08709,Ascomycota,Dothideomycetes,Capnodiales,Teratosphaeriaceae,,plant_pathogen,litter_saprotroph,,,wood_pathogen,"wood,leaf/fruit/seed",,non-aquatic,,,filamentous_mycelium,"perithecium_(hymenium_hidden,_narrow_opening)",closed,,,,
Basidiomycota,Agaricomycetes,Cantharellales,Ceratobasidiaceae,Ceratobasidium,Ceratobasidium_sp;sh__SH0171710.10FU,jrk01540,Basidiomycota,Agaricomycetes,Cantharellales,Ceratobasidiaceae,,plant_pathogen,litter_saprotroph,ectomycorrhizal_1%_of_species/Orchid_Mycorrhizal_most_species,,leaf/fruit/seed_pathogen,"leaf/fruit/seed,roots,soil",,non-aquatic,,,filamentous_mycelium,corticioid,smooth,,,,
Mucoromycota,Endogonomycetes,Endogonomycetes_ord_Incertae_sedis,Endogonomycetes_fam_Incertae_sedis,Endogonomycetes_gen_Incertae_sedis,Endogonomycetes_sp;sh__SH0090428.10FU,NA,NA,NA,NA,NA,NA,NA,NA,NA,NA,NA,NA,NA,NA,NA,NA,NA,NA,NA,NA,NA,NA,NA
Basidiomycota,Agaricomycetes,Agaricales,Agaricales_fam_Incertae_sedis,Agaricales_gen_Incertae_sedis,Agaricales_sp;sh__SH0053784.10FU,NA,NA,NA,NA,NA,NA,NA,NA,NA,NA,NA,NA,NA,NA,NA,NA,NA,NA,NA,NA,NA,NA,NA
Basidiomycota,Agaricomycetes,Sebacinales,Serendipitaceae,Serendipita,Serendipita_sp;sh__SH0087077.10FU,jrk08004,Basidiomycota,Agaricomycetes,Sebacinales,Serendipitaceae,,root_endophyte,soil_saprotroph,ectomycorrhizal_1%_species/ericoid_mycorrhizal_many_species/orchid_mycorrhizal,root_endophyte,,soil,,non-aquatic,,,filamentous_mycelium,none,none,,,,
Basidiomycota,Agaricomycetes,Sebacinales,Serendipitaceae,Serendipita,Serendipita_sp,jrk08004,Basidiomycota,Agaricomycetes,Sebacinales,Serendipitaceae,,root_endophyte,soil_saprotroph,ectomycorrhizal_1%_species/ericoid_mycorrhizal_many_species/orchid_mycorrhizal,root_endophyte,,soil,,non-aquatic,,,filamentous_mycelium,none,none,,,,
Rozellomycota,Rozellomycota_cls_Incertae_sedis,Rozellomycota_ord_Incertae_sedis,Rozellomycota_fam_Incertae_sedis,Rozellomycota_gen_Incertae_sedis,Rozellomycota_sp;sh__SH0087130.10FU,NA,NA,NA,NA,NA,NA,NA,NA,NA,NA,NA,NA,NA,NA,NA,NA,NA,NA,NA,NA,NA,NA,NA
Basidiomycota,Microbotryomycetes,Sporidiobolales,Sporidiobolales_fam_Incertae_sedis,Sporidiobolales_gen_Incertae_sedis,Sporidiobolales_sp;sh__SH0148791.10FU,NA,NA,NA,NA,NA,NA,NA,NA,NA,NA,NA,NA,NA,NA,NA,NA,NA,NA,NA,NA,NA,NA,NA
NA,NA,NA,NA,NA,NA,NA,NA,NA,NA,NA,NA,NA,NA,NA,NA,NA,NA,NA,NA,NA,NA,NA,NA,NA,NA,NA,NA,NA
Basidiomycota,Agaricomycetes,Agaricales,Inocybaceae,Inocybe,NA,jrk04145,Basidiomycota,Agaricomycetes,Agaricales,Inocybaceae,,ectomycorrhizal,,,,,,,non-aquatic,,,filamentous_mycelium,agaricoid,gills,short-distance_delicate,/inocybe,,
Mortierellomycota,Mortierellomycetes,Mortierellales,Mortierellaceae,Mortierella,Mortierella_sp;sh__SH0192887.10FU,jrk05302,Mortierellomycota,Mortierellomycetes,Mortierellales,Mortierellaceae,,soil_saprotroph,root-associated,,root-associated,root-associated,"roots,soil",chitinolytic,partly_aquatic,opportunistic_human_parasite,,filamentous_mycelium,none,none,,,,
Basidiomycota,Agaricomycetes,Agaricales,Cortinariaceae,Cortinarius,NA,jrk02100,Basidiomycota,Agaricomycetes,Agaricales,Cortinariaceae,,ectomycorrhizal,,,,,,,non-aquatic,,,filamentous_mycelium,agaricoid,gills,medium-distance_fringe,/cortinarius,,
Rozellomycota,Rozellomycotina_cls_Incertae_sedis,GS08,GS08_fam_Incertae_sedis,GS08_gen_Incertae_sedis,GS08_sp;sh__SH0107471.10FU,NA,NA,NA,NA,NA,NA,NA,NA,NA,NA,NA,NA,NA,NA,NA,NA,NA,NA,NA,NA,NA,NA,NA
Basidiomycota,Agaricomycetes,Trechisporales,Hydnodontaceae,Trechispora,Trechispora_sp,jrk08926,Basidiomycota,Agaricomycetes,Trechisporales,Hydnodontaceae,,wood_saprotroph,,,,,wood,white_rot,non-aquatic,,,filamentous_mycelium,corticioid,poroid,,,,
Ascomycota,Leotiomycetes,Helotiales,Helotiales_fam_Incertae_sedis,Helotiales_gen_Incertae_sedis,Helotiales_sp;sh__SH0008452.10FU,NA,NA,NA,NA,NA,NA,NA,NA,NA,NA,NA,NA,NA,NA,NA,NA,NA,NA,NA,NA,NA,NA,NA
Basidiomycota,Agaricomycetes,Agaricales,Clavariaceae,Clavulinopsis,Clavulinopsis_sp;sh__SH0120231.10FU,jrk01853,Basidiomycota,Agaricomycetes,Agaricales,Clavariaceae,,soil_saprotroph,unspecified_symbiotroph,CHEGD_symbiotrophs,root-associated,root-associated,"roots,soil",,non-aquatic,,,filamentous_mycelium,clavarioid,smooth,,,,
Olpidiomycota,GS17,GS17_ord_Incertae_sedis,GS17_ord_Incertae_sedis_fam_Incertae_sedis,GS17_ord_Incertae_sedis_gen_Incertae_sedis,GS17_ord_Incertae_sedis_sp;sh__SH0195386.10FU,NA,NA,NA,NA,NA,NA,NA,NA,NA,NA,NA,NA,NA,NA,NA,NA,NA,NA,NA,NA,NA,NA,NA
Ascomycota,Leotiomycetes,Helotiales,Helotiales_fam_Incertae_sedis,Helotiales_gen_Incertae_sedis,Helotiales_sp;sh__SH0110848.10FU,NA,NA,NA,NA,NA,NA,NA,NA,NA,NA,NA,NA,NA,NA,NA,NA,NA,NA,NA,NA,NA,NA,NA
Ascomycota,Sordariomycetes,Chaetosphaeriales,Chaetosphaeriaceae,Chloridium,Chloridium_humicola;sh__SH0081892.10FU,jrk01702,Ascomycota,Sordariomycetes,Chaetosphaeriales,Chaetosphaeriaceae,,litter_saprotroph,wood_saprotroph,,root-associated,root_pathogen,"wood,leaf/fruit/seed,roots,animal_material",,partly_aquatic,opportunistic_human_parasite,,filamentous_mycelium,none,none,,,,
Ascomycota,Leotiomycetes,Leotiomycetes_ord_Incertae_sedis,Leotiomycetes_fam_Incertae_sedis,Leotiomycetes_gen_Incertae_sedis,Leotiomycetes_sp;sh__SH0134818.10FU,NA,NA,NA,NA,NA,NA,NA,NA,NA,NA,NA,NA,NA,NA,NA,NA,NA,NA,NA,NA,NA,NA,NA
Mucoromycota,Endogonomycetes,Endogonomycetes_ord_Incertae_sedis,Endogonomycetes_fam_Incertae_sedis,Endogonomycetes_gen_Incertae_sedis,Endogonomycetes_sp;sh__SH0100233.10FU,NA,NA,NA,NA,NA,NA,NA,NA,NA,NA,NA,NA,NA,NA,NA,NA,NA,NA,NA,NA,NA,NA,NA
Basidiomycota,Agaricomycetes,Geastrales,Geastrales_fam_Incertae_sedis,Geastrales_gen_Incertae_sedis,Geastrales_sp;sh__SH0151458.10FU,NA,NA,NA,NA,NA,NA,NA,NA,NA,NA,NA,NA,NA,NA,NA,NA,NA,NA,NA,NA,NA,NA,NA
Ascomycota,Dothideomycetes,Pleosporales,Astrosphaeriellaceae,Pithomyces,Pithomyces_valparadisiacus;sh__SH0170956.10FU,jrk06650,Ascomycota,Dothideomycetes,Pleosporales,Astrosphaeriellaceae,,plant_pathogen,,,,leaf/fruit/seed_pathogen,,,partly_aquatic,,,filamentous_mycelium,none,,,,,
Fungi_phy_Incertae_sedis,Fungi_cls_Incertae_sedis,Fungi_ord_Incertae_sedis,Fungi_fam_Incertae_sedis,Fungi_gen_Incertae_sedis,Fungi_sp;sh__SH0153982.10FU,NA,NA,NA,NA,NA,NA,NA,NA,NA,NA,NA,NA,NA,NA,NA,NA,NA,NA,NA,NA,NA,NA,NA
Basidiomycota,Agaricomycetes,Agaricales,Clavariaceae,NA,NA,NA,NA,NA,NA,NA,NA,NA,NA,NA,NA,NA,NA,NA,NA,NA,NA,NA,NA,NA,NA,NA,NA,NA
Basidiomycota,Agaricomycetes,Boletales,Suillaceae,Suillus,Suillus_bovinus;sh__SH0145063.10FU,jrk08511,Basidiomycota,Agaricomycetes,Boletales,Suillaceae,,ectomycorrhizal,,,,,,,non-aquatic,,Pinaceae,filamentous_mycelium,agaricoid,poroid,long-distance,/suillus-rhizopogon,,
Ascomycota,NA,NA,NA,NA,NA,NA,NA,NA,NA,NA,NA,NA,NA,NA,NA,NA,NA,NA,NA,NA,NA,NA,NA,NA,NA,NA,NA,NA
Basidiomycota,Agaricomycetes,Thelephorales,Thelephoraceae,Thelephoraceae_gen_Incertae_sedis,Thelephoraceae_sp;sh__SH0125726.10FU,NA,NA,NA,NA,NA,NA,NA,NA,NA,NA,NA,NA,NA,NA,NA,NA,NA,NA,NA,NA,NA,NA,NA
Chytridiomycota,NA,NA,NA,NA,NA,NA,NA,NA,NA,NA,NA,NA,NA,NA,NA,NA,NA,NA,NA,NA,NA,NA,NA,NA,NA,NA,NA,NA
Ascomycota,Dothideomycetes,Pleosporales,Melanommataceae,Pleotrichocladium,Pleotrichocladium_opacum;sh__SH0097218.10FU,jrk06746,Ascomycota,Dothideomycetes,Pleosporales,Melanommataceae,,wood_saprotroph,soil_saprotroph,,no_endophytic_capacity,,"wood,leaf/fruit/seed,soil",,partly_marine_(partly_non-aquatic),,,filamentous_mycelium,none,,,,,
Rozellomycota,Rozellomycota_cls_Incertae_sedis,Rozellomycota_ord_Incertae_sedis,Rozellomycota_fam_Incertae_sedis,Rozellomycota_gen_Incertae_sedis,Rozellomycota_sp;sh__SH0191151.10FU,NA,NA,NA,NA,NA,NA,NA,NA,NA,NA,NA,NA,NA,NA,NA,NA,NA,NA,NA,NA,NA,NA,NA
Ascomycota,Leotiomycetes,Helotiales,Helotiales_fam_Incertae_sedis,Helotiales_gen_Incertae_sedis,Helotiales_sp;sh__SH0008386.10FU,NA,NA,NA,NA,NA,NA,NA,NA,NA,NA,NA,NA,NA,NA,NA,NA,NA,NA,NA,NA,NA,NA,NA
Chytridiomycota,Chytridiomycota_cls_Incertae_sedis,Chytridiomycota_ord_Incertae_sedis,Chytridiomycota_fam_Incertae_sedis,Chytridiomycota_gen_Incertae_sedis,Chytridiomycota_sp;sh__SH0182807.10FU,NA,NA,NA,NA,NA,NA,NA,NA,NA,NA,NA,NA,NA,NA,NA,NA,NA,NA,NA,NA,NA,NA,NA
Basidiomycota,Microbotryomycetes,Sporidiobolales,Sporidiobolaceae,Rhodosporidiobolus,Rhodosporidiobolus_oreadorum;sh__SH0096473.10FU,jrk07584,Basidiomycota,Microbotryomycetes,Sporidiobolales,Sporidiobolaceae,,unspecified_saprotroph,,,,,,,partly_aquatic,,,yeast,none,none,,,,
Basidiomycota,Agaricomycetes,Agaricomycetes_ord_Incertae_sedis,Agaricomycetes_fam_Incertae_sedis,Agaricomycetes_gen_Incertae_sedis,Agaricomycetes_sp,NA,NA,NA,NA,NA,NA,NA,NA,NA,NA,NA,NA,NA,NA,NA,NA,NA,NA,NA,NA,NA,NA,NA
NA,NA,NA,NA,NA,NA,NA,NA,NA,NA,NA,NA,NA,NA,NA,NA,NA,NA,NA,NA,NA,NA,NA,NA,NA,NA,NA,NA,NA
Ascomycota,NA,NA,NA,NA,NA,NA,NA,NA,NA,NA,NA,NA,NA,NA,NA,NA,NA,NA,NA,NA,NA,NA,NA,NA,NA,NA,NA,NA
Ascomycota,Dothideomycetes,Mycosphaerellales,Mycosphaerellaceae,NA,NA,NA,NA,NA,NA,NA,NA,NA,NA,NA,NA,NA,NA,NA,NA,NA,NA,NA,NA,NA,NA,NA,NA,NA
Basidiomycota,Agaricomycetes,Auriculariales,Auriculariaceae,Auricularia,Auricularia_sp;sh__SH0181234.10FU,jrk00800,Basidiomycota,Agaricomycetes,Auriculariales,Auriculariaceae,,wood_saprotroph,,,,,wood,,partly_aquatic,,,filamentous_mycelium,tremelloid,smooth,,,,
Ascomycota,Ascomycota_cls_Incertae_sedis,Ascomycota_ord_Incertae_sedis,Ascomycota_fam_Incertae_sedis,Ascomycota_gen_Incertae_sedis,Ascomycota_sp,NA,NA,NA,NA,NA,NA,NA,NA,NA,NA,NA,NA,NA,NA,NA,NA,NA,NA,NA,NA,NA,NA,NA
Chytridiomycota,Cladochytriomycetes,Cladochytriales,Septochytriaceae,Septochytriaceae_gen_Incertae_sedis,Septochytriaceae_sp;sh__SH0087056.10FU,NA,NA,NA,NA,NA,NA,NA,NA,NA,NA,NA,NA,NA,NA,NA,NA,NA,NA,NA,NA,NA,NA,NA
Chytridiomycota,Rhizophydiomycetes,Rhizophydiales,Operculomycetaceae,Operculomyces,Operculomyces_laminatus;sh__SH0188854.10FU,jrk05921,Chytridiomycota,Rhizophydiomycetes,Rhizophydiales,Operculomycetaceae,,pollen_saprotroph,,,,,pollen,,partly_freshwater_(partly_non-aquatic),,,zoosporic-rhizomycelial_(chytrid-like),zoosporangium,closed,,,,
Ascomycota,Leotiomycetes,Helotiales,Mollisiaceae,Mollisiaceae_gen_Incertae_sedis,Mollisiaceae_sp;sh__SH0083040.10FU,NA,NA,NA,NA,NA,NA,NA,NA,NA,NA,NA,NA,NA,NA,NA,NA,NA,NA,NA,NA,NA,NA,NA
NA,NA,NA,NA,NA,NA,NA,NA,NA,NA,NA,NA,NA,NA,NA,NA,NA,NA,NA,NA,NA,NA,NA,NA,NA,NA,NA,NA,NA
Ascomycota,Lecanoromycetes,Lecanoromycetes_ord_Incertae_sedis,Lecanoromycetes_fam_Incertae_sedis,Lecanoromycetes_gen_Incertae_sedis,Lecanoromycetes_sp;sh__SH0129519.10FU,NA,NA,NA,NA,NA,NA,NA,NA,NA,NA,NA,NA,NA,NA,NA,NA,NA,NA,NA,NA,NA,NA,NA
Ascomycota,NA,NA,NA,NA,NA,NA,NA,NA,NA,NA,NA,NA,NA,NA,NA,NA,NA,NA,NA,NA,NA,NA,NA,NA,NA,NA,NA,NA
Ascomycota,NA,NA,NA,NA,NA,NA,NA,NA,NA,NA,NA,NA,NA,NA,NA,NA,NA,NA,NA,NA,NA,NA,NA,NA,NA,NA,NA,NA
Ascomycota,Leotiomycetes,Helotiales,Pezizellaceae,Chalara,NA,jrk01652,Ascomycota,Leotiomycetes,Helotiales,Pezizellaceae,,litter_saprotroph,plant_pathogen,hypervariable,foliar_endophyte,"wood_pathogen,leaf/fruit/seed_pathogen","wood,leaf/fruit/seed",soft_rot,non-aquatic,,,filamentous_mycelium,None,none,,,,
Basidiomycota,Agaricomycetes,Atheliales,Atheliales_fam_Incertae_sedis,Atheliales_gen_Incertae_sedis,Atheliales_sp;sh__SH0142757.10FU,NA,NA,NA,NA,NA,NA,NA,NA,NA,NA,NA,NA,NA,NA,NA,NA,NA,NA,NA,NA,NA,NA,NA
Ascomycota,Sordariomycetes,Hypocreales,Clavicipitaceae,Pochonia,Pochonia_globispora;sh__SH0138688.10FU,jrk06796,Ascomycota,Sordariomycetes,Hypocreales,Clavicipitaceae,,animal_parasite,animal_decomposer,,,,animal_material,,partly_aquatic,nematophagous,,filamentous_mycelium,none,,,,,
Glomeromycota,Glomeromycetes,Glomerales,Glomeraceae,Glomeraceae_gen_Incertae_sedis,Glomeraceae_sp;sh__SH0012180.10FU,NA,NA,NA,NA,NA,NA,NA,NA,NA,NA,NA,NA,NA,NA,NA,NA,NA,NA,NA,NA,NA,NA,NA
Basidiomycota,Agaricomycetes,Agaricales,Mycenaceae,Mycena,NA,jrk05357,Basidiomycota,Agaricomycetes,Agaricales,Mycenaceae,,litter_saprotroph,root-associated,wood_saprotroph_many_species,root-associated,leaf/fruit/seed_pathogen,leaf/fruit/seed,,non-aquatic,,,filamentous_mycelium,agaricoid,gills,,,,
Basidiomycota,Agaricomycetes,Agaricomycetes_ord_Incertae_sedis,Agaricomycetes_fam_Incertae_sedis,Agaricomycetes_gen_Incertae_sedis,Agaricomycetes_sp;sh__SH0087100.10FU,NA,NA,NA,NA,NA,NA,NA,NA,NA,NA,NA,NA,NA,NA,NA,NA,NA,NA,NA,NA,NA,NA,NA
NA,NA,NA,NA,NA,NA,NA,NA,NA,NA,NA,NA,NA,NA,NA,NA,NA,NA,NA,NA,NA,NA,NA,NA,NA,NA,NA,NA,NA
Rozellomycota,Rozellomycota_cls_Incertae_sedis,Rozellomycota_ord_Incertae_sedis,Rozellomycota_fam_Incertae_sedis,Rozellomycota_gen_Incertae_sedis,Rozellomycota_sp;sh__SH0009023.10FU,NA,NA,NA,NA,NA,NA,NA,NA,NA,NA,NA,NA,NA,NA,NA,NA,NA,NA,NA,NA,NA,NA,NA
NA,NA,NA,NA,NA,NA,NA,NA,NA,NA,NA,NA,NA,NA,NA,NA,NA,NA,NA,NA,NA,NA,NA,NA,NA,NA,NA,NA,NA
Basidiomycota,Agaricomycetes,Sebacinales,Sebacinaceae,Sebacinaceae_gen_Incertae_sedis,Sebacinaceae_sp;sh__SH0041383.10FU,NA,NA,NA,NA,NA,NA,NA,NA,NA,NA,NA,NA,NA,NA,NA,NA,NA,NA,NA,NA,NA,NA,NA
Basidiomycota,Agaricomycetes,Cantharellales,Ceratobasidiaceae,Ceratobasidiaceae_gen_Incertae_sedis,Ceratobasidiaceae_sp;sh__SH0155302.10FU,NA,NA,NA,NA,NA,NA,NA,NA,NA,NA,NA,NA,NA,NA,NA,NA,NA,NA,NA,NA,NA,NA,NA
Ascomycota,Leotiomycetes,Helotiales,Helotiales_fam_Incertae_sedis,Helotiales_gen_Incertae_sedis,Helotiales_sp,NA,NA,NA,NA,NA,NA,NA,NA,NA,NA,NA,NA,NA,NA,NA,NA,NA,NA,NA,NA,NA,NA,NA
Basidiomycota,Agaricomycetes,Sebacinales,Serendipitaceae,Serendipita,Serendipita_sp;sh__SH0010057.10FU,jrk08004,Basidiomycota,Agaricomycetes,Sebacinales,Serendipitaceae,,root_endophyte,soil_saprotroph,ectomycorrhizal_1%_species/ericoid_mycorrhizal_many_species/orchid_mycorrhizal,root_endophyte,,soil,,non-aquatic,,,filamentous_mycelium,none,none,,,,
Ascomycota,Leotiomycetes,Leotiales,Tympanidaceae,NA,NA,NA,NA,NA,NA,NA,NA,NA,NA,NA,NA,NA,NA,NA,NA,NA,NA,NA,NA,NA,NA,NA,NA,NA
Ascomycota,Dothideomycetes,Mytilinidiales,Mytilinidiaceae,Pseudocamaropycnis,Pseudocamaropycnis_pini;sh__SH0129998.10FU,jrk07028,Ascomycota,Dothideomycetes,Mytilinidiales,Mytilinidiaceae,,litter_saprotroph,,,,,leaf/fruit/seed,,non-aquatic,,,filamentous_mycelium,"perithecium_(hymenium_hidden,_narrow_opening)",,,,,
NA,NA,NA,NA,NA,NA,NA,NA,NA,NA,NA,NA,NA,NA,NA,NA,NA,NA,NA,NA,NA,NA,NA,NA,NA,NA,NA,NA,NA
NA,NA,NA,NA,NA,NA,NA,NA,NA,NA,NA,NA,NA,NA,NA,NA,NA,NA,NA,NA,NA,NA,NA,NA,NA,NA,NA,NA,NA
Ascomycota,Eurotiomycetes,Chaetothyriales,Herpotrichiellaceae,Pseudocladosporium,Pseudocladosporium_proteae;sh__SH0104606.10FU,jrk10106,Ascomycota,Eurotiomycetes,Chaetothyriales,Herpotrichiellaceae,,plant_pathogen,,,,leaf/fruit/seed_pathogen,,,non-aquatic,,,filamentous_mycelium,none,,,,,
Ascomycota,Dothideomycetes,Pleosporales,Cucurbitariaceae,Pyrenochaeta,Pyrenochaeta_sp;sh__SH0180080.10FU,jrk07351,Ascomycota,Dothideomycetes,Pleosporales,Cucurbitariaceae,,wood_saprotroph,,,,,wood,soft_rot,,,,filamentous_mycelium,none,,,,,
Fungi_phy_Incertae_sedis,Fungi_cls_Incertae_sedis,Fungi_ord_Incertae_sedis,Fungi_fam_Incertae_sedis,Fungi_gen_Incertae_sedis,Fungi_sp;sh__SH0154485.10FU,NA,NA,NA,NA,NA,NA,NA,NA,NA,NA,NA,NA,NA,NA,NA,NA,NA,NA,NA,NA,NA,NA,NA
NA,NA,NA,NA,NA,NA,NA,NA,NA,NA,NA,NA,NA,NA,NA,NA,NA,NA,NA,NA,NA,NA,NA,NA,NA,NA,NA,NA,NA
Ascomycota,Saccharomycetes,Saccharomycetales,Metschnikowiaceae,Clavispora,Clavispora_reshetovae;sh__SH0088473.10FU,jrk01848,Ascomycota,Saccharomycetes,Saccharomycetales,Metschnikowiaceae,,litter_saprotroph,nectar/tap_saprotroph,,,,"leaf/fruit/seed,sugar-rich_substrates",,partly_aquatic,animal_parasite/opportunistic_human_parasite,,yeast,none,none,,,,
Ascomycota,Archaeorhizomycetes,Archaeorhizomycetales,Archaeorhizomycetaceae,Archaeorhizomyces,Archaeorhizomyces_sp;sh__SH0177003.10FU,jrk00567,Ascomycota,Archaeorhizomycetes,Archaeorhizomycetales,Archaeorhizomycetaceae,,soil_saprotroph,root-associated,,root-associated,root-associated,"roots,soil",,non-aquatic,,,filamentous_mycelium,none,none,,,,
NA,NA,NA,NA,NA,NA,NA,NA,NA,NA,NA,NA,NA,NA,NA,NA,NA,NA,NA,NA,NA,NA,NA,NA,NA,NA,NA,NA,NA
Mortierellomycota,Mortierellomycetes,Mortierellales,Mortierellaceae,NA,NA,NA,NA,NA,NA,NA,NA,NA,NA,NA,NA,NA,NA,NA,NA,NA,NA,NA,NA,NA,NA,NA,NA,NA
Rozellomycota,Rozellomycota_cls_Incertae_sedis,Rozellomycota_ord_Incertae_sedis,Rozellomycota_fam_Incertae_sedis,Rozellomycota_gen_Incertae_sedis,Rozellomycota_sp,NA,NA,NA,NA,NA,NA,NA,NA,NA,NA,NA,NA,NA,NA,NA,NA,NA,NA,NA,NA,NA,NA,NA
Basidiomycota,Agaricomycetes,NA,NA,NA,NA,NA,NA,NA,NA,NA,NA,NA,NA,NA,NA,NA,NA,NA,NA,NA,NA,NA,NA,NA,NA,NA,NA,NA
Basidiomycota,Agaricomycetes,Agaricales,Entolomataceae,Entoloma,Entoloma_glaucobasis;sh__SH0009003.10FU,jrk02963,Basidiomycota,Agaricomycetes,Agaricales,Entolomataceae,,soil_saprotroph,unspecified_symbiotroph,"CHEGD_symbiotrophs,ectomycorrhizal_ca_10%_of_species",root-associated,root-associated,"roots,soil",,non-aquatic,,,filamentous_mycelium,agaricoid,gills,medium-distance_smooth,/entoloma,,
Basidiomycota,Agaricomycetes,Agaricomycetes_ord_Incertae_sedis,Agaricomycetes_fam_Incertae_sedis,Agaricomycetes_gen_Incertae_sedis,Agaricomycetes_sp;sh__SH0174588.10FU,NA,NA,NA,NA,NA,NA,NA,NA,NA,NA,NA,NA,NA,NA,NA,NA,NA,NA,NA,NA,NA,NA,NA
Ascomycota,Pezizomycetes,Pezizales,Ascobolaceae,Ascobolus,Ascobolus_sp,jrk00645,Ascomycota,Pezizomycetes,Pezizales,Ascobolaceae,,litter_saprotroph,dung_saprotroph,,,,"leaf/fruit/seed,dung",,non-aquatic,,,filamentous_mycelium,apothecium_(hymenium_on_surface),smooth,,,,
NA,NA,NA,NA,NA,NA,NA,NA,NA,NA,NA,NA,NA,NA,NA,NA,NA,NA,NA,NA,NA,NA,NA,NA,NA,NA,NA,NA,NA
Basidiomycota,Agaricomycetes,Russulales,Peniophoraceae,Peniophora,Peniophora_gilbertsonii;sh__SH0003680.10FU,jrk06291,Basidiomycota,Agaricomycetes,Russulales,Peniophoraceae,,wood_saprotroph,plant_pathogen,,,wood_pathogen,wood,white_rot,partly_aquatic,,,filamentous_mycelium,corticioid,smooth,,,,
Ascomycota,Sordariomycetes,Xylariales,NA,NA,NA,NA,NA,NA,NA,NA,NA,NA,NA,NA,NA,NA,NA,NA,NA,NA,NA,NA,NA,NA,NA,NA,NA,NA
Ascomycota,NA,NA,NA,NA,NA,NA,NA,NA,NA,NA,NA,NA,NA,NA,NA,NA,NA,NA,NA,NA,NA,NA,NA,NA,NA,NA,NA,NA
Mucoromycota,Endogonomycetes,GS21,GS21_fam_Incertae_sedis,GS21_gen_Incertae_sedis,GS21_sp;sh__SH0195568.10FU,NA,NA,NA,NA,NA,NA,NA,NA,NA,NA,NA,NA,NA,NA,NA,NA,NA,NA,NA,NA,NA,NA,NA
NA,NA,NA,NA,NA,NA,NA,NA,NA,NA,NA,NA,NA,NA,NA,NA,NA,NA,NA,NA,NA,NA,NA,NA,NA,NA,NA,NA,NA
Ascomycota,Dothideomycetes,Pleosporales,Pyrenochaetopsidaceae,Pyrenochaetopsis,Pyrenochaetopsis_leptospora;sh__SH0174711.10FU,jrk07352,Ascomycota,Dothideomycetes,Pleosporales,Pyrenochaetopsidaceae,,foliar_endophyte,litter_saprotroph,,foliar_endophyte,,leaf/fruit/seed,,non-aquatic,,,filamentous_mycelium,none,,,,,
NA,NA,NA,NA,NA,NA,NA,NA,NA,NA,NA,NA,NA,NA,NA,NA,NA,NA,NA,NA,NA,NA,NA,NA,NA,NA,NA,NA,NA
Mucoromycota,Endogonomycetes,Endogonales,Endogonaceae,Endogonaceae_gen_Incertae_sedis,Endogonaceae_sp;sh__SH0022767.10FU,NA,NA,NA,NA,NA,NA,NA,NA,NA,NA,NA,NA,NA,NA,NA,NA,NA,NA,NA,NA,NA,NA,NA
Mortierellomycota,Mortierellomycetes,Mortierellales,Mortierellaceae,Mortierella,Mortierella_sp;sh__SH0154804.10FU,jrk05302,Mortierellomycota,Mortierellomycetes,Mortierellales,Mortierellaceae,,soil_saprotroph,root-associated,,root-associated,root-associated,"roots,soil",chitinolytic,partly_aquatic,opportunistic_human_parasite,,filamentous_mycelium,none,none,,,,
Ascomycota,NA,NA,NA,NA,NA,NA,NA,NA,NA,NA,NA,NA,NA,NA,NA,NA,NA,NA,NA,NA,NA,NA,NA,NA,NA,NA,NA,NA
Basidiomycota,Agaricomycetes,NA,NA,NA,NA,NA,NA,NA,NA,NA,NA,NA,NA,NA,NA,NA,NA,NA,NA,NA,NA,NA,NA,NA,NA,NA,NA,NA
Rozellomycota,Rozellomycota_cls_Incertae_sedis,Rozellomycota_ord_Incertae_sedis,Rozellomycota_fam_Incertae_sedis,Rozellomycota_gen_Incertae_sedis,Rozellomycota_sp;sh__SH0151066.10FU,NA,NA,NA,NA,NA,NA,NA,NA,NA,NA,NA,NA,NA,NA,NA,NA,NA,NA,NA,NA,NA,NA,NA
Ascomycota,Leotiomycetes,Helotiales,Hyaloscyphaceae,Meliniomyces,Meliniomyces_sp,jrk05054,Ascomycota,Leotiomycetes,Helotiales,Hyaloscyphaceae,,root_endophyte,soil_saprotroph,ectomycorrhizal_M._bicolor/ericoid_mycorrhizal_M._variabilis,root_endophyte,,soil,,non-aquatic,,,filamentous_mycelium,None,none,short-distance_delicate,/meliniomyces,,
Basidiomycota,Microbotryomycetes,Microbotryomycetes_ord_Incertae_sedis,Microbotryomycetes_fam_Incertae_sedis,Microbotryomycetes_gen_Incertae_sedis,Microbotryomycetes_sp;sh__SH0183369.10FU,NA,NA,NA,NA,NA,NA,NA,NA,NA,NA,NA,NA,NA,NA,NA,NA,NA,NA,NA,NA,NA,NA,NA
Basidiomycota,Agaricomycetes,Agaricales,Cortinariaceae,Cortinarius,NA,jrk02100,Basidiomycota,Agaricomycetes,Agaricales,Cortinariaceae,,ectomycorrhizal,,,,,,,non-aquatic,,,filamentous_mycelium,agaricoid,gills,medium-distance_fringe,/cortinarius,,
Basidiomycota,Agaricomycetes,Trechisporales,Trechisporales_fam_Incertae_sedis,Trechisporales_gen_Incertae_sedis,Trechisporales_sp;sh__SH0186886.10FU,NA,NA,NA,NA,NA,NA,NA,NA,NA,NA,NA,NA,NA,NA,NA,NA,NA,NA,NA,NA,NA,NA,NA
Basidiomycota,Agaricomycetes,Agaricales,Hymenogastraceae,Galerina,Galerina_lacustris;sh__SH0176570.10FU,jrk03314,Basidiomycota,Agaricomycetes,Agaricales,Hymenogastraceae,,wood_saprotroph,litter_saprotroph,,,leaf/fruit/seed_pathogen,"wood,leaf/fruit/seed",,non-aquatic,,,filamentous_mycelium,agaricoid,gills,,,,
Ascomycota,Eurotiomycetes,Phaeomoniellales,Celotheliaceae,Nothophaeomoniella,Nothophaeomoniella_ekebergiae;sh__SH0044654.10FU,NA,NA,NA,NA,NA,NA,NA,NA,NA,NA,NA,NA,NA,NA,NA,NA,NA,NA,NA,NA,NA,NA,NA
NA,NA,NA,NA,NA,NA,NA,NA,NA,NA,NA,NA,NA,NA,NA,NA,NA,NA,NA,NA,NA,NA,NA,NA,NA,NA,NA,NA,NA
Ascomycota,Ascomycota_cls_Incertae_sedis,Ascomycota_ord_Incertae_sedis,Ascomycota_fam_Incertae_sedis,Ascomycota_gen_Incertae_sedis,Ascomycota_sp;sh__SH0017360.10FU,NA,NA,NA,NA,NA,NA,NA,NA,NA,NA,NA,NA,NA,NA,NA,NA,NA,NA,NA,NA,NA,NA,NA
Ascomycota,Leotiomycetes,Helotiales,Dermateaceae,Rhizodermea,Rhizodermea_veluwensis;sh__SH0146584.10FU,jrk07554,Ascomycota,Leotiomycetes,Helotiales,Dermateaceae,,root_endophyte,soil_saprotroph,,root_endophyte_dark_septate,,soil,,non-aquatic,,,filamentous_mycelium,apothecium_(hymenium_on_surface),,,,,
Basidiomycota,Tremellomycetes,Tremellales,Tremellales_fam_Incertae_sedis,Tremellales_gen_Incertae_sedis,Tremellales_sp;sh__SH0193235.10FU,NA,NA,NA,NA,NA,NA,NA,NA,NA,NA,NA,NA,NA,NA,NA,NA,NA,NA,NA,NA,NA,NA,NA
Ascomycota,Lecanoromycetes,Baeomycetales,Trapeliaceae,Trapeliopsis,Trapeliopsis_flexuosa;sh__SH0079881.10FU,jrk08921,Ascomycota,Lecanoromycetes,Baeomycetales,Trapeliaceae,,lichenized,,,,,,,non-aquatic,,,thallus_photosynthetic,apothecium_(hymenium_on_surface),smooth,,,chlorococcoid,
Basidiomycota,Agaricomycetes,Sebacinales,Serendipitaceae,Serendipita,Serendipita_sp;sh__SH0003279.10FU,jrk08004,Basidiomycota,Agaricomycetes,Sebacinales,Serendipitaceae,,root_endophyte,soil_saprotroph,ectomycorrhizal_1%_species/ericoid_mycorrhizal_many_species/orchid_mycorrhizal,root_endophyte,,soil,,non-aquatic,,,filamentous_mycelium,none,none,,,,
Rozellomycota,Rozellomycota_cls_Incertae_sedis,Rozellomycota_ord_Incertae_sedis,Rozellomycota_fam_Incertae_sedis,Rozellomycota_gen_Incertae_sedis,Rozellomycota_sp;sh__SH0151825.10FU,NA,NA,NA,NA,NA,NA,NA,NA,NA,NA,NA,NA,NA,NA,NA,NA,NA,NA,NA,NA,NA,NA,NA
Ascomycota,Sordariomycetes,Xenospadicoidales,Xenospadicoidaceae,Spadicoides,Spadicoides_bina;sh__SH0070200.10FU,jrk08159,Ascomycota,Sordariomycetes,Xenospadicoidales,Xenospadicoidaceae,,wood_saprotroph,litter_saprotroph,,,,"wood,leaf/fruit/seed",,partly_aquatic,,,filamentous_mycelium,none,none,,,,
Mucoromycota,Endogonomycetes,GS22,GS22_fam_Incertae_sedis,GS22_gen_Incertae_sedis,GS22_sp;sh__SH0116927.10FU,NA,NA,NA,NA,NA,NA,NA,NA,NA,NA,NA,NA,NA,NA,NA,NA,NA,NA,NA,NA,NA,NA,NA
Rozellomycota,Rozellomycota_cls_Incertae_sedis,Rozellomycota_ord_Incertae_sedis,Rozellomycota_fam_Incertae_sedis,Rozellomycota_gen_Incertae_sedis,Rozellomycota_sp;sh__SH0087948.10FU,NA,NA,NA,NA,NA,NA,NA,NA,NA,NA,NA,NA,NA,NA,NA,NA,NA,NA,NA,NA,NA,NA,NA
Ascomycota,NA,NA,NA,NA,NA,NA,NA,NA,NA,NA,NA,NA,NA,NA,NA,NA,NA,NA,NA,NA,NA,NA,NA,NA,NA,NA,NA,NA
Basidiomycota,Microbotryomycetes,Microbotryomycetes_ord_Incertae_sedis,Microbotryomycetes_fam_Incertae_sedis,Microbotryomycetes_gen_Incertae_sedis,Microbotryomycetes_sp;sh__SH0089278.10FU,NA,NA,NA,NA,NA,NA,NA,NA,NA,NA,NA,NA,NA,NA,NA,NA,NA,NA,NA,NA,NA,NA,NA
Mucoromycota,Umbelopsidomycetes,Umbelopsidales,Umbelopsidaceae,Umbelopsis,Umbelopsis_gibberispora;sh__SH0047858.10FU,jrk09156,Mucoromycota,Umbelopsidomycetes,Umbelopsidales,Umbelopsidaceae,,soil_saprotroph,root-associated,,root-associated,root-associated,"roots,soil",mold,non-aquatic,,,filamentous_mycelium,none,none,,,,
Basidiomycota,Agaricomycetes,Agaricales,NA,NA,NA,NA,NA,NA,NA,NA,NA,NA,NA,NA,NA,NA,NA,NA,NA,NA,NA,NA,NA,NA,NA,NA,NA,NA
Ascomycota,Leotiomycetes,Helotiales,Helotiales_fam_Incertae_sedis,Helotiales_gen_Incertae_sedis,Helotiales_sp;sh__SH0006391.10FU,NA,NA,NA,NA,NA,NA,NA,NA,NA,NA,NA,NA,NA,NA,NA,NA,NA,NA,NA,NA,NA,NA,NA
Basidiomycota,Agaricomycetes,Agaricomycetes_ord_Incertae_sedis,Agaricomycetes_fam_Incertae_sedis,Agaricomycetes_gen_Incertae_sedis,Agaricomycetes_sp;sh__SH0156565.10FU,NA,NA,NA,NA,NA,NA,NA,NA,NA,NA,NA,NA,NA,NA,NA,NA,NA,NA,NA,NA,NA,NA,NA
Rozellomycota,Rozellomycota_cls_Incertae_sedis,Rozellomycota_ord_Incertae_sedis,Rozellomycota_fam_Incertae_sedis,Rozellomycota_gen_Incertae_sedis,Rozellomycota_sp;sh__SH0156156.10FU,NA,NA,NA,NA,NA,NA,NA,NA,NA,NA,NA,NA,NA,NA,NA,NA,NA,NA,NA,NA,NA,NA,NA
Mortierellomycota,Mortierellomycetes,Mortierellales,Mortierellaceae,NA,NA,NA,NA,NA,NA,NA,NA,NA,NA,NA,NA,NA,NA,NA,NA,NA,NA,NA,NA,NA,NA,NA,NA,NA
Rozellomycota,Rozellomycota_cls_Incertae_sedis,Rozellomycota_ord_Incertae_sedis,Rozellomycota_fam_Incertae_sedis,Rozellomycota_gen_Incertae_sedis,Rozellomycota_sp;sh__SH0008859.10FU,NA,NA,NA,NA,NA,NA,NA,NA,NA,NA,NA,NA,NA,NA,NA,NA,NA,NA,NA,NA,NA,NA,NA
Basidiomycota,Agaricomycetes,Sebacinales,Sebacinaceae,Sebacina,Sebacina_sp;sh__SH0136750.10FU,jrk07952,Basidiomycota,Agaricomycetes,Sebacinales,Sebacinaceae,,ectomycorrhizal,,,,,,,non-aquatic,,,filamentous_mycelium,corticioid,smooth,short-distance_delicate,/sebacina,,
Rozellomycota,Rozellomycota_cls_Incertae_sedis,Rozellomycota_ord_Incertae_sedis,Rozellomycota_fam_Incertae_sedis,Rozellomycota_gen_Incertae_sedis,Rozellomycota_sp;sh__SH0151156.10FU,NA,NA,NA,NA,NA,NA,NA,NA,NA,NA,NA,NA,NA,NA,NA,NA,NA,NA,NA,NA,NA,NA,NA
Rozellomycota,Rozellomycota_cls_Incertae_sedis,Rozellomycota_ord_Incertae_sedis,Rozellomycota_fam_Incertae_sedis,Rozellomycota_gen_Incertae_sedis,Rozellomycota_sp;sh__SH0156316.10FU,NA,NA,NA,NA,NA,NA,NA,NA,NA,NA,NA,NA,NA,NA,NA,NA,NA,NA,NA,NA,NA,NA,NA
Mucoromycota,Endogonomycetes,GS22,GS22_fam_Incertae_sedis,GS22_gen_Incertae_sedis,GS22_sp;sh__SH0116917.10FU,NA,NA,NA,NA,NA,NA,NA,NA,NA,NA,NA,NA,NA,NA,NA,NA,NA,NA,NA,NA,NA,NA,NA
Basidiomycota,Agaricomycetes,Agaricales,Clavariaceae,Ramariopsis,Ramariopsis_sp;sh__SH0142184.10FU,jrk07435,Basidiomycota,Agaricomycetes,Agaricales,Clavariaceae,,soil_saprotroph,unspecified_symbiotroph,CHEGD_symbiotrophs,root-associated,root-associated,"roots,soil",,non-aquatic,,,filamentous_mycelium,clavarioid,smooth,,,,
NA,NA,NA,NA,NA,NA,NA,NA,NA,NA,NA,NA,NA,NA,NA,NA,NA,NA,NA,NA,NA,NA,NA,NA,NA,NA,NA,NA,NA
Basidiomycota,Agaricomycetes,Thelephorales,Thelephoraceae,Thelephora,Thelephora_pallidocastanea;sh__SH0126236.10FU,jrk08781,Basidiomycota,Agaricomycetes,Thelephorales,Thelephoraceae,,ectomycorrhizal,,,,,,,non-aquatic,,,filamentous_mycelium,clavarioid,smooth,medium-distance_smooth,/tomentella-thelephora,,
Chytridiomycota,Rhizophydiomycetes,Rhizophydiales,Alphamycetaceae,Betamyces,Betamyces_americae-meridionalis;sh__SH0038048.10FU,jrk00998,Chytridiomycota,Rhizophydiomycetes,Rhizophydiales,Alphamycetaceae,,pollen_saprotroph,,,,,pollen,,partly_freshwater_(partly_non-aquatic),,,zoosporic-rhizomycelial_(chytrid-like),zoosporangium,closed,,,,
NA,NA,NA,NA,NA,NA,NA,NA,NA,NA,NA,NA,NA,NA,NA,NA,NA,NA,NA,NA,NA,NA,NA,NA,NA,NA,NA,NA,NA
Basidiomycota,Agaricomycetes,Auriculariales,Auriculariales_fam_Incertae_sedis,Auriculariales_gen_Incertae_sedis,Auriculariales_sp;sh__SH0181308.10FU,NA,NA,NA,NA,NA,NA,NA,NA,NA,NA,NA,NA,NA,NA,NA,NA,NA,NA,NA,NA,NA,NA,NA
Basidiomycota,Agaricomycetes,Agaricales,Entolomataceae,Entoloma,Entoloma_sp;sh__SH0081365.10FU,jrk02963,Basidiomycota,Agaricomycetes,Agaricales,Entolomataceae,,soil_saprotroph,unspecified_symbiotroph,"CHEGD_symbiotrophs,ectomycorrhizal_ca_10%_of_species",root-associated,root-associated,"roots,soil",,non-aquatic,,,filamentous_mycelium,agaricoid,gills,medium-distance_smooth,/entoloma,,
Ascomycota,Lecanoromycetes,Lecanoromycetes_ord_Incertae_sedis,Lecanoromycetes_fam_Incertae_sedis,Lecanoromycetes_gen_Incertae_sedis,Lecanoromycetes_sp;sh__SH0005466.10FU,NA,NA,NA,NA,NA,NA,NA,NA,NA,NA,NA,NA,NA,NA,NA,NA,NA,NA,NA,NA,NA,NA,NA
Basidiomycota,Agaricomycetes,Russulales,Stereaceae,Stereum,Stereum_hirsutum;sh__SH0043278.10FU,jrk08394,Basidiomycota,Agaricomycetes,Russulales,Stereaceae,,wood_saprotroph,,,,,wood,white_rot,non-aquatic,,,filamentous_mycelium,polyporoid,smooth,,,,
NA,NA,NA,NA,NA,NA,NA,NA,NA,NA,NA,NA,NA,NA,NA,NA,NA,NA,NA,NA,NA,NA,NA,NA,NA,NA,NA,NA,NA
Ascomycota,Eurotiomycetes,Eurotiomycetes_ord_Incertae_sedis,Eurotiomycetes_fam_Incertae_sedis,Eurotiomycetes_gen_Incertae_sedis,Eurotiomycetes_sp;sh__SH0052560.10FU,NA,NA,NA,NA,NA,NA,NA,NA,NA,NA,NA,NA,NA,NA,NA,NA,NA,NA,NA,NA,NA,NA,NA
Ascomycota,Eurotiomycetes,Chaetothyriales,Herpotrichiellaceae,Herpotrichiellaceae_gen_Incertae_sedis,Herpotrichiellaceae_sp;sh__SH0013516.10FU,NA,NA,NA,NA,NA,NA,NA,NA,NA,NA,NA,NA,NA,NA,NA,NA,NA,NA,NA,NA,NA,NA,NA
Basidiomycota,Agaricomycetes,Agaricales,NA,NA,NA,NA,NA,NA,NA,NA,NA,NA,NA,NA,NA,NA,NA,NA,NA,NA,NA,NA,NA,NA,NA,NA,NA,NA
Basidiomycota,Agaricomycetes,Thelephorales,Bankeraceae,Boletopsis,Boletopsis_sp;sh__SH0179907.10FU,jrk01094,Basidiomycota,Agaricomycetes,Thelephorales,Bankeraceae,,ectomycorrhizal,,,,,,,non-aquatic,,,filamentous_mycelium,agaricoid,poroid,mat,/boletopsis,,
Fungi_phy_Incertae_sedis,Fungi_cls_Incertae_sedis,Fungi_ord_Incertae_sedis,Fungi_fam_Incertae_sedis,Fungi_gen_Incertae_sedis,Fungi_sp;sh__SH0206781.10FU,NA,NA,NA,NA,NA,NA,NA,NA,NA,NA,NA,NA,NA,NA,NA,NA,NA,NA,NA,NA,NA,NA,NA
Ascomycota,Eurotiomycetes,Eurotiales,Trichocomaceae,Sagenomella,Sagenomella_verticillata;sh__SH0163729.10FU,jrk07756,Ascomycota,Eurotiomycetes,Eurotiales,Trichocomaceae,,unspecified_saprotroph,,"rock-inhabiting_some_species,animal_parasite_some_species",,,,mold,,opportunistic_human_parasite,,filamentous_mycelium,none,,,,,
Basidiomycota,Agaricomycetes,Cantharellales,Cantharellaceae,Cantharellus,Cantharellus_cibarius;sh__SH0091809.10FU,jrk01409,Basidiomycota,Agaricomycetes,Cantharellales,Cantharellaceae,,ectomycorrhizal,,,,,,,non-aquatic,,,filamentous_mycelium,agaricoid,gills,medium-distance_smooth,/cantharellus,,
Ascomycota,Leotiomycetes,Helotiales,Cordieritidaceae,Unguiculariopsis,Unguiculariopsis_sp;sh__SH0101871.10FU,jrk09169,Ascomycota,Leotiomycetes,Helotiales,Cordieritidaceae,,lichen_parasite,fungal_decomposer,,,,"fungal_material,algal_material",,non-aquatic,,,filamentous_mycelium,apothecium_(hymenium_on_surface),smooth,,,,
Ascomycota,Eurotiomycetes,Chaetothyriales,Chaetothyriales_fam_Incertae_sedis,Chaetothyriales_gen_Incertae_sedis,Chaetothyriales_sp;sh__SH0069736.10FU,NA,NA,NA,NA,NA,NA,NA,NA,NA,NA,NA,NA,NA,NA,NA,NA,NA,NA,NA,NA,NA,NA,NA
NA,NA,NA,NA,NA,NA,NA,NA,NA,NA,NA,NA,NA,NA,NA,NA,NA,NA,NA,NA,NA,NA,NA,NA,NA,NA,NA,NA,NA
Rozellomycota,Rozellomycota_cls_Incertae_sedis,Rozellomycota_ord_Incertae_sedis,Rozellomycota_fam_Incertae_sedis,Rozellomycota_gen_Incertae_sedis,Rozellomycota_sp,NA,NA,NA,NA,NA,NA,NA,NA,NA,NA,NA,NA,NA,NA,NA,NA,NA,NA,NA,NA,NA,NA,NA
Basidiomycota,Agaricomycetes,Sebacinales,Serendipitaceae,Serendipita,Serendipita_sp;sh__SH0041417.10FU,jrk08004,Basidiomycota,Agaricomycetes,Sebacinales,Serendipitaceae,,root_endophyte,soil_saprotroph,ectomycorrhizal_1%_species/ericoid_mycorrhizal_many_species/orchid_mycorrhizal,root_endophyte,,soil,,non-aquatic,,,filamentous_mycelium,none,none,,,,
Ascomycota,Dothideomycetes,Dothideomycetes_ord_Incertae_sedis,Dothideomycetes_fam_Incertae_sedis,Dothideomycetes_gen_Incertae_sedis,Dothideomycetes_sp;sh__SH0119645.10FU,NA,NA,NA,NA,NA,NA,NA,NA,NA,NA,NA,NA,NA,NA,NA,NA,NA,NA,NA,NA,NA,NA,NA
Basidiomycota,Agaricomycetes,Cantharellales,Ceratobasidiaceae,Ceratobasidiaceae_gen_Incertae_sedis,Ceratobasidiaceae_sp;sh__SH0110973.10FU,NA,NA,NA,NA,NA,NA,NA,NA,NA,NA,NA,NA,NA,NA,NA,NA,NA,NA,NA,NA,NA,NA,NA
Ascomycota,Leotiomycetes,NA,NA,NA,NA,NA,NA,NA,NA,NA,NA,NA,NA,NA,NA,NA,NA,NA,NA,NA,NA,NA,NA,NA,NA,NA,NA,NA
Basidiomycota,Agaricomycetes,Thelephorales,Thelephoraceae,NA,NA,NA,NA,NA,NA,NA,NA,NA,NA,NA,NA,NA,NA,NA,NA,NA,NA,NA,NA,NA,NA,NA,NA,NA
Basidiomycota,Agaricomycetes,Agaricales,Cortinariaceae,Cortinarius,NA,jrk02100,Basidiomycota,Agaricomycetes,Agaricales,Cortinariaceae,,ectomycorrhizal,,,,,,,non-aquatic,,,filamentous_mycelium,agaricoid,gills,medium-distance_fringe,/cortinarius,,
Fungi_phy_Incertae_sedis,Fungi_cls_Incertae_sedis,Fungi_ord_Incertae_sedis,Fungi_fam_Incertae_sedis,Fungi_gen_Incertae_sedis,Fungi_sp;sh__SH0193226.10FU,NA,NA,NA,NA,NA,NA,NA,NA,NA,NA,NA,NA,NA,NA,NA,NA,NA,NA,NA,NA,NA,NA,NA
Fungi_phy_Incertae_sedis,Fungi_cls_Incertae_sedis,Fungi_ord_Incertae_sedis,Fungi_fam_Incertae_sedis,Fungi_gen_Incertae_sedis,Fungi_sp;sh__SH0190126.10FU,NA,NA,NA,NA,NA,NA,NA,NA,NA,NA,NA,NA,NA,NA,NA,NA,NA,NA,NA,NA,NA,NA,NA
Ascomycota,Lecanoromycetes,NA,NA,NA,NA,NA,NA,NA,NA,NA,NA,NA,NA,NA,NA,NA,NA,NA,NA,NA,NA,NA,NA,NA,NA,NA,NA,NA
Rozellomycota,Rozellomycota_cls_Incertae_sedis,Rozellomycota_ord_Incertae_sedis,Rozellomycota_fam_Incertae_sedis,Rozellomycota_gen_Incertae_sedis,Rozellomycota_sp;sh__SH0155562.10FU,NA,NA,NA,NA,NA,NA,NA,NA,NA,NA,NA,NA,NA,NA,NA,NA,NA,NA,NA,NA,NA,NA,NA
Ascomycota,Lecanoromycetes,Lecanoromycetes_ord_Incertae_sedis,Micropeltidaceae,Micropeltidaceae_gen_Incertae_sedis,Micropeltidaceae_sp,NA,NA,NA,NA,NA,NA,NA,NA,NA,NA,NA,NA,NA,NA,NA,NA,NA,NA,NA,NA,NA,NA,NA
Basidiomycota,Agaricomycetes,Agaricales,Clavariaceae,Camarophyllopsis,Camarophyllopsis_sp;sh__SH0158328.10FU,jrk01362,Basidiomycota,Agaricomycetes,Agaricales,Clavariaceae,,soil_saprotroph,unspecified_symbiotroph,CHEGD_symbiotrophs,root-associated,root-associated,"roots,soil",,non-aquatic,,,filamentous_mycelium,agaricoid,gills,,,,
Basidiomycota,Agaricomycetes,Agaricales,Strophariaceae,Hypholoma,Hypholoma_myosotis;sh__SH0176645.10FU,jrk09567,Basidiomycota,Agaricomycetes,Agaricales,Strophariaceae,,wood_saprotroph,,,,,wood,white_rot,non-aquatic,,,filamentous_mycelium,agaricoid,gills,,,,
Ascomycota,Leotiomycetes,Helotiales,Helotiales_fam_Incertae_sedis,NA,NA,NA,NA,NA,NA,NA,NA,NA,NA,NA,NA,NA,NA,NA,NA,NA,NA,NA,NA,NA,NA,NA,NA,NA
Basidiomycota,Agaricomycetes,Agaricales,Stephanosporaceae,Stephanospora,Stephanospora_caroticolor;sh__SH0185208.10FU,jrk08385,Basidiomycota,Agaricomycetes,Agaricales,Stephanosporaceae,,soil_saprotroph,,,,,soil,,non-aquatic,,,filamentous_mycelium,gasteroid-hypogeous,closed,,,,
Ascomycota,Dothideomycetes,Mycosphaerellales,Mycosphaerellaceae,Ramularia,Ramularia_cynarae;sh__SH0162070.10FU,jrk07449,Ascomycota,Dothideomycetes,Capnodiales,Mycosphaerellaceae,,plant_pathogen,,,,leaf/fruit/seed_pathogen,,,non-aquatic,,,filamentous_mycelium,"perithecium_(hymenium_hidden,_narrow_opening)",closed,,,,
NA,NA,NA,NA,NA,NA,NA,NA,NA,NA,NA,NA,NA,NA,NA,NA,NA,NA,NA,NA,NA,NA,NA,NA,NA,NA,NA,NA,NA
Ascomycota,Leotiomycetes,NA,NA,NA,NA,NA,NA,NA,NA,NA,NA,NA,NA,NA,NA,NA,NA,NA,NA,NA,NA,NA,NA,NA,NA,NA,NA,NA
Ascomycota,Leotiomycetes,Helotiales,Helotiales_fam_Incertae_sedis,Helotiales_gen_Incertae_sedis,Helotiales_sp;sh__SH0083035.10FU,NA,NA,NA,NA,NA,NA,NA,NA,NA,NA,NA,NA,NA,NA,NA,NA,NA,NA,NA,NA,NA,NA,NA
Rozellomycota,Rozellomycota_cls_Incertae_sedis,Rozellomycota_ord_Incertae_sedis,Rozellomycota_fam_Incertae_sedis,Rozellomycota_gen_Incertae_sedis,Rozellomycota_sp;sh__SH0086857.10FU,NA,NA,NA,NA,NA,NA,NA,NA,NA,NA,NA,NA,NA,NA,NA,NA,NA,NA,NA,NA,NA,NA,NA
NA,NA,NA,NA,NA,NA,NA,NA,NA,NA,NA,NA,NA,NA,NA,NA,NA,NA,NA,NA,NA,NA,NA,NA,NA,NA,NA,NA,NA
NA,NA,NA,NA,NA,NA,NA,NA,NA,NA,NA,NA,NA,NA,NA,NA,NA,NA,NA,NA,NA,NA,NA,NA,NA,NA,NA,NA,NA
Ascomycota,Eurotiomycetes,Eurotiales,Trichocomaceae,Sagenomella,Sagenomella_diversispora;sh__SH0163738.10FU,jrk07756,Ascomycota,Eurotiomycetes,Eurotiales,Trichocomaceae,,unspecified_saprotroph,,"rock-inhabiting_some_species,animal_parasite_some_species",,,,mold,,opportunistic_human_parasite,,filamentous_mycelium,none,,,,,
Basidiomycota,Agaricomycetes,Agaricales,Hygrophoraceae,Arrhenia,Arrhenia_glauca;sh__SH0071639.10FU,jrk00601,Basidiomycota,Agaricomycetes,Agaricales,Hygrophoraceae,,litter_saprotroph,bryophilous,,,,leaf/fruit/seed,,non-aquatic,,,filamentous_mycelium,agaricoid,gills,,,,
Ascomycota,Lecanoromycetes,Lecanorales,Pilocarpaceae,Micarea,NA,jrk05126,Ascomycota,Lecanoromycetes,Lecanorales,Pilocarpaceae,,lichenized,,lichen_parasite_some_species,,,,,non-aquatic,,,thallus_photosynthetic,apothecium_(hymenium_on_surface),smooth,,,chlorococcoid,
Basidiomycota,Agaricomycetes,Agaricales,Cortinariaceae,Cortinarius,NA,jrk02100,Basidiomycota,Agaricomycetes,Agaricales,Cortinariaceae,,ectomycorrhizal,,,,,,,non-aquatic,,,filamentous_mycelium,agaricoid,gills,medium-distance_fringe,/cortinarius,,
Ascomycota,Lecanoromycetes,Lecanorales,Pilocarpaceae,Micarea,NA,jrk05126,Ascomycota,Lecanoromycetes,Lecanorales,Pilocarpaceae,,lichenized,,lichen_parasite_some_species,,,,,non-aquatic,,,thallus_photosynthetic,apothecium_(hymenium_on_surface),smooth,,,chlorococcoid,
Ascomycota,Leotiomycetes,Helotiales,Helotiales_fam_Incertae_sedis,Spirosphaera,Spirosphaera_sp;sh__SH0188043.10FU,jrk08250,Ascomycota,Leotiomycetes,Helotiales,Helotiales family incertae sedis,,litter_saprotroph,,,,,leaf/fruit/seed,,partly_freshwater_(partly_non-aquatic),,,filamentous_mycelium,none,,,,,
Ascomycota,Leotiomycetes,Helotiales,Helotiaceae,Gremmenia,Gremmenia_infestans;sh__SH0188145.10FU,jrk03553,Ascomycota,Leotiomycetes,Helotiales,Hamatocanthoscyphaceae,,plant_pathogen,,,,leaf/fruit/seed_pathogen,,,partly_aquatic,,,filamentous_mycelium,apothecium_(hymenium_on_surface),smooth,,,,
Basidiomycota,Agaricomycetes,Russulales,Xenasmataceae,Xenasmatella,Xenasmatella_xinpingensis;sh__SH0132882.10FU,jrk09408,Basidiomycota,Agaricomycetes,Polyporales,Xenasmataceae,,wood_saprotroph,,,,,wood,white_rot,non-aquatic,,,filamentous_mycelium,corticioid,smooth,,,,
Basidiomycota,Agaricomycetes,Agaricales,Clavariaceae,NA,NA,NA,NA,NA,NA,NA,NA,NA,NA,NA,NA,NA,NA,NA,NA,NA,NA,NA,NA,NA,NA,NA,NA,NA
Ascomycota,Leotiomycetes,Helotiales,Helotiales_fam_Incertae_sedis,Spirosphaera,Spirosphaera_minuta;sh__SH0145840.10FU,jrk08250,Ascomycota,Leotiomycetes,Helotiales,Helotiales family incertae sedis,,litter_saprotroph,,,,,leaf/fruit/seed,,partly_freshwater_(partly_non-aquatic),,,filamentous_mycelium,none,,,,,
Mortierellomycota,Mortierellomycetes,Mortierellales,Mortierellaceae,Linnemannia,Linnemannia_nantahalensis;sh__SH0154796.10FU,NA,NA,NA,NA,NA,NA,NA,NA,NA,NA,NA,NA,NA,NA,NA,NA,NA,NA,NA,NA,NA,NA,NA
Ascomycota,Archaeorhizomycetes,Archaeorhizomycetales,Archaeorhizomycetaceae,Archaeorhizomyces,Archaeorhizomyces_sp;sh__SH0024006.10FU,jrk00567,Ascomycota,Archaeorhizomycetes,Archaeorhizomycetales,Archaeorhizomycetaceae,,soil_saprotroph,root-associated,,root-associated,root-associated,"roots,soil",,non-aquatic,,,filamentous_mycelium,none,none,,,,
Glomeromycota,Glomeromycetes,Glomerales,Glomeraceae,Glomeraceae_gen_Incertae_sedis,Glomeraceae_sp;sh__SH0012180.10FU,NA,NA,NA,NA,NA,NA,NA,NA,NA,NA,NA,NA,NA,NA,NA,NA,NA,NA,NA,NA,NA,NA,NA
Basidiomycota,Agaricomycetes,Atheliales,Byssocorticiaceae,Byssocorticiaceae_gen_Incertae_sedis,Byssocorticiaceae_sp;sh__SH0183090.10FU,NA,NA,NA,NA,NA,NA,NA,NA,NA,NA,NA,NA,NA,NA,NA,NA,NA,NA,NA,NA,NA,NA,NA
Ascomycota,Ascomycota_cls_Incertae_sedis,Ascomycota_ord_Incertae_sedis,Ascomycota_fam_Incertae_sedis,Ascomycota_gen_Incertae_sedis,Ascomycota_sp;sh__SH0007222.10FU,NA,NA,NA,NA,NA,NA,NA,NA,NA,NA,NA,NA,NA,NA,NA,NA,NA,NA,NA,NA,NA,NA,NA
Rozellomycota,Rozellomycota_cls_Incertae_sedis,Rozellomycota_ord_Incertae_sedis,Rozellomycota_fam_Incertae_sedis,Rozellomycota_gen_Incertae_sedis,Rozellomycota_sp;sh__SH0155562.10FU,NA,NA,NA,NA,NA,NA,NA,NA,NA,NA,NA,NA,NA,NA,NA,NA,NA,NA,NA,NA,NA,NA,NA
Ascomycota,Leotiomycetes,Helotiales,Helotiales_fam_Incertae_sedis,Helotiales_gen_Incertae_sedis,Helotiales_sp;sh__SH0013027.10FU,NA,NA,NA,NA,NA,NA,NA,NA,NA,NA,NA,NA,NA,NA,NA,NA,NA,NA,NA,NA,NA,NA,NA
Ascomycota,Leotiomycetes,Helotiales,Hyaloscyphaceae,Hyaloscyphaceae_gen_Incertae_sedis,Hyaloscyphaceae_sp,NA,NA,NA,NA,NA,NA,NA,NA,NA,NA,NA,NA,NA,NA,NA,NA,NA,NA,NA,NA,NA,NA,NA
Olpidiomycota,Olpidiomycetes,Olpidiales,Olpidiaceae,Olpidium,Olpidium_sp;sh__SH0038339.10FU,jrk05895,Olpidiomycota,Olpidiomycetes,Olpidiales,Olpidiaceae,,algal_parasite,plant_pathogen,hypervariable,,"leaf/fruit/seed_pathogen,algal_parasite","leaf/fruit/seed,roots,algal_material,animal_material",,partly_aquatic,,,zoosporic-plasmodium_(aphelid),zoosporangium,closed,,,,
Rozellomycota,Rozellomycota_cls_Incertae_sedis,Rozellomycota_ord_Incertae_sedis,Rozellomycota_fam_Incertae_sedis,Rozellomycota_gen_Incertae_sedis,Rozellomycota_sp;sh__SH0009023.10FU,NA,NA,NA,NA,NA,NA,NA,NA,NA,NA,NA,NA,NA,NA,NA,NA,NA,NA,NA,NA,NA,NA,NA
Basidiomycota,Exobasidiomycetes,Exobasidiales,Exobasidiaceae,Exobasidium,Exobasidium_maculosum;sh__SH0136962.10FU,jrk03101,Basidiomycota,Exobasidiomycetes,Exobasidiales,Exobasidiaceae,,plant_pathogen,,,no_endophytic_capacity,leaf/fruit/seed_pathogen,,,non-aquatic,,,filamentous_mycelium,none,none,,,,
Basidiomycota,Agaricomycetes,Agaricales,Clavariaceae,Clavariaceae_gen_Incertae_sedis,Clavariaceae_sp,NA,NA,NA,NA,NA,NA,NA,NA,NA,NA,NA,NA,NA,NA,NA,NA,NA,NA,NA,NA,NA,NA,NA
Basidiomycota,Microbotryomycetes,NA,NA,NA,NA,NA,NA,NA,NA,NA,NA,NA,NA,NA,NA,NA,NA,NA,NA,NA,NA,NA,NA,NA,NA,NA,NA,NA
Basidiomycota,Microbotryomycetes,Kriegeriales,Camptobasidiaceae,Glaciozyma,Glaciozyma_martinii;sh__SH0172064.10FU,jrk03413,Basidiomycota,Microbotryomycetes,Kriegeriales,Camptobasidiaceae,,unspecified_saprotroph,,extremophile_cryophile,,,,,partly_marine_(partly_non-aquatic),,,yeast,none,none,,,,
NA,NA,NA,NA,NA,NA,NA,NA,NA,NA,NA,NA,NA,NA,NA,NA,NA,NA,NA,NA,NA,NA,NA,NA,NA,NA,NA,NA,NA
Basidiomycota,Agaricomycetes,Agaricales,Entolomataceae,Entoloma,Entoloma_griseocyaneum;sh__SH0009007.10FU,jrk02963,Basidiomycota,Agaricomycetes,Agaricales,Entolomataceae,,soil_saprotroph,unspecified_symbiotroph,"CHEGD_symbiotrophs,ectomycorrhizal_ca_10%_of_species",root-associated,root-associated,"roots,soil",,non-aquatic,,,filamentous_mycelium,agaricoid,gills,medium-distance_smooth,/entoloma,,
Basidiomycota,Agaricomycetes,Agaricales,Mycenaceae,Mycena,NA,jrk05357,Basidiomycota,Agaricomycetes,Agaricales,Mycenaceae,,litter_saprotroph,root-associated,wood_saprotroph_many_species,root-associated,leaf/fruit/seed_pathogen,leaf/fruit/seed,,non-aquatic,,,filamentous_mycelium,agaricoid,gills,,,,
Ascomycota,Leotiomycetes,Helotiales,Rutstroemiaceae,NA,NA,NA,NA,NA,NA,NA,NA,NA,NA,NA,NA,NA,NA,NA,NA,NA,NA,NA,NA,NA,NA,NA,NA,NA
NA,NA,NA,NA,NA,NA,NA,NA,NA,NA,NA,NA,NA,NA,NA,NA,NA,NA,NA,NA,NA,NA,NA,NA,NA,NA,NA,NA,NA
Basidiomycota,Agaricomycetes,Cantharellales,Hydnaceae,Sistotrema,Sistotrema_sp;sh__SH0010110.10FU,jrk08105,Basidiomycota,Agaricomycetes,Cantharellales,Cantharellales family incertae sedis,,litter_saprotroph,,ectomycorrhizal_many_species,,,leaf/fruit/seed,,non-aquatic,,,filamentous_mycelium,corticioid,smooth,medium-distance_fringe,/cantharellus,,
NA,NA,NA,NA,NA,NA,NA,NA,NA,NA,NA,NA,NA,NA,NA,NA,NA,NA,NA,NA,NA,NA,NA,NA,NA,NA,NA,NA,NA
Ascomycota,Dothideomycetes,Dothideomycetes_ord_Incertae_sedis,Dothideomycetes_fam_Incertae_sedis,Dothideomycetes_gen_Incertae_sedis,Dothideomycetes_sp;sh__SH0108377.10FU,NA,NA,NA,NA,NA,NA,NA,NA,NA,NA,NA,NA,NA,NA,NA,NA,NA,NA,NA,NA,NA,NA,NA
Basidiomycota,Tremellomycetes,NA,NA,NA,NA,NA,NA,NA,NA,NA,NA,NA,NA,NA,NA,NA,NA,NA,NA,NA,NA,NA,NA,NA,NA,NA,NA,NA
Basidiomycota,Agaricomycetes,Agaricales,Agaricales_fam_Incertae_sedis,Agaricales_gen_Incertae_sedis,Agaricales_sp;sh__SH0103070.10FU,NA,NA,NA,NA,NA,NA,NA,NA,NA,NA,NA,NA,NA,NA,NA,NA,NA,NA,NA,NA,NA,NA,NA
Ascomycota,Leotiomycetes,NA,NA,NA,NA,NA,NA,NA,NA,NA,NA,NA,NA,NA,NA,NA,NA,NA,NA,NA,NA,NA,NA,NA,NA,NA,NA,NA
NA,NA,NA,NA,NA,NA,NA,NA,NA,NA,NA,NA,NA,NA,NA,NA,NA,NA,NA,NA,NA,NA,NA,NA,NA,NA,NA,NA,NA
Rozellomycota,Rozellomycota_cls_Incertae_sedis,Rozellomycota_ord_Incertae_sedis,Rozellomycota_fam_Incertae_sedis,Rozellomycota_gen_Incertae_sedis,Rozellomycota_sp,NA,NA,NA,NA,NA,NA,NA,NA,NA,NA,NA,NA,NA,NA,NA,NA,NA,NA,NA,NA,NA,NA,NA
Ascomycota,Eurotiomycetes,Onygenales,Onygenales_fam_Incertae_sedis,Onygenales_gen_Incertae_sedis,Onygenales_sp;sh__SH0019958.10FU,NA,NA,NA,NA,NA,NA,NA,NA,NA,NA,NA,NA,NA,NA,NA,NA,NA,NA,NA,NA,NA,NA,NA
Ascomycota,NA,NA,NA,NA,NA,NA,NA,NA,NA,NA,NA,NA,NA,NA,NA,NA,NA,NA,NA,NA,NA,NA,NA,NA,NA,NA,NA,NA
Entorrhizomycota,Entorrhizomycota_cls_Incertae_sedis,Entorrhizomycota_ord_Incertae_sedis,Entorrhizomycota_fam_Incertae_sedis,Entorrhizomycota_gen_Incertae_sedis,Entorrhizomycota_sp;sh__SH0205243.10FU,NA,NA,NA,NA,NA,NA,NA,NA,NA,NA,NA,NA,NA,NA,NA,NA,NA,NA,NA,NA,NA,NA,NA
Ascomycota,Dothideomycetes,Pleosporales,Sporormiaceae,Sporormiella,Sporormiella_irregularis;sh__SH0158947.10FU,jrk09711,Ascomycota,Dothideomycetes,Pleosporales,Sporormiaceae,,litter_saprotroph,,,,,leaf/fruit/seed,,partly_aquatic,,,filamentous_mycelium,"perithecium_(hymenium_hidden,_narrow_opening)",,,,,
NA,NA,NA,NA,NA,NA,NA,NA,NA,NA,NA,NA,NA,NA,NA,NA,NA,NA,NA,NA,NA,NA,NA,NA,NA,NA,NA,NA,NA
Rozellomycota,Rozellomycota_cls_Incertae_sedis,Rozellomycota_ord_Incertae_sedis,Rozellomycota_fam_Incertae_sedis,Rozellomycota_gen_Incertae_sedis,Rozellomycota_sp;sh__SH0008952.10FU,NA,NA,NA,NA,NA,NA,NA,NA,NA,NA,NA,NA,NA,NA,NA,NA,NA,NA,NA,NA,NA,NA,NA
Ascomycota,Ascomycota_cls_Incertae_sedis,Ascomycota_ord_Incertae_sedis,Ascomycota_fam_Incertae_sedis,Ascomycota_gen_Incertae_sedis,Ascomycota_sp;sh__SH0146864.10FU,NA,NA,NA,NA,NA,NA,NA,NA,NA,NA,NA,NA,NA,NA,NA,NA,NA,NA,NA,NA,NA,NA,NA
Basidiomycota,Agaricomycetes,Agaricales,Clavariaceae,Camarophyllopsis,Camarophyllopsis_atrovelutina;sh__SH0012615.10FU,jrk01362,Basidiomycota,Agaricomycetes,Agaricales,Clavariaceae,,soil_saprotroph,unspecified_symbiotroph,CHEGD_symbiotrophs,root-associated,root-associated,"roots,soil",,non-aquatic,,,filamentous_mycelium,agaricoid,gills,,,,
NA,NA,NA,NA,NA,NA,NA,NA,NA,NA,NA,NA,NA,NA,NA,NA,NA,NA,NA,NA,NA,NA,NA,NA,NA,NA,NA,NA,NA
Ascomycota,Leotiomycetes,Helotiales,NA,NA,NA,NA,NA,NA,NA,NA,NA,NA,NA,NA,NA,NA,NA,NA,NA,NA,NA,NA,NA,NA,NA,NA,NA,NA
Basidiomycota,Agaricomycetes,Hymenochaetales,Schizoporaceae,Xylodon,NA,jrk09485,Basidiomycota,Agaricomycetes,Hymenochaetales,Schizoporaceae,,wood_saprotroph,,,,,wood,white_rot,partly_aquatic,,,filamentous_mycelium,corticioid,hydnoid,,,,
Basidiomycota,Agaricomycetes,Agaricales,Clavariaceae,Clavaria,Clavaria_falcata;sh__SH0006157.10FU,jrk01836,Basidiomycota,Agaricomycetes,Agaricales,Clavariaceae,,soil_saprotroph,unspecified_symbiotroph,CHEGD_symbiotrophs,root-associated,root-associated,"roots,soil",,non-aquatic,,,filamentous_mycelium,clavarioid,smooth,,,,
Ascomycota,Sordariomycetes,Amphisphaeriales,Sporocadaceae,NA,NA,NA,NA,NA,NA,NA,NA,NA,NA,NA,NA,NA,NA,NA,NA,NA,NA,NA,NA,NA,NA,NA,NA,NA
Ascomycota,Sordariomycetes,Sordariomycetes_ord_Incertae_sedis,Junewangiaceae,Sporidesmiella,Sporidesmiella_pini;sh__SH0087181.10FU,jrk08269,Ascomycota,Dothideomycetes,Pleosporales,Didymosphaeriaceae,,wood_saprotroph,,,no_endophytic_capacity,,wood,,non-aquatic,,,filamentous_mycelium,"perithecium_(hymenium_hidden,_narrow_opening)",closed,,,,
Basidiomycota,GS27,GS27_ord_Incertae_sedis,GS27_ord_Incertae_sedis_fam_Incertae_sedis,GS27_ord_Incertae_sedis_gen_Incertae_sedis,GS27_ord_Incertae_sedis_sp;sh__SH0150702.10FU,NA,NA,NA,NA,NA,NA,NA,NA,NA,NA,NA,NA,NA,NA,NA,NA,NA,NA,NA,NA,NA,NA,NA
NA,NA,NA,NA,NA,NA,NA,NA,NA,NA,NA,NA,NA,NA,NA,NA,NA,NA,NA,NA,NA,NA,NA,NA,NA,NA,NA,NA,NA
Ascomycota,Sordariomycetes,Chaetosphaeriales,Chaetosphaeriaceae,Chloridium,Chloridium_sp;sh__SH0081867.10FU,jrk01702,Ascomycota,Sordariomycetes,Chaetosphaeriales,Chaetosphaeriaceae,,litter_saprotroph,wood_saprotroph,,root-associated,root_pathogen,"wood,leaf/fruit/seed,roots,animal_material",,partly_aquatic,opportunistic_human_parasite,,filamentous_mycelium,none,none,,,,
Basidiomycota,Basidiomycota_cls_Incertae_sedis,Basidiomycota_ord_Incertae_sedis,Basidiomycota_fam_Incertae_sedis,Basidiomycota_gen_Incertae_sedis,Basidiomycota_sp;sh__SH0154487.10FU,NA,NA,NA,NA,NA,NA,NA,NA,NA,NA,NA,NA,NA,NA,NA,NA,NA,NA,NA,NA,NA,NA,NA
Mucoromycota,Umbelopsidomycetes,Umbelopsidales,Umbelopsidaceae,Umbelopsis,Umbelopsis_sp;sh__SH0009100.10FU,jrk09156,Mucoromycota,Umbelopsidomycetes,Umbelopsidales,Umbelopsidaceae,,soil_saprotroph,root-associated,,root-associated,root-associated,"roots,soil",mold,non-aquatic,,,filamentous_mycelium,none,none,,,,
Basidiomycota,Tremellomycetes,Tremellales,Tremellales_fam_Incertae_sedis,Tremellales_gen_Incertae_sedis,Tremellales_sp;sh__SH0019389.10FU,NA,NA,NA,NA,NA,NA,NA,NA,NA,NA,NA,NA,NA,NA,NA,NA,NA,NA,NA,NA,NA,NA,NA
Basidiomycota,Agaricomycetes,Agaricales,Hymenogastraceae,Galerina,Galerina_fallax;sh__SH0103053.10FU,jrk03314,Basidiomycota,Agaricomycetes,Agaricales,Hymenogastraceae,,wood_saprotroph,litter_saprotroph,,,leaf/fruit/seed_pathogen,"wood,leaf/fruit/seed",,non-aquatic,,,filamentous_mycelium,agaricoid,gills,,,,
Basidiomycota,Agaricomycetes,Cantharellales,Hydnaceae,Sistotrema,Sistotrema_sp;sh__SH0076562.10FU,jrk08105,Basidiomycota,Agaricomycetes,Cantharellales,Cantharellales family incertae sedis,,litter_saprotroph,,ectomycorrhizal_many_species,,,leaf/fruit/seed,,non-aquatic,,,filamentous_mycelium,corticioid,smooth,medium-distance_fringe,/cantharellus,,
Ascomycota,Leotiomycetes,Helotiales,Helotiales_fam_Incertae_sedis,Helotiales_gen_Incertae_sedis,Helotiales_sp,NA,NA,NA,NA,NA,NA,NA,NA,NA,NA,NA,NA,NA,NA,NA,NA,NA,NA,NA,NA,NA,NA,NA
Basidiomycota,Microbotryomycetes,Leucosporidiales,Leucosporidiaceae,Leucosporidium,Leucosporidium_sp,jrk04665,Basidiomycota,Microbotryomycetes,Microbotryales,Leucosporidiaceae,,soil_saprotroph,,,,,soil,,partly_aquatic,,,yeast,none,none,,,,
Basidiomycota,Agaricomycetes,Thelephorales,Thelephoraceae,Polyozellus,Polyozellus_rhizopunctatus;sh__SH0148723.10FU,jrk06856,Basidiomycota,Agaricomycetes,Thelephorales,Thelephoraceae,,ectomycorrhizal,,,,,,,non-aquatic,,,filamentous_mycelium,clavarioid,smooth,medium-distance_smooth,/pseudotomentella,,
Rozellomycota,Rozellomycotina_cls_Incertae_sedis,GS08,GS08_fam_Incertae_sedis,GS08_gen_Incertae_sedis,GS08_sp,NA,NA,NA,NA,NA,NA,NA,NA,NA,NA,NA,NA,NA,NA,NA,NA,NA,NA,NA,NA,NA,NA,NA
Basidiomycota,Basidiomycota_cls_Incertae_sedis,Basidiomycota_ord_Incertae_sedis,Basidiomycota_fam_Incertae_sedis,Basidiomycota_gen_Incertae_sedis,Basidiomycota_sp;sh__SH0182707.10FU,NA,NA,NA,NA,NA,NA,NA,NA,NA,NA,NA,NA,NA,NA,NA,NA,NA,NA,NA,NA,NA,NA,NA
Ascomycota,Dothideomycetes,Pleosporales,Sporormiaceae,Sporormiella,NA,jrk09711,Ascomycota,Dothideomycetes,Pleosporales,Sporormiaceae,,litter_saprotroph,,,,,leaf/fruit/seed,,partly_aquatic,,,filamentous_mycelium,"perithecium_(hymenium_hidden,_narrow_opening)",,,,,
NA,NA,NA,NA,NA,NA,NA,NA,NA,NA,NA,NA,NA,NA,NA,NA,NA,NA,NA,NA,NA,NA,NA,NA,NA,NA,NA,NA,NA
Mucoromycota,Endogonomycetes,GS22,GS22_fam_Incertae_sedis,GS22_gen_Incertae_sedis,GS22_sp;sh__SH0116906.10FU,NA,NA,NA,NA,NA,NA,NA,NA,NA,NA,NA,NA,NA,NA,NA,NA,NA,NA,NA,NA,NA,NA,NA
Ascomycota,Lecanoromycetes,Lecanorales,Lecanorales_fam_Incertae_sedis,Lecanorales_gen_Incertae_sedis,Lecanorales_sp;sh__SH0130056.10FU,NA,NA,NA,NA,NA,NA,NA,NA,NA,NA,NA,NA,NA,NA,NA,NA,NA,NA,NA,NA,NA,NA,NA
Ascomycota,Leotiomycetes,Helotiales,Helotiales_fam_Incertae_sedis,Helotiales_gen_Incertae_sedis,Helotiales_sp;sh__SH0008322.10FU,NA,NA,NA,NA,NA,NA,NA,NA,NA,NA,NA,NA,NA,NA,NA,NA,NA,NA,NA,NA,NA,NA,NA
Ascomycota,Dothideomycetes,Pleosporales,Sporormiaceae,Sporormiella,Sporormiella_vexans;sh__SH0158917.10FU,jrk09711,Ascomycota,Dothideomycetes,Pleosporales,Sporormiaceae,,litter_saprotroph,,,,,leaf/fruit/seed,,partly_aquatic,,,filamentous_mycelium,"perithecium_(hymenium_hidden,_narrow_opening)",,,,,
Basidiomycota,Basidiomycota_cls_Incertae_sedis,Basidiomycota_ord_Incertae_sedis,Basidiomycota_fam_Incertae_sedis,Basidiomycota_gen_Incertae_sedis,Basidiomycota_sp;sh__SH0020369.10FU,NA,NA,NA,NA,NA,NA,NA,NA,NA,NA,NA,NA,NA,NA,NA,NA,NA,NA,NA,NA,NA,NA,NA
Basidiomycota,Agaricomycetes,Polyporales,Podoscyphaceae,Hypochnicium,Hypochnicium_albostramineum;sh__SH0162593.10FU,jrk04050,Basidiomycota,Agaricomycetes,Polyporales,Podoscyphaceae,,wood_saprotroph,,,,,wood,white_rot,non-aquatic,,,filamentous_mycelium,corticioid,smooth,,,,
Basidiomycota,Agaricomycetes,Sebacinales,Sebacinaceae,Sebacina,Sebacina_sp,jrk07952,Basidiomycota,Agaricomycetes,Sebacinales,Sebacinaceae,,ectomycorrhizal,,,,,,,non-aquatic,,,filamentous_mycelium,corticioid,smooth,short-distance_delicate,/sebacina,,
Ascomycota,Leotiomycetes,Helotiales,Helotiales_fam_Incertae_sedis,Helotiales_gen_Incertae_sedis,Helotiales_sp;sh__SH0008507.10FU,NA,NA,NA,NA,NA,NA,NA,NA,NA,NA,NA,NA,NA,NA,NA,NA,NA,NA,NA,NA,NA,NA,NA
Ascomycota,Leotiomycetes,Helotiales,Mollisiaceae,Phialocephala,Phialocephala_sp;sh__SH0083100.10FU,jrk06481,Ascomycota,Leotiomycetes,Helotiales,Mollisiaceae,,soil_saprotroph,root_endophyte,,root_endophyte_dark_septate,root-associated,"roots,soil",,non-aquatic,,,filamentous_mycelium,apothecium_(hymenium_on_surface),smooth,,,,
Mortierellomycota,Mortierellomycetes,Mortierellales,Mortierellaceae,NA,NA,NA,NA,NA,NA,NA,NA,NA,NA,NA,NA,NA,NA,NA,NA,NA,NA,NA,NA,NA,NA,NA,NA,NA
Basidiomycota,Agaricomycetes,Sebacinales,NA,NA,NA,NA,NA,NA,NA,NA,NA,NA,NA,NA,NA,NA,NA,NA,NA,NA,NA,NA,NA,NA,NA,NA,NA,NA
Mortierellomycota,Mortierellomycetes,Mortierellales,Mortierellaceae,Mortierella,Mortierella_sp;sh__SH0018418.10FU,jrk05302,Mortierellomycota,Mortierellomycetes,Mortierellales,Mortierellaceae,,soil_saprotroph,root-associated,,root-associated,root-associated,"roots,soil",chitinolytic,partly_aquatic,opportunistic_human_parasite,,filamentous_mycelium,none,none,,,,
Ascomycota,Leotiomycetes,Helotiales,Helotiales_fam_Incertae_sedis,Helotiales_gen_Incertae_sedis,Helotiales_sp;sh__SH0093359.10FU,NA,NA,NA,NA,NA,NA,NA,NA,NA,NA,NA,NA,NA,NA,NA,NA,NA,NA,NA,NA,NA,NA,NA
Ascomycota,Dothideomycetes,Pleosporales,Sporormiaceae,Sporormiella,NA,jrk09711,Ascomycota,Dothideomycetes,Pleosporales,Sporormiaceae,,litter_saprotroph,,,,,leaf/fruit/seed,,partly_aquatic,,,filamentous_mycelium,"perithecium_(hymenium_hidden,_narrow_opening)",,,,,
Ascomycota,Leotiomycetes,Leotiomycetes_ord_Incertae_sedis,Leotiomycetes_fam_Incertae_sedis,Leotiomycetes_gen_Incertae_sedis,Leotiomycetes_sp;sh__SH0006408.10FU,NA,NA,NA,NA,NA,NA,NA,NA,NA,NA,NA,NA,NA,NA,NA,NA,NA,NA,NA,NA,NA,NA,NA
NA,NA,NA,NA,NA,NA,NA,NA,NA,NA,NA,NA,NA,NA,NA,NA,NA,NA,NA,NA,NA,NA,NA,NA,NA,NA,NA,NA,NA
Basidiomycota,Agaricomycetes,Thelephorales,Thelephoraceae,Tomentella,Tomentella_sp,jrk08875,Basidiomycota,Agaricomycetes,Thelephorales,Thelephoraceae,,ectomycorrhizal,,,,,,,non-aquatic,,,filamentous_mycelium,corticioid,smooth,medium-distance_smooth,/tomentella-thelephora,,
Ascomycota,Lecanoromycetes,Lecanoromycetes_ord_Incertae_sedis,Lecanoromycetes_fam_Incertae_sedis,Lecanoromycetes_gen_Incertae_sedis,Lecanoromycetes_sp;sh__SH0187257.10FU,NA,NA,NA,NA,NA,NA,NA,NA,NA,NA,NA,NA,NA,NA,NA,NA,NA,NA,NA,NA,NA,NA,NA
Ascomycota,Leotiomycetes,Helotiales,Helotiales_fam_Incertae_sedis,Helotiales_gen_Incertae_sedis,Helotiales_sp;sh__SH0144732.10FU,NA,NA,NA,NA,NA,NA,NA,NA,NA,NA,NA,NA,NA,NA,NA,NA,NA,NA,NA,NA,NA,NA,NA
Fungi_phy_Incertae_sedis,Fungi_cls_Incertae_sedis,Fungi_ord_Incertae_sedis,Fungi_fam_Incertae_sedis,Fungi_gen_Incertae_sedis,Fungi_sp;sh__SH0153982.10FU,NA,NA,NA,NA,NA,NA,NA,NA,NA,NA,NA,NA,NA,NA,NA,NA,NA,NA,NA,NA,NA,NA,NA
Basidiomycota,Tremellomycetes,Tremellales,NA,NA,NA,NA,NA,NA,NA,NA,NA,NA,NA,NA,NA,NA,NA,NA,NA,NA,NA,NA,NA,NA,NA,NA,NA,NA
Ascomycota,Eurotiomycetes,Chaetothyriales,Herpotrichiellaceae,NA,NA,NA,NA,NA,NA,NA,NA,NA,NA,NA,NA,NA,NA,NA,NA,NA,NA,NA,NA,NA,NA,NA,NA,NA
Basidiomycota,Agaricomycetes,Sebacinales,Sebacinaceae,Sebacina,Sebacina_sp,jrk07952,Basidiomycota,Agaricomycetes,Sebacinales,Sebacinaceae,,ectomycorrhizal,,,,,,,non-aquatic,,,filamentous_mycelium,corticioid,smooth,short-distance_delicate,/sebacina,,
Basidiomycota,Agaricomycetes,NA,NA,NA,NA,NA,NA,NA,NA,NA,NA,NA,NA,NA,NA,NA,NA,NA,NA,NA,NA,NA,NA,NA,NA,NA,NA,NA
Basidiomycota,Agaricomycetes,Hymenochaetales,Hymenochaetales_fam_Incertae_sedis,Hymenochaetales_gen_Incertae_sedis,Hymenochaetales_sp;sh__SH0088170.10FU,NA,NA,NA,NA,NA,NA,NA,NA,NA,NA,NA,NA,NA,NA,NA,NA,NA,NA,NA,NA,NA,NA,NA
NA,NA,NA,NA,NA,NA,NA,NA,NA,NA,NA,NA,NA,NA,NA,NA,NA,NA,NA,NA,NA,NA,NA,NA,NA,NA,NA,NA,NA
NA,NA,NA,NA,NA,NA,NA,NA,NA,NA,NA,NA,NA,NA,NA,NA,NA,NA,NA,NA,NA,NA,NA,NA,NA,NA,NA,NA,NA
Ascomycota,Leotiomycetes,Helotiales,Helotiales_fam_Incertae_sedis,Unguicularia,Unguicularia_carestiana;sh__SH0147968.10FU,jrk09167,Ascomycota,Leotiomycetes,Helotiales,Helotiales family incertae sedis,,litter_saprotroph,,,,,leaf/fruit/seed,,non-aquatic,,,filamentous_mycelium,apothecium_(hymenium_on_surface),smooth,,,,
Ascomycota,NA,NA,NA,NA,NA,NA,NA,NA,NA,NA,NA,NA,NA,NA,NA,NA,NA,NA,NA,NA,NA,NA,NA,NA,NA,NA,NA,NA
Ascomycota,Lecanoromycetes,NA,NA,NA,NA,NA,NA,NA,NA,NA,NA,NA,NA,NA,NA,NA,NA,NA,NA,NA,NA,NA,NA,NA,NA,NA,NA,NA
Ascomycota,Leotiomycetes,Helotiales,Helotiales_fam_Incertae_sedis,Helotiales_gen_Incertae_sedis,Helotiales_sp;sh__SH0188037.10FU,NA,NA,NA,NA,NA,NA,NA,NA,NA,NA,NA,NA,NA,NA,NA,NA,NA,NA,NA,NA,NA,NA,NA
NA,NA,NA,NA,NA,NA,NA,NA,NA,NA,NA,NA,NA,NA,NA,NA,NA,NA,NA,NA,NA,NA,NA,NA,NA,NA,NA,NA,NA
Ascomycota,Leotiomycetes,Helotiales,Helotiales_fam_Incertae_sedis,Helotiales_gen_Incertae_sedis,Helotiales_sp;sh__SH0003954.10FU,NA,NA,NA,NA,NA,NA,NA,NA,NA,NA,NA,NA,NA,NA,NA,NA,NA,NA,NA,NA,NA,NA,NA
Basidiomycota,Microbotryomycetes,Microbotryomycetes_ord_Incertae_sedis,Microbotryomycetes_fam_Incertae_sedis,Slooffia,Slooffia_cresolica;sh__SH0165481.10FU,jrk08122,Basidiomycota,Microbotryomycetes,Microbotryomycetes order incertae sedis,Microbotryomycetes family incertae sedis,,unspecified_saprotroph,,,,,,,non-aquatic,,,yeast,none,none,,,,
Basidiomycota,Basidiomycota_cls_Incertae_sedis,Basidiomycota_ord_Incertae_sedis,Basidiomycota_fam_Incertae_sedis,Basidiomycota_gen_Incertae_sedis,Basidiomycota_sp;sh__SH0182707.10FU,NA,NA,NA,NA,NA,NA,NA,NA,NA,NA,NA,NA,NA,NA,NA,NA,NA,NA,NA,NA,NA,NA,NA
Ascomycota,NA,NA,NA,NA,NA,NA,NA,NA,NA,NA,NA,NA,NA,NA,NA,NA,NA,NA,NA,NA,NA,NA,NA,NA,NA,NA,NA,NA
Chytridiomycota,Chytridiomycota_cls_Incertae_sedis,Chytridiomycota_ord_Incertae_sedis,Chytridiomycota_fam_Incertae_sedis,Chytridiomycota_gen_Incertae_sedis,Chytridiomycota_sp;sh__SH0172328.10FU,NA,NA,NA,NA,NA,NA,NA,NA,NA,NA,NA,NA,NA,NA,NA,NA,NA,NA,NA,NA,NA,NA,NA
Fungi_phy_Incertae_sedis,Fungi_cls_Incertae_sedis,Fungi_ord_Incertae_sedis,Fungi_fam_Incertae_sedis,Fungi_gen_Incertae_sedis,Fungi_sp;sh__SH0004220.10FU,NA,NA,NA,NA,NA,NA,NA,NA,NA,NA,NA,NA,NA,NA,NA,NA,NA,NA,NA,NA,NA,NA,NA
Basidiomycota,Agaricomycetes,Agaricales,Psathyrellaceae,Psathyrella,Psathyrella_sp;sh__SH0182666.10FU,jrk06986,Basidiomycota,Agaricomycetes,Agaricales,Psathyrellaceae,,wood_saprotroph,litter_saprotroph,,,,"wood,leaf/fruit/seed",,partly_aquatic,,,filamentous_mycelium,agaricoid,gills,,,,
Basidiomycota,Spiculogloeomycetes,Spiculogloeales,Spiculogloeales_fam_Incertae_sedis,Spiculogloeales_gen_Incertae_sedis,Spiculogloeales_sp;sh__SH0154484.10FU,NA,NA,NA,NA,NA,NA,NA,NA,NA,NA,NA,NA,NA,NA,NA,NA,NA,NA,NA,NA,NA,NA,NA
NA,NA,NA,NA,NA,NA,NA,NA,NA,NA,NA,NA,NA,NA,NA,NA,NA,NA,NA,NA,NA,NA,NA,NA,NA,NA,NA,NA,NA
Ascomycota,Leotiomycetes,Helotiales,Helotiaceae,Cudoniella,Cudoniella_sp;sh__SH0177392.10FU,jrk02239,Ascomycota,Leotiomycetes,Helotiales,Helotiaceae,,litter_saprotroph,wood_saprotroph,,,,"wood,leaf/fruit/seed",,partly_freshwater_(partly_non-aquatic),,,filamentous_mycelium,apothecium_(hymenium_on_surface),smooth,,,,
Mucoromycota,Endogonomycetes,Endogonales,Endogonales_fam_Incertae_sedis,Endogonales_gen_Incertae_sedis,Endogonales_sp;sh__SH0165648.10FU,NA,NA,NA,NA,NA,NA,NA,NA,NA,NA,NA,NA,NA,NA,NA,NA,NA,NA,NA,NA,NA,NA,NA
Rozellomycota,Rozellomycota_cls_Incertae_sedis,Rozellomycota_ord_Incertae_sedis,Rozellomycota_fam_Incertae_sedis,Rozellomycota_gen_Incertae_sedis,Rozellomycota_sp;sh__SH0009046.10FU,NA,NA,NA,NA,NA,NA,NA,NA,NA,NA,NA,NA,NA,NA,NA,NA,NA,NA,NA,NA,NA,NA,NA
NA,NA,NA,NA,NA,NA,NA,NA,NA,NA,NA,NA,NA,NA,NA,NA,NA,NA,NA,NA,NA,NA,NA,NA,NA,NA,NA,NA,NA
Ascomycota,Dothideomycetes,Phaeotrichales,Phaeotrichaceae,Trichodelitschia,Trichodelitschia_bisporula;sh__SH0007872.10FU,jrk08976,Ascomycota,Dothideomycetes,Phaeotrichales,Phaeotrichaceae,,dung_saprotroph,,,,,dung,,non-aquatic,,,filamentous_mycelium,"perithecium_(hymenium_hidden,_narrow_opening)",closed,,,,
NA,NA,NA,NA,NA,NA,NA,NA,NA,NA,NA,NA,NA,NA,NA,NA,NA,NA,NA,NA,NA,NA,NA,NA,NA,NA,NA,NA,NA
Ascomycota,Dothideomycetes,Venturiales,Cylindrosympodiaceae,Sympodiella,Sympodiella_sp,,Ascomycota,Dothideomycetes,Venturiales,Venturiaceae,,litter_saprotroph,,,,,leaf/fruit/seed,,non-aquatic,,,filamentous_mycelium,none,,,,,
NA,NA,NA,NA,NA,NA,NA,NA,NA,NA,NA,NA,NA,NA,NA,NA,NA,NA,NA,NA,NA,NA,NA,NA,NA,NA,NA,NA,NA
Ascomycota,Orbiliomycetes,Orbiliales,Orbiliaceae,Lecophagus,Lecophagus_longisporus;sh__SH0146182.10FU,jrk04534,Ascomycota,Orbiliomycetes,Orbiliales,Orbiliaceae,,animal_parasite,wood_saprotroph,,,,"wood,animal_material",,partly_freshwater_(partly_non-aquatic),nematophagous,,filamentous_mycelium,apothecium_(hymenium_on_surface),smooth,,,,
Ascomycota,NA,NA,NA,NA,NA,NA,NA,NA,NA,NA,NA,NA,NA,NA,NA,NA,NA,NA,NA,NA,NA,NA,NA,NA,NA,NA,NA,NA
Basidiomycota,Agaricomycetes,Agaricales,Cortinariaceae,Cortinarius,Cortinarius_cystidiobicolor;sh__SH0171125.10FU,jrk02100,Basidiomycota,Agaricomycetes,Agaricales,Cortinariaceae,,ectomycorrhizal,,,,,,,non-aquatic,,,filamentous_mycelium,agaricoid,gills,medium-distance_fringe,/cortinarius,,
NA,NA,NA,NA,NA,NA,NA,NA,NA,NA,NA,NA,NA,NA,NA,NA,NA,NA,NA,NA,NA,NA,NA,NA,NA,NA,NA,NA,NA
NA,NA,NA,NA,NA,NA,NA,NA,NA,NA,NA,NA,NA,NA,NA,NA,NA,NA,NA,NA,NA,NA,NA,NA,NA,NA,NA,NA,NA
Rozellomycota,Rozellomycota_cls_Incertae_sedis,Rozellomycota_ord_Incertae_sedis,Rozellomycota_fam_Incertae_sedis,Rozellomycota_gen_Incertae_sedis,Rozellomycota_sp;sh__SH0131556.10FU,NA,NA,NA,NA,NA,NA,NA,NA,NA,NA,NA,NA,NA,NA,NA,NA,NA,NA,NA,NA,NA,NA,NA
Basidiomycota,Agaricomycetes,Agaricales,Clavariaceae,Clavaria,Clavaria_sphagnicola;sh__SH0005443.10FU,jrk01836,Basidiomycota,Agaricomycetes,Agaricales,Clavariaceae,,soil_saprotroph,unspecified_symbiotroph,CHEGD_symbiotrophs,root-associated,root-associated,"roots,soil",,non-aquatic,,,filamentous_mycelium,clavarioid,smooth,,,,
Ascomycota,Dothideomycetes,Mycosphaerellales,Teratosphaeriaceae,Apenidiella,Apenidiella_foetida;sh__SH0103214.10FU,jrk00469,Ascomycota,Dothideomycetes,Capnodiales,Teratosphaeriaceae,,litter_saprotroph,plant_pathogen,,,leaf/fruit/seed_pathogen,leaf/fruit/seed,,non-aquatic,,,filamentous_mycelium,"perithecium_(hymenium_hidden,_narrow_opening)",closed,,,,
Chytridiomycota,Rhizophydiomycetes,Rhizophydiales,Rhizophydiales_fam_Incertae_sedis,Rhizophydiales_gen_Incertae_sedis,Rhizophydiales_sp;sh__SH0022170.10FU,NA,NA,NA,NA,NA,NA,NA,NA,NA,NA,NA,NA,NA,NA,NA,NA,NA,NA,NA,NA,NA,NA,NA
Basidiomycota,Agaricomycetes,Agaricales,Strophariaceae,NA,NA,NA,NA,NA,NA,NA,NA,NA,NA,NA,NA,NA,NA,NA,NA,NA,NA,NA,NA,NA,NA,NA,NA,NA
Ascomycota,Dothideomycetes,Pleosporales,Pleosporales_fam_Incertae_sedis,Pleosporales_gen_Incertae_sedis,Pleosporales_sp;sh__SH0154337.10FU,NA,NA,NA,NA,NA,NA,NA,NA,NA,NA,NA,NA,NA,NA,NA,NA,NA,NA,NA,NA,NA,NA,NA
Basidiomycota,Agaricomycetes,Agaricales,Hymenogastraceae,Galerina,Galerina_sp;sh__SH0176595.10FU,jrk03314,Basidiomycota,Agaricomycetes,Agaricales,Hymenogastraceae,,wood_saprotroph,litter_saprotroph,,,leaf/fruit/seed_pathogen,"wood,leaf/fruit/seed",,non-aquatic,,,filamentous_mycelium,agaricoid,gills,,,,
NA,NA,NA,NA,NA,NA,NA,NA,NA,NA,NA,NA,NA,NA,NA,NA,NA,NA,NA,NA,NA,NA,NA,NA,NA,NA,NA,NA,NA
Ascomycota,NA,NA,NA,NA,NA,NA,NA,NA,NA,NA,NA,NA,NA,NA,NA,NA,NA,NA,NA,NA,NA,NA,NA,NA,NA,NA,NA,NA
Ascomycota,Sordariomycetes,Amphisphaeriales,Apiosporaceae,Nigrospora,Nigrospora_oryzae;sh__SH0184956.10FU,jrk05767,Ascomycota,Sordariomycetes,Amphisphaeriales,Apiosporaceae,,litter_saprotroph,,toxin-producing,,,leaf/fruit/seed,,partly_aquatic,,,filamentous_mycelium,"perithecium_(hymenium_hidden,_narrow_opening)",closed,,,,
Ascomycota,Leotiomycetes,Helotiales,NA,NA,NA,NA,NA,NA,NA,NA,NA,NA,NA,NA,NA,NA,NA,NA,NA,NA,NA,NA,NA,NA,NA,NA,NA,NA
Ascomycota,Leotiomycetes,Helotiales,Helotiales_fam_Incertae_sedis,Helotiales_gen_Incertae_sedis,Helotiales_sp;sh__SH0008396.10FU,NA,NA,NA,NA,NA,NA,NA,NA,NA,NA,NA,NA,NA,NA,NA,NA,NA,NA,NA,NA,NA,NA,NA
Basidiomycota,Agaricomycetes,Russulales,Xenasmataceae,Xenasmatella,Xenasmatella_sp;sh__SH0156520.10FU,jrk09408,Basidiomycota,Agaricomycetes,Polyporales,Xenasmataceae,,wood_saprotroph,,,,,wood,white_rot,non-aquatic,,,filamentous_mycelium,corticioid,smooth,,,,
Ascomycota,Eurotiomycetes,Chaetothyriales,Herpotrichiellaceae,NA,NA,NA,NA,NA,NA,NA,NA,NA,NA,NA,NA,NA,NA,NA,NA,NA,NA,NA,NA,NA,NA,NA,NA,NA
Ascomycota,Leotiomycetes,Leotiomycetes_ord_Incertae_sedis,Leotiomycetes_fam_Incertae_sedis,Leotiomycetes_gen_Incertae_sedis,Leotiomycetes_sp;sh__SH0008372.10FU,NA,NA,NA,NA,NA,NA,NA,NA,NA,NA,NA,NA,NA,NA,NA,NA,NA,NA,NA,NA,NA,NA,NA
Mortierellomycota,Mortierellomycetes,Mortierellales,Mortierellaceae,Mortierellaceae_gen_Incertae_sedis,Mortierellaceae_sp;sh__SH0157861.10FU,NA,NA,NA,NA,NA,NA,NA,NA,NA,NA,NA,NA,NA,NA,NA,NA,NA,NA,NA,NA,NA,NA,NA
Ascomycota,NA,NA,NA,NA,NA,NA,NA,NA,NA,NA,NA,NA,NA,NA,NA,NA,NA,NA,NA,NA,NA,NA,NA,NA,NA,NA,NA,NA
Basidiomycota,Agaricomycetes,Agaricales,Cortinariaceae,Cortinarius,Cortinarius_gentilis;sh__SH0171190.10FU,jrk02100,Basidiomycota,Agaricomycetes,Agaricales,Cortinariaceae,,ectomycorrhizal,,,,,,,non-aquatic,,,filamentous_mycelium,agaricoid,gills,medium-distance_fringe,/cortinarius,,
Ascomycota,NA,NA,NA,NA,NA,NA,NA,NA,NA,NA,NA,NA,NA,NA,NA,NA,NA,NA,NA,NA,NA,NA,NA,NA,NA,NA,NA,NA
Ascomycota,NA,NA,NA,NA,NA,NA,NA,NA,NA,NA,NA,NA,NA,NA,NA,NA,NA,NA,NA,NA,NA,NA,NA,NA,NA,NA,NA,NA
Mucoromycota,NA,NA,NA,NA,NA,NA,NA,NA,NA,NA,NA,NA,NA,NA,NA,NA,NA,NA,NA,NA,NA,NA,NA,NA,NA,NA,NA,NA
Mortierellomycota,Mortierellomycetes,Mortierellales,Mortierellaceae,Mortierella,Mortierella_sp;sh__SH0089561.10FU,jrk05302,Mortierellomycota,Mortierellomycetes,Mortierellales,Mortierellaceae,,soil_saprotroph,root-associated,,root-associated,root-associated,"roots,soil",chitinolytic,partly_aquatic,opportunistic_human_parasite,,filamentous_mycelium,none,none,,,,
Rozellomycota,Rozellomycota_cls_Incertae_sedis,Rozellomycota_ord_Incertae_sedis,Rozellomycota_fam_Incertae_sedis,Rozellomycota_gen_Incertae_sedis,Rozellomycota_sp;sh__SH0131556.10FU,NA,NA,NA,NA,NA,NA,NA,NA,NA,NA,NA,NA,NA,NA,NA,NA,NA,NA,NA,NA,NA,NA,NA
Ascomycota,NA,NA,NA,NA,NA,NA,NA,NA,NA,NA,NA,NA,NA,NA,NA,NA,NA,NA,NA,NA,NA,NA,NA,NA,NA,NA,NA,NA
NA,NA,NA,NA,NA,NA,NA,NA,NA,NA,NA,NA,NA,NA,NA,NA,NA,NA,NA,NA,NA,NA,NA,NA,NA,NA,NA,NA,NA
Ascomycota,Dothideomycetes,NA,NA,NA,NA,NA,NA,NA,NA,NA,NA,NA,NA,NA,NA,NA,NA,NA,NA,NA,NA,NA,NA,NA,NA,NA,NA,NA
Chytridiomycota,Chytridiomycota_cls_Incertae_sedis,Chytridiomycota_ord_Incertae_sedis,Chytridiomycota_fam_Incertae_sedis,Chytridiomycota_gen_Incertae_sedis,Chytridiomycota_sp;sh__SH0105287.10FU,NA,NA,NA,NA,NA,NA,NA,NA,NA,NA,NA,NA,NA,NA,NA,NA,NA,NA,NA,NA,NA,NA,NA
NA,NA,NA,NA,NA,NA,NA,NA,NA,NA,NA,NA,NA,NA,NA,NA,NA,NA,NA,NA,NA,NA,NA,NA,NA,NA,NA,NA,NA
Ascomycota,Leotiomycetes,Helotiales,Helotiales_fam_Incertae_sedis,Helotiales_gen_Incertae_sedis,Helotiales_sp;sh__SH0146599.10FU,NA,NA,NA,NA,NA,NA,NA,NA,NA,NA,NA,NA,NA,NA,NA,NA,NA,NA,NA,NA,NA,NA,NA
Ascomycota,Lecanoromycetes,Lecanorales,Lecanoraceae,Lecanora,Lecanora_aitema;sh__SH0181839.10FU,jrk04523,Ascomycota,Lecanoromycetes,Lecanorales,Lecanoraceae,,lichenized,,,,,,,non-aquatic,,,thallus_photosynthetic,apothecium_(hymenium_on_surface),smooth,,,chlorococcoid,
Basidiomycota,Agaricomycetes,Agaricales,NA,NA,NA,NA,NA,NA,NA,NA,NA,NA,NA,NA,NA,NA,NA,NA,NA,NA,NA,NA,NA,NA,NA,NA,NA,NA
Rozellomycota,Rozellomycotina_cls_Incertae_sedis,GS05,GS05_fam_Incertae_sedis,GS05_gen_Incertae_sedis,GS05_sp;sh__SH0194861.10FU,NA,NA,NA,NA,NA,NA,NA,NA,NA,NA,NA,NA,NA,NA,NA,NA,NA,NA,NA,NA,NA,NA,NA
Ascomycota,Dothideomycetes,Pleosporales,NA,NA,NA,NA,NA,NA,NA,NA,NA,NA,NA,NA,NA,NA,NA,NA,NA,NA,NA,NA,NA,NA,NA,NA,NA,NA
Rozellomycota,Rozellomycotina_cls_Incertae_sedis,GS07,GS07_fam_Incertae_sedis,GS07_gen_Incertae_sedis,GS07_sp;sh__SH0069715.10FU,NA,NA,NA,NA,NA,NA,NA,NA,NA,NA,NA,NA,NA,NA,NA,NA,NA,NA,NA,NA,NA,NA,NA
Ascomycota,NA,NA,NA,NA,NA,NA,NA,NA,NA,NA,NA,NA,NA,NA,NA,NA,NA,NA,NA,NA,NA,NA,NA,NA,NA,NA,NA,NA
Ascomycota,Orbiliomycetes,Orbiliales,Orbiliaceae,Amphosoma,Amphosoma_sp,,Ascomycota,Orbiliomycetes,Orbiliales,Orbiliaceae,,wood_saprotroph,pollen_saprotroph,,,,"wood,pollen",,non-aquatic,,,filamentous_mycelium,apothecium_(hymenium_on_surface),smooth,,,,
Rozellomycota,Rozellomycota_cls_Incertae_sedis,Rozellomycota_ord_Incertae_sedis,Rozellomycota_fam_Incertae_sedis,Rozellomycota_gen_Incertae_sedis,Rozellomycota_sp;sh__SH0168649.10FU,NA,NA,NA,NA,NA,NA,NA,NA,NA,NA,NA,NA,NA,NA,NA,NA,NA,NA,NA,NA,NA,NA,NA
NA,NA,NA,NA,NA,NA,NA,NA,NA,NA,NA,NA,NA,NA,NA,NA,NA,NA,NA,NA,NA,NA,NA,NA,NA,NA,NA,NA,NA
Basidiomycota,Agaricomycetes,Agaricales,Mycenaceae,NA,NA,NA,NA,NA,NA,NA,NA,NA,NA,NA,NA,NA,NA,NA,NA,NA,NA,NA,NA,NA,NA,NA,NA,NA
Ascomycota,Leotiomycetes,NA,NA,NA,NA,NA,NA,NA,NA,NA,NA,NA,NA,NA,NA,NA,NA,NA,NA,NA,NA,NA,NA,NA,NA,NA,NA,NA
Ascomycota,Dothideomycetes,Venturiales,Cylindrosympodiaceae,Sympodiella,Sympodiella_sp;sh__SH0056817.10FU,,Ascomycota,Dothideomycetes,Venturiales,Venturiaceae,,litter_saprotroph,,,,,leaf/fruit/seed,,non-aquatic,,,filamentous_mycelium,none,,,,,
Ascomycota,Leotiomycetes,Helotiales,Helotiales_fam_Incertae_sedis,Helotiales_gen_Incertae_sedis,Helotiales_sp,NA,NA,NA,NA,NA,NA,NA,NA,NA,NA,NA,NA,NA,NA,NA,NA,NA,NA,NA,NA,NA,NA,NA
Ascomycota,Dothideomycetes,Venturiales,Cylindrosympodiaceae,Sympodiella,Sympodiella_acicola;sh__SH0056803.10FU,,Ascomycota,Dothideomycetes,Venturiales,Venturiaceae,,litter_saprotroph,,,,,leaf/fruit/seed,,non-aquatic,,,filamentous_mycelium,none,,,,,
Basidiomycota,Agaricomycetes,Sebacinales,Serendipitaceae,Serendipita,Serendipita_sp;sh__SH0066933.10FU,jrk08004,Basidiomycota,Agaricomycetes,Sebacinales,Serendipitaceae,,root_endophyte,soil_saprotroph,ectomycorrhizal_1%_species/ericoid_mycorrhizal_many_species/orchid_mycorrhizal,root_endophyte,,soil,,non-aquatic,,,filamentous_mycelium,none,none,,,,
Basidiomycota,Microbotryomycetes,Sporidiobolales,Sporidiobolales_fam_Incertae_sedis,Sporidiobolales_gen_Incertae_sedis,Sporidiobolales_sp;sh__SH0170826.10FU,NA,NA,NA,NA,NA,NA,NA,NA,NA,NA,NA,NA,NA,NA,NA,NA,NA,NA,NA,NA,NA,NA,NA
Mortierellomycota,Mortierellomycetes,Mortierellales,Mortierellaceae,Mortierella,Mortierella_sp;sh__SH0007969.10FU,jrk05302,Mortierellomycota,Mortierellomycetes,Mortierellales,Mortierellaceae,,soil_saprotroph,root-associated,,root-associated,root-associated,"roots,soil",chitinolytic,partly_aquatic,opportunistic_human_parasite,,filamentous_mycelium,none,none,,,,
NA,NA,NA,NA,NA,NA,NA,NA,NA,NA,NA,NA,NA,NA,NA,NA,NA,NA,NA,NA,NA,NA,NA,NA,NA,NA,NA,NA,NA
Ascomycota,Leotiomycetes,Helotiales,Helotiales_fam_Incertae_sedis,Helotiales_gen_Incertae_sedis,Helotiales_sp;sh__SH0006389.10FU,NA,NA,NA,NA,NA,NA,NA,NA,NA,NA,NA,NA,NA,NA,NA,NA,NA,NA,NA,NA,NA,NA,NA
Basidiomycota,Tremellomycetes,Tremellales,NA,NA,NA,NA,NA,NA,NA,NA,NA,NA,NA,NA,NA,NA,NA,NA,NA,NA,NA,NA,NA,NA,NA,NA,NA,NA
Basidiomycota,Agaricomycetes,Agaricales,Clavariaceae,Hodophilus,Hodophilus_hymenocystis;sh__SH0158342.10FU,jrk03888,Basidiomycota,Agaricomycetes,Agaricales,Clavariaceae,,soil_saprotroph,unspecified_symbiotroph,CHEGD_symbiotrophs,root-associated,root-associated,"roots,soil",,non-aquatic,,,filamentous_mycelium,agaricoid,gills,,,,
Basidiomycota,Spiculogloeomycetes,Spiculogloeales,Spiculogloeales_fam_Incertae_sedis,Spiculogloeales_gen_Incertae_sedis,Spiculogloeales_sp;sh__SH0182742.10FU,NA,NA,NA,NA,NA,NA,NA,NA,NA,NA,NA,NA,NA,NA,NA,NA,NA,NA,NA,NA,NA,NA,NA
Rozellomycota,Rozellomycotina_cls_Incertae_sedis,GS08,GS08_fam_Incertae_sedis,GS08_gen_Incertae_sedis,GS08_sp;sh__SH0048400.10FU,NA,NA,NA,NA,NA,NA,NA,NA,NA,NA,NA,NA,NA,NA,NA,NA,NA,NA,NA,NA,NA,NA,NA
Ascomycota,Leotiomycetes,NA,NA,NA,NA,NA,NA,NA,NA,NA,NA,NA,NA,NA,NA,NA,NA,NA,NA,NA,NA,NA,NA,NA,NA,NA,NA,NA
Ascomycota,Sordariomycetes,Sordariomycetes_ord_Incertae_sedis,Sordariomycetes_fam_Incertae_sedis,Sordariomycetes_gen_Incertae_sedis,Sordariomycetes_sp;sh__SH0011052.10FU,NA,NA,NA,NA,NA,NA,NA,NA,NA,NA,NA,NA,NA,NA,NA,NA,NA,NA,NA,NA,NA,NA,NA
Chytridiomycota,Rhizophydiomycetes,Rhizophydiales,Rhizophydiales_fam_Incertae_sedis,Rhizophydiales_gen_Incertae_sedis,Rhizophydiales_sp;sh__SH0022170.10FU,NA,NA,NA,NA,NA,NA,NA,NA,NA,NA,NA,NA,NA,NA,NA,NA,NA,NA,NA,NA,NA,NA,NA
Rozellomycota,Rozellomycota_cls_Incertae_sedis,Rozellomycota_ord_Incertae_sedis,Rozellomycota_fam_Incertae_sedis,Rozellomycota_gen_Incertae_sedis,Rozellomycota_sp;sh__SH0191155.10FU,NA,NA,NA,NA,NA,NA,NA,NA,NA,NA,NA,NA,NA,NA,NA,NA,NA,NA,NA,NA,NA,NA,NA
Ascomycota,Sordariomycetes,Sordariomycetes_ord_Incertae_sedis,Junewangiaceae,Sporidesmiella,Sporidesmiella_juncicola;sh__SH0087188.10FU,jrk08269,Ascomycota,Dothideomycetes,Pleosporales,Didymosphaeriaceae,,wood_saprotroph,,,no_endophytic_capacity,,wood,,non-aquatic,,,filamentous_mycelium,"perithecium_(hymenium_hidden,_narrow_opening)",closed,,,,
NA,NA,NA,NA,NA,NA,NA,NA,NA,NA,NA,NA,NA,NA,NA,NA,NA,NA,NA,NA,NA,NA,NA,NA,NA,NA,NA,NA,NA
Ascomycota,Leotiomycetes,Helotiales,Helotiales_fam_Incertae_sedis,Helotiales_gen_Incertae_sedis,Helotiales_sp,NA,NA,NA,NA,NA,NA,NA,NA,NA,NA,NA,NA,NA,NA,NA,NA,NA,NA,NA,NA,NA,NA,NA
NA,NA,NA,NA,NA,NA,NA,NA,NA,NA,NA,NA,NA,NA,NA,NA,NA,NA,NA,NA,NA,NA,NA,NA,NA,NA,NA,NA,NA
Ascomycota,Leotiomycetes,Leotiales,Tympanidaceae,Tympanidaceae_gen_Incertae_sedis,Tympanidaceae_sp,NA,NA,NA,NA,NA,NA,NA,NA,NA,NA,NA,NA,NA,NA,NA,NA,NA,NA,NA,NA,NA,NA,NA
Chytridiomycota,Rhizophlyctidomycetes,Rhizophlyctidales,Rhizophlyctidales_fam_Incertae_sedis,Rhizophlyctidales_gen_Incertae_sedis,Rhizophlyctidales_sp;sh__SH0151148.10FU,NA,NA,NA,NA,NA,NA,NA,NA,NA,NA,NA,NA,NA,NA,NA,NA,NA,NA,NA,NA,NA,NA,NA
NA,NA,NA,NA,NA,NA,NA,NA,NA,NA,NA,NA,NA,NA,NA,NA,NA,NA,NA,NA,NA,NA,NA,NA,NA,NA,NA,NA,NA
NA,NA,NA,NA,NA,NA,NA,NA,NA,NA,NA,NA,NA,NA,NA,NA,NA,NA,NA,NA,NA,NA,NA,NA,NA,NA,NA,NA,NA
Ascomycota,NA,NA,NA,NA,NA,NA,NA,NA,NA,NA,NA,NA,NA,NA,NA,NA,NA,NA,NA,NA,NA,NA,NA,NA,NA,NA,NA,NA
Ascomycota,Dothideomycetes,Phaeothecales,Phaeothecaceae,Phaeotheca,Phaeotheca_fissurella;sh__SH0183712.10FU,jrk06440,Ascomycota,Dothideomycetes,Capnodiales,Phaeothecaceae,,plant_pathogen,litter_saprotroph,,,leaf/fruit/seed_pathogen,leaf/fruit/seed,,partly_aquatic,,,filamentous_mycelium,"perithecium_(hymenium_hidden,_narrow_opening)",closed,,,,
NA,NA,NA,NA,NA,NA,NA,NA,NA,NA,NA,NA,NA,NA,NA,NA,NA,NA,NA,NA,NA,NA,NA,NA,NA,NA,NA,NA,NA
Mortierellomycota,Mortierellomycetes,Mortierellales,Mortierellales_fam_Incertae_sedis,Mortierellales_gen_Incertae_sedis,Mortierellales_sp;sh__SH0018498.10FU,NA,NA,NA,NA,NA,NA,NA,NA,NA,NA,NA,NA,NA,NA,NA,NA,NA,NA,NA,NA,NA,NA,NA
Basidiomycota,Agaricomycetes,NA,NA,NA,NA,NA,NA,NA,NA,NA,NA,NA,NA,NA,NA,NA,NA,NA,NA,NA,NA,NA,NA,NA,NA,NA,NA,NA
Ascomycota,Sordariomycetes,Microascales,Microascaceae,Scedosporium,Scedosporium_dehoogii;sh__SH0161210.10FU,jrk07830,Ascomycota,Sordariomycetes,Microascales,Microascaceae,,soil_saprotroph,animal_parasite,,,,"soil,animal_material",,non-aquatic,opportunistic_human_parasite,,filamentous_mycelium,"cleistothecium_(closed,_spherical)",closed,,,,
Basidiomycota,Agaricomycetes,Auriculariales,Hyaloriaceae,Pseudohydnum,Pseudohydnum_gelatinosum;sh__SH0074550.10FU,jrk07099,Basidiomycota,Agaricomycetes,Auriculariales,Hyaloriaceae,,wood_saprotroph,,,,,wood,,non-aquatic,,,filamentous_mycelium,tremelloid,hydnoid,,,,
Basidiomycota,Agaricomycetes,Agaricales,Agaricales_fam_Incertae_sedis,Agaricales_gen_Incertae_sedis,Agaricales_sp;sh__SH0188709.10FU,NA,NA,NA,NA,NA,NA,NA,NA,NA,NA,NA,NA,NA,NA,NA,NA,NA,NA,NA,NA,NA,NA,NA
Ascomycota,Leotiomycetes,Helotiales,NA,NA,NA,NA,NA,NA,NA,NA,NA,NA,NA,NA,NA,NA,NA,NA,NA,NA,NA,NA,NA,NA,NA,NA,NA,NA
Basidiomycota,Agaricomycetes,Atheliales,Atheliales_fam_Incertae_sedis,Atheliales_gen_Incertae_sedis,Atheliales_sp;sh__SH0191095.10FU,NA,NA,NA,NA,NA,NA,NA,NA,NA,NA,NA,NA,NA,NA,NA,NA,NA,NA,NA,NA,NA,NA,NA
Ascomycota,Archaeorhizomycetes,Archaeorhizomycetales,Archaeorhizomycetaceae,Archaeorhizomyces,Archaeorhizomyces_sp;sh__SH0170210.10FU,jrk00567,Ascomycota,Archaeorhizomycetes,Archaeorhizomycetales,Archaeorhizomycetaceae,,soil_saprotroph,root-associated,,root-associated,root-associated,"roots,soil",,non-aquatic,,,filamentous_mycelium,none,none,,,,
Ascomycota,Leotiomycetes,Helotiales,NA,NA,NA,NA,NA,NA,NA,NA,NA,NA,NA,NA,NA,NA,NA,NA,NA,NA,NA,NA,NA,NA,NA,NA,NA,NA
Basidiomycota,Agaricomycetes,Agaricales,Agaricales_fam_Incertae_sedis,Agaricales_gen_Incertae_sedis,Agaricales_sp;sh__SH0053795.10FU,NA,NA,NA,NA,NA,NA,NA,NA,NA,NA,NA,NA,NA,NA,NA,NA,NA,NA,NA,NA,NA,NA,NA
Ascomycota,Leotiomycetes,Helotiales,Helotiales_fam_Incertae_sedis,Helotiales_gen_Incertae_sedis,Helotiales_sp;sh__SH0008507.10FU,NA,NA,NA,NA,NA,NA,NA,NA,NA,NA,NA,NA,NA,NA,NA,NA,NA,NA,NA,NA,NA,NA,NA
NA,NA,NA,NA,NA,NA,NA,NA,NA,NA,NA,NA,NA,NA,NA,NA,NA,NA,NA,NA,NA,NA,NA,NA,NA,NA,NA,NA,NA
Mucoromycota,Endogonomycetes,Endogonales,Endogonaceae,Endogonaceae_gen_Incertae_sedis,Endogonaceae_sp;sh__SH0022767.10FU,NA,NA,NA,NA,NA,NA,NA,NA,NA,NA,NA,NA,NA,NA,NA,NA,NA,NA,NA,NA,NA,NA,NA
Mucoromycota,Mucoromycetes,Mucorales,Mucoraceae,Mucor,Mucor_sp,jrk05314,Mucoromycota,Mucoromycetes,Mucorales,Mucoraceae,,soil_saprotroph,,,,,soil,mold,partly_aquatic,opportunistic_human_parasite,,filamentous_mycelium,none,none,,,,
Basidiomycota,Agaricomycetes,Agaricales,Psathyrellaceae,Coprinopsis,Coprinopsis_stercorea;sh__SH0137624.10FU,jrk02043,Basidiomycota,Agaricomycetes,Agaricales,Psathyrellaceae,,soil_saprotroph,,,,,soil,,non-aquatic,,,filamentous_mycelium,agaricoid,gills,,,,
Basidiomycota,Agaricomycetes,Sebacinales,Sebacinaceae,Sebacina,Sebacina_sp;sh__SH0136465.10FU,jrk07952,Basidiomycota,Agaricomycetes,Sebacinales,Sebacinaceae,,ectomycorrhizal,,,,,,,non-aquatic,,,filamentous_mycelium,corticioid,smooth,short-distance_delicate,/sebacina,,
Mortierellomycota,Mortierellomycetes,Mortierellales,Mortierellaceae,Mortierella,Mortierella_pulchella;sh__SH0089570.10FU,jrk05302,Mortierellomycota,Mortierellomycetes,Mortierellales,Mortierellaceae,,soil_saprotroph,root-associated,,root-associated,root-associated,"roots,soil",chitinolytic,partly_aquatic,opportunistic_human_parasite,,filamentous_mycelium,none,none,,,,
Ascomycota,Dothideomycetes,Tubeufiales,Tubeufiaceae,Zaanenomyces,NA,NA,NA,NA,NA,NA,NA,NA,NA,NA,NA,NA,NA,NA,NA,NA,NA,NA,NA,NA,NA,NA,NA,NA
Ascomycota,Dothideomycetes,Pleosporales,Pleosporaceae,Alternaria,NA,jrk00252,Ascomycota,Dothideomycetes,Pleosporales,Pleosporaceae,,plant_pathogen,litter_saprotroph,,foliar_endophyte,leaf/fruit/seed_pathogen,leaf/fruit/seed,soft_rot,partly_aquatic,,,filamentous_mycelium,"perithecium_(hymenium_hidden,_narrow_opening)",closed,,,,
Ascomycota,Leotiomycetes,Helotiales,NA,NA,NA,NA,NA,NA,NA,NA,NA,NA,NA,NA,NA,NA,NA,NA,NA,NA,NA,NA,NA,NA,NA,NA,NA,NA
NA,NA,NA,NA,NA,NA,NA,NA,NA,NA,NA,NA,NA,NA,NA,NA,NA,NA,NA,NA,NA,NA,NA,NA,NA,NA,NA,NA,NA
Basidiomycota,Agaricomycetes,Agaricales,Agaricales_fam_Incertae_sedis,Agaricales_gen_Incertae_sedis,Agaricales_sp;sh__SH0012686.10FU,NA,NA,NA,NA,NA,NA,NA,NA,NA,NA,NA,NA,NA,NA,NA,NA,NA,NA,NA,NA,NA,NA,NA
Ascomycota,Dothideomycetes,Venturiales,Cylindrosympodiaceae,Sympodiella,Sympodiella_quercina;sh__SH0056806.10FU,,Ascomycota,Dothideomycetes,Venturiales,Venturiaceae,,litter_saprotroph,,,,,leaf/fruit/seed,,non-aquatic,,,filamentous_mycelium,none,,,,,
Ascomycota,Dothideomycetes,Mycosphaerellales,Teratosphaeriaceae,Bryochiton,Bryochiton_sp;sh__SH0139551.10FU,jrk01209,Ascomycota,Dothideomycetes,Capnodiales,Teratosphaeriaceae,,plant_pathogen,litter_saprotroph,,,leaf/fruit/seed_pathogen,leaf/fruit/seed,,non-aquatic,,,filamentous_mycelium,"perithecium_(hymenium_hidden,_narrow_opening)",closed,,,,
Basidiomycota,Agaricomycetes,Agaricales,Cortinariaceae,Cortinarius,Cortinarius_sp;sh__SH0192368.10FU,jrk02100,Basidiomycota,Agaricomycetes,Agaricales,Cortinariaceae,,ectomycorrhizal,,,,,,,non-aquatic,,,filamentous_mycelium,agaricoid,gills,medium-distance_fringe,/cortinarius,,
Ascomycota,Leotiomycetes,Helotiales,Hyaloscyphaceae,Hyaloscyphaceae_gen_Incertae_sedis,Hyaloscyphaceae_sp;sh__SH0162824.10FU,NA,NA,NA,NA,NA,NA,NA,NA,NA,NA,NA,NA,NA,NA,NA,NA,NA,NA,NA,NA,NA,NA,NA
Fungi_phy_Incertae_sedis,Fungi_cls_Incertae_sedis,Fungi_ord_Incertae_sedis,Fungi_fam_Incertae_sedis,Fungi_gen_Incertae_sedis,Fungi_sp;sh__SH0188487.10FU,NA,NA,NA,NA,NA,NA,NA,NA,NA,NA,NA,NA,NA,NA,NA,NA,NA,NA,NA,NA,NA,NA,NA
Ascomycota,Leotiomycetes,Helotiales,Helotiales_fam_Incertae_sedis,Crocicreas,Crocicreas_epicalamia;sh__SH0134745.10FU,jrk02160,Ascomycota,Leotiomycetes,Helotiales,Helotiales family incertae sedis,,litter_saprotroph,,,,,leaf/fruit/seed,,partly_freshwater_(partly_non-aquatic),,,filamentous_mycelium,apothecium_(hymenium_on_surface),smooth,,,,
Ascomycota,Pezizomycotina_cls_Incertae_sedis,Pezizomycotina_ord_Incertae_sedis,Pezizomycotina_fam_Incertae_sedis,Pezizomycotina_gen_Incertae_sedis,Pezizomycotina_sp;sh__SH0017291.10FU,NA,NA,NA,NA,NA,NA,NA,NA,NA,NA,NA,NA,NA,NA,NA,NA,NA,NA,NA,NA,NA,NA,NA
Ascomycota,Eurotiomycetes,Chaetothyriales,Chaetothyriales_fam_Incertae_sedis,Chaetothyriales_gen_Incertae_sedis,Chaetothyriales_sp;sh__SH0062426.10FU,NA,NA,NA,NA,NA,NA,NA,NA,NA,NA,NA,NA,NA,NA,NA,NA,NA,NA,NA,NA,NA,NA,NA
Basidiomycota,Agaricomycetes,Agaricomycetes_ord_Incertae_sedis,Agaricomycetes_fam_Incertae_sedis,Agaricomycetes_gen_Incertae_sedis,Agaricomycetes_sp;sh__SH0078890.10FU,NA,NA,NA,NA,NA,NA,NA,NA,NA,NA,NA,NA,NA,NA,NA,NA,NA,NA,NA,NA,NA,NA,NA
Ascomycota,Leotiomycetes,Leotiales,Tympanidaceae,Tympanidaceae_gen_Incertae_sedis,Tympanidaceae_sp;sh__SH0009707.10FU,NA,NA,NA,NA,NA,NA,NA,NA,NA,NA,NA,NA,NA,NA,NA,NA,NA,NA,NA,NA,NA,NA,NA
Basidiomycota,Agaricomycetes,Cantharellales,Cantharellaceae,Craterellus,Craterellus_undulatus;sh__SH0120118.10FU,jrk02134,Basidiomycota,Agaricomycetes,Cantharellales,Cantharellaceae,,ectomycorrhizal,,,,,,,non-aquatic,,,filamentous_mycelium,agaricoid,gills,short-distance_delicate,/cantharellus,,
Ascomycota,Leotiomycetes,Helotiales,Mollisiaceae,Mollisia,Mollisia_sp;sh__SH0074307.10FU,jrk05247,Ascomycota,Leotiomycetes,Helotiales,Mollisiaceae,,plant_pathogen,litter_saprotroph,,foliar_endophyte,leaf/fruit/seed_pathogen,leaf/fruit/seed,soft_rot,partly_freshwater_(partly_non-aquatic),,,filamentous_mycelium,apothecium_(hymenium_on_surface),smooth,,,,
Chytridiomycota,Rhizophydiomycetes,Rhizophydiales,Rhizophydiales_fam_Incertae_sedis,Rhizophydiales_gen_Incertae_sedis,Rhizophydiales_sp;sh__SH0155964.10FU,NA,NA,NA,NA,NA,NA,NA,NA,NA,NA,NA,NA,NA,NA,NA,NA,NA,NA,NA,NA,NA,NA,NA
Basidiomycota,Agaricomycetes,Agaricales,Cortinariaceae,Cortinarius,Cortinarius_rigens;sh__SH0191619.10FU,jrk02100,Basidiomycota,Agaricomycetes,Agaricales,Cortinariaceae,,ectomycorrhizal,,,,,,,non-aquatic,,,filamentous_mycelium,agaricoid,gills,medium-distance_fringe,/cortinarius,,
Basidiomycota,Microbotryomycetes,NA,NA,NA,NA,NA,NA,NA,NA,NA,NA,NA,NA,NA,NA,NA,NA,NA,NA,NA,NA,NA,NA,NA,NA,NA,NA,NA
Basidiomycota,Agaricomycetes,Agaricales,Hymenogastraceae,Galerina,NA,jrk03314,Basidiomycota,Agaricomycetes,Agaricales,Hymenogastraceae,,wood_saprotroph,litter_saprotroph,,,leaf/fruit/seed_pathogen,"wood,leaf/fruit/seed",,non-aquatic,,,filamentous_mycelium,agaricoid,gills,,,,
Basidiomycota,Agaricomycetes,Agaricales,Strophariaceae,Hypholoma,Hypholoma_fasciculare;sh__SH0105436.10FU,jrk09567,Basidiomycota,Agaricomycetes,Agaricales,Strophariaceae,,wood_saprotroph,,,,,wood,white_rot,non-aquatic,,,filamentous_mycelium,agaricoid,gills,,,,
Mucoromycota,Endogonomycetes,GS22,GS22_fam_Incertae_sedis,GS22_gen_Incertae_sedis,GS22_sp,NA,NA,NA,NA,NA,NA,NA,NA,NA,NA,NA,NA,NA,NA,NA,NA,NA,NA,NA,NA,NA,NA,NA
Ascomycota,Leotiomycetes,Helotiales,Helotiales_fam_Incertae_sedis,Helotiales_gen_Incertae_sedis,Helotiales_sp;sh__SH0020474.10FU,NA,NA,NA,NA,NA,NA,NA,NA,NA,NA,NA,NA,NA,NA,NA,NA,NA,NA,NA,NA,NA,NA,NA
Chytridiomycota,Chytridiomycetes,Chytridiales,Chytridiales_fam_Incertae_sedis,Chytridiales_gen_Incertae_sedis,Chytridiales_sp;sh__SH0084065.10FU,NA,NA,NA,NA,NA,NA,NA,NA,NA,NA,NA,NA,NA,NA,NA,NA,NA,NA,NA,NA,NA,NA,NA
Basidiomycota,Agaricomycetes,Atheliales,Atheliales_fam_Incertae_sedis,Atheliales_gen_Incertae_sedis,Atheliales_sp,NA,NA,NA,NA,NA,NA,NA,NA,NA,NA,NA,NA,NA,NA,NA,NA,NA,NA,NA,NA,NA,NA,NA
Basidiomycota,Agaricomycetes,Polyporales,Podoscyphaceae,Hypochnicium,Hypochnicium_punctulatum;sh__SH0162598.10FU,jrk04050,Basidiomycota,Agaricomycetes,Polyporales,Podoscyphaceae,,wood_saprotroph,,,,,wood,white_rot,non-aquatic,,,filamentous_mycelium,corticioid,smooth,,,,
Ascomycota,NA,NA,NA,NA,NA,NA,NA,NA,NA,NA,NA,NA,NA,NA,NA,NA,NA,NA,NA,NA,NA,NA,NA,NA,NA,NA,NA,NA
Basidiomycota,Tremellomycetes,Tremellales,Tremellales_fam_Incertae_sedis,Tremellales_gen_Incertae_sedis,Tremellales_sp;sh__SH0020287.10FU,NA,NA,NA,NA,NA,NA,NA,NA,NA,NA,NA,NA,NA,NA,NA,NA,NA,NA,NA,NA,NA,NA,NA
Ascomycota,Dothideomycetes,Pleosporales,NA,NA,NA,NA,NA,NA,NA,NA,NA,NA,NA,NA,NA,NA,NA,NA,NA,NA,NA,NA,NA,NA,NA,NA,NA,NA
NA,NA,NA,NA,NA,NA,NA,NA,NA,NA,NA,NA,NA,NA,NA,NA,NA,NA,NA,NA,NA,NA,NA,NA,NA,NA,NA,NA,NA
Ascomycota,Orbiliomycetes,Orbiliales,Orbiliaceae,Amphosoma,Amphosoma_persooniae;sh__SH0196863.10FU,,Ascomycota,Orbiliomycetes,Orbiliales,Orbiliaceae,,wood_saprotroph,pollen_saprotroph,,,,"wood,pollen",,non-aquatic,,,filamentous_mycelium,apothecium_(hymenium_on_surface),smooth,,,,
Rozellomycota,Rozellomycota_cls_Incertae_sedis,Rozellomycota_ord_Incertae_sedis,Rozellomycota_fam_Incertae_sedis,Rozellomycota_gen_Incertae_sedis,Rozellomycota_sp;sh__SH0087146.10FU,NA,NA,NA,NA,NA,NA,NA,NA,NA,NA,NA,NA,NA,NA,NA,NA,NA,NA,NA,NA,NA,NA,NA
Rozellomycota,Rozellomycota_cls_Incertae_sedis,Rozellomycota_ord_Incertae_sedis,Rozellomycota_fam_Incertae_sedis,Rozellomycota_gen_Incertae_sedis,Rozellomycota_sp;sh__SH0069999.10FU,NA,NA,NA,NA,NA,NA,NA,NA,NA,NA,NA,NA,NA,NA,NA,NA,NA,NA,NA,NA,NA,NA,NA
Basidiomycota,Agaricomycetes,Sebacinales,Serendipitaceae,Serendipita,Serendipita_sp;sh__SH0066754.10FU,jrk08004,Basidiomycota,Agaricomycetes,Sebacinales,Serendipitaceae,,root_endophyte,soil_saprotroph,ectomycorrhizal_1%_species/ericoid_mycorrhizal_many_species/orchid_mycorrhizal,root_endophyte,,soil,,non-aquatic,,,filamentous_mycelium,none,none,,,,
Basidiomycota,Agaricomycetes,Agaricales,Tricholomataceae,Tricholoma,Tricholoma_ustale;sh__SH0160077.10FU,jrk08985,Basidiomycota,Agaricomycetes,Agaricales,Tricholomataceae,,ectomycorrhizal,,,,,,,non-aquatic,,,filamentous_mycelium,agaricoid,gills,medium-distance_fringe,/tricholoma,,
Basidiomycota,Tremellomycetes,Filobasidiales,Filobasidiaceae,Syzygospora,Syzygospora_effibulata;sh__SH0170154.10FU,jrk08575,Basidiomycota,Tremellomycetes,Tremellales,Syzygosporaceae,,mycoparasite,,lichen_parasite_some_species,,,fungal_material,,non-aquatic,,,dimorphic_yeast,tremelloid,,,,,
NA,NA,NA,NA,NA,NA,NA,NA,NA,NA,NA,NA,NA,NA,NA,NA,NA,NA,NA,NA,NA,NA,NA,NA,NA,NA,NA,NA,NA
Basidiomycota,Tremellomycetes,Tremellales,Bulleribasidiaceae,Bulleribasidium,NA,jrk01252,Basidiomycota,Tremellomycetes,Tremellales,Bulleribasidiaceae,,unspecified_saprotroph,,,,,,,non-aquatic,,,dimorphic_yeast,none,,,,,
Basidiomycota,Agaricomycetes,Agaricales,Inocybaceae,Inocybe,NA,jrk04145,Basidiomycota,Agaricomycetes,Agaricales,Inocybaceae,,ectomycorrhizal,,,,,,,non-aquatic,,,filamentous_mycelium,agaricoid,gills,short-distance_delicate,/inocybe,,
Ascomycota,Leotiomycetes,Thelebolales,Pseudeurotiaceae,Pseudogymnoascus,Pseudogymnoascus_roseus;sh__SH0167389.10FU,jrk07086,Ascomycota,Leotiomycetes,Thelebolales,Pseudeurotiaceae,,soil_saprotroph,,,,,soil,,partly_aquatic,opportunistic_animal_parasite_G._destructans,,filamentous_mycelium,"cleistothecium_(closed,_spherical)",closed,,,,
Basidiomycota,Agaricomycetes,Agaricales,Agaricales_fam_Incertae_sedis,Agaricales_gen_Incertae_sedis,Agaricales_sp;sh__SH0082094.10FU,NA,NA,NA,NA,NA,NA,NA,NA,NA,NA,NA,NA,NA,NA,NA,NA,NA,NA,NA,NA,NA,NA,NA
NA,NA,NA,NA,NA,NA,NA,NA,NA,NA,NA,NA,NA,NA,NA,NA,NA,NA,NA,NA,NA,NA,NA,NA,NA,NA,NA,NA,NA
Basidiomycota,Agaricomycetes,Cantharellales,Ceratobasidiaceae,NA,NA,NA,NA,NA,NA,NA,NA,NA,NA,NA,NA,NA,NA,NA,NA,NA,NA,NA,NA,NA,NA,NA,NA,NA
Basidiomycota,Agaricomycetes,Agaricales,Cortinariaceae,Cortinarius,NA,jrk02100,Basidiomycota,Agaricomycetes,Agaricales,Cortinariaceae,,ectomycorrhizal,,,,,,,non-aquatic,,,filamentous_mycelium,agaricoid,gills,medium-distance_fringe,/cortinarius,,
NA,NA,NA,NA,NA,NA,NA,NA,NA,NA,NA,NA,NA,NA,NA,NA,NA,NA,NA,NA,NA,NA,NA,NA,NA,NA,NA,NA,NA
Basidiomycota,Agaricomycetes,Agaricales,Cortinariaceae,Cortinariaceae_gen_Incertae_sedis,Cortinariaceae_sp;sh__SH0140255.10FU,NA,NA,NA,NA,NA,NA,NA,NA,NA,NA,NA,NA,NA,NA,NA,NA,NA,NA,NA,NA,NA,NA,NA
Basidiomycota,Agaricomycetes,Agaricales,Inocybaceae,Inocybe,Inocybe_impexa;sh__SH0079467.10FU,jrk04145,Basidiomycota,Agaricomycetes,Agaricales,Inocybaceae,,ectomycorrhizal,,,,,,,non-aquatic,,,filamentous_mycelium,agaricoid,gills,short-distance_delicate,/inocybe,,
Basidiomycota,Agaricomycetes,Agaricales,Inocybaceae,Inocybe,Inocybe_venustissima;sh__SH0158998.10FU,jrk04145,Basidiomycota,Agaricomycetes,Agaricales,Inocybaceae,,ectomycorrhizal,,,,,,,non-aquatic,,,filamentous_mycelium,agaricoid,gills,short-distance_delicate,/inocybe,,
Ascomycota,Archaeorhizomycetes,Archaeorhizomycetales,Archaeorhizomycetaceae,Archaeorhizomyces,Archaeorhizomyces_sp;sh__SH0034269.10FU,jrk00567,Ascomycota,Archaeorhizomycetes,Archaeorhizomycetales,Archaeorhizomycetaceae,,soil_saprotroph,root-associated,,root-associated,root-associated,"roots,soil",,non-aquatic,,,filamentous_mycelium,none,none,,,,
Rozellomycota,Rozellomycota_cls_Incertae_sedis,Rozellomycota_ord_Incertae_sedis,Rozellomycota_fam_Incertae_sedis,Rozellomycota_gen_Incertae_sedis,Rozellomycota_sp;sh__SH0008298.10FU,NA,NA,NA,NA,NA,NA,NA,NA,NA,NA,NA,NA,NA,NA,NA,NA,NA,NA,NA,NA,NA,NA,NA
Ascomycota,Ascomycota_cls_Incertae_sedis,Ascomycota_ord_Incertae_sedis,Ascomycota_fam_Incertae_sedis,Ascomycota_gen_Incertae_sedis,Ascomycota_sp,NA,NA,NA,NA,NA,NA,NA,NA,NA,NA,NA,NA,NA,NA,NA,NA,NA,NA,NA,NA,NA,NA,NA
Ascomycota,Ascomycota_cls_Incertae_sedis,Ascomycota_ord_Incertae_sedis,Ascomycota_fam_Incertae_sedis,Ascomycota_gen_Incertae_sedis,Ascomycota_sp;sh__SH0129678.10FU,NA,NA,NA,NA,NA,NA,NA,NA,NA,NA,NA,NA,NA,NA,NA,NA,NA,NA,NA,NA,NA,NA,NA
Basidiomycota,Agaricomycetes,Trechisporales,Hydnodontaceae,Trechispora,Trechispora_sp;sh__SH0143686.10FU,jrk08926,Basidiomycota,Agaricomycetes,Trechisporales,Hydnodontaceae,,wood_saprotroph,,,,,wood,white_rot,non-aquatic,,,filamentous_mycelium,corticioid,poroid,,,,
NA,NA,NA,NA,NA,NA,NA,NA,NA,NA,NA,NA,NA,NA,NA,NA,NA,NA,NA,NA,NA,NA,NA,NA,NA,NA,NA,NA,NA
Ascomycota,Leotiomycetes,Leotiomycetes_ord_Incertae_sedis,Leotiomycetes_fam_Incertae_sedis,Leotiomycetes_gen_Incertae_sedis,Leotiomycetes_sp;sh__SH0008382.10FU,NA,NA,NA,NA,NA,NA,NA,NA,NA,NA,NA,NA,NA,NA,NA,NA,NA,NA,NA,NA,NA,NA,NA
Basidiomycota,Agaricomycetes,Hymenochaetales,Schizoporaceae,Xylodon,NA,jrk09485,Basidiomycota,Agaricomycetes,Hymenochaetales,Schizoporaceae,,wood_saprotroph,,,,,wood,white_rot,partly_aquatic,,,filamentous_mycelium,corticioid,hydnoid,,,,
Ascomycota,Sordariomycetes,Chaetosphaeriales,Chaetosphaeriaceae,NA,NA,NA,NA,NA,NA,NA,NA,NA,NA,NA,NA,NA,NA,NA,NA,NA,NA,NA,NA,NA,NA,NA,NA,NA
Basidiomycota,Microbotryomycetes,NA,NA,NA,NA,NA,NA,NA,NA,NA,NA,NA,NA,NA,NA,NA,NA,NA,NA,NA,NA,NA,NA,NA,NA,NA,NA,NA
Ascomycota,Leotiomycetes,Helotiales,Helotiales_fam_Incertae_sedis,Helotiales_gen_Incertae_sedis,Helotiales_sp,NA,NA,NA,NA,NA,NA,NA,NA,NA,NA,NA,NA,NA,NA,NA,NA,NA,NA,NA,NA,NA,NA,NA
NA,NA,NA,NA,NA,NA,NA,NA,NA,NA,NA,NA,NA,NA,NA,NA,NA,NA,NA,NA,NA,NA,NA,NA,NA,NA,NA,NA,NA
Ascomycota,Dothideomycetes,Pleosporales,Phaeosphaeriaceae,Phaeosphaeria,Phaeosphaeria_sp;sh__SH0194289.10FU,jrk06431,Ascomycota,Dothideomycetes,Pleosporales,Phaeosphaeriaceae,,litter_saprotroph,,,no_endophytic_capacity,,leaf/fruit/seed,,non-aquatic,,,filamentous_mycelium,"perithecium_(hymenium_hidden,_narrow_opening)",closed,,,,
Basidiomycota,Agaricomycetes,Polyporales,Ganodermataceae,Ganoderma,NA,jrk03332,Basidiomycota,Agaricomycetes,Polyporales,Polyporaceae,,plant_pathogen,wood_saprotroph,,,wood_pathogen,wood,white_rot,non-aquatic,,,filamentous_mycelium,polyporoid,poroid,,,,
Ascomycota,Dothideomycetes,Myriangiales,NA,NA,NA,NA,NA,NA,NA,NA,NA,NA,NA,NA,NA,NA,NA,NA,NA,NA,NA,NA,NA,NA,NA,NA,NA,NA
Ascomycota,Dothideomycetes,Mycosphaerellales,Teratosphaeriaceae,Devriesia,Devriesia_acadiensis;sh__SH0072075.10FU,jrk02515,Ascomycota,Dothideomycetes,Capnodiales,Teratosphaeriaceae,,plant_pathogen,litter_saprotroph,,,leaf/fruit/seed_pathogen,leaf/fruit/seed,,non-aquatic,,,filamentous_mycelium,"perithecium_(hymenium_hidden,_narrow_opening)",closed,,,,
Ascomycota,Lecanoromycetes,Ostropales,Stictidaceae,Absconditella,Absconditella_lignicola;sh__SH0141338.10FU,jrk00009,Ascomycota,Lecanoromycetes,Ostropales,Stictidaceae,,lichenized,,,,,,,non-aquatic,,,thallus_photosynthetic,apothecium_(hymenium_on_surface),smooth,,,chlorococcoid,
NA,NA,NA,NA,NA,NA,NA,NA,NA,NA,NA,NA,NA,NA,NA,NA,NA,NA,NA,NA,NA,NA,NA,NA,NA,NA,NA,NA,NA
Ascomycota,Sordariomycetes,Microascales,Ceratocystidaceae,Berkeleyomyces,Berkeleyomyces_rouxiae;sh__SH0074383.10FU,jrk00991,Ascomycota,Sordariomycetes,Microascales,Ceratocystidaceae,,plant_pathogen,insect-associated,,foliar_endophyte,root_pathogen,leaf/fruit/seed,,non-aquatic,,,filamentous_mycelium,none,none,,,,
Basidiomycota,Agaricomycetes,Corticiales,Corticiaceae,Marchandiomyces,Marchandiomyces_aurantioroseus;sh__SH0159899.10FU,jrk04918,Basidiomycota,Agaricomycetes,Corticiales,Corticiaceae,,lichen_parasite,fungal_decomposer,,,,"fungal_material,algal_material",,non-aquatic,,,filamentous_mycelium,corticioid,smooth,,,,
Chytridiomycota,NA,NA,NA,NA,NA,NA,NA,NA,NA,NA,NA,NA,NA,NA,NA,NA,NA,NA,NA,NA,NA,NA,NA,NA,NA,NA,NA,NA
Basidiomycota,Agaricomycetes,Agaricales,Clavariaceae,Clavaria,Clavaria_fumosa;sh__SH0120057.10FU,jrk01836,Basidiomycota,Agaricomycetes,Agaricales,Clavariaceae,,soil_saprotroph,unspecified_symbiotroph,CHEGD_symbiotrophs,root-associated,root-associated,"roots,soil",,non-aquatic,,,filamentous_mycelium,clavarioid,smooth,,,,
Fungi_phy_Incertae_sedis,Fungi_cls_Incertae_sedis,Fungi_ord_Incertae_sedis,Fungi_fam_Incertae_sedis,Fungi_gen_Incertae_sedis,Fungi_sp;sh__SH0154490.10FU,NA,NA,NA,NA,NA,NA,NA,NA,NA,NA,NA,NA,NA,NA,NA,NA,NA,NA,NA,NA,NA,NA,NA
Basidiomycota,Agaricomycetes,Agaricomycetes_ord_Incertae_sedis,Agaricomycetes_fam_Incertae_sedis,Agaricomycetes_gen_Incertae_sedis,Agaricomycetes_sp;sh__SH0076582.10FU,NA,NA,NA,NA,NA,NA,NA,NA,NA,NA,NA,NA,NA,NA,NA,NA,NA,NA,NA,NA,NA,NA,NA
Basidiomycota,Agaricomycetes,Agaricales,Clavariaceae,Ramariopsis,Ramariopsis_sp;sh__SH0142099.10FU,jrk07435,Basidiomycota,Agaricomycetes,Agaricales,Clavariaceae,,soil_saprotroph,unspecified_symbiotroph,CHEGD_symbiotrophs,root-associated,root-associated,"roots,soil",,non-aquatic,,,filamentous_mycelium,clavarioid,smooth,,,,
Ascomycota,Archaeorhizomycetes,Archaeorhizomycetales,NA,NA,NA,NA,NA,NA,NA,NA,NA,NA,NA,NA,NA,NA,NA,NA,NA,NA,NA,NA,NA,NA,NA,NA,NA,NA
Basidiomycota,Agaricomycetes,Hymenochaetales,Hymenochaetales_fam_Incertae_sedis,Hymenochaetales_gen_Incertae_sedis,Hymenochaetales_sp;sh__SH0013860.10FU,NA,NA,NA,NA,NA,NA,NA,NA,NA,NA,NA,NA,NA,NA,NA,NA,NA,NA,NA,NA,NA,NA,NA
Ascomycota,NA,NA,NA,NA,NA,NA,NA,NA,NA,NA,NA,NA,NA,NA,NA,NA,NA,NA,NA,NA,NA,NA,NA,NA,NA,NA,NA,NA
NA,NA,NA,NA,NA,NA,NA,NA,NA,NA,NA,NA,NA,NA,NA,NA,NA,NA,NA,NA,NA,NA,NA,NA,NA,NA,NA,NA,NA
Ascomycota,Archaeorhizomycetes,Archaeorhizomycetales,Archaeorhizomycetales_fam_Incertae_sedis,Archaeorhizomycetales_gen_Incertae_sedis,Archaeorhizomycetales_sp;sh__SH0079480.10FU,NA,NA,NA,NA,NA,NA,NA,NA,NA,NA,NA,NA,NA,NA,NA,NA,NA,NA,NA,NA,NA,NA,NA
Basidiomycota,NA,NA,NA,NA,NA,NA,NA,NA,NA,NA,NA,NA,NA,NA,NA,NA,NA,NA,NA,NA,NA,NA,NA,NA,NA,NA,NA,NA
Basidiomycota,Agaricomycetes,Boletales,Gomphidiaceae,Gomphidius,Gomphidius_glutinosus;sh__SH0131840.10FU,jrk03502,Basidiomycota,Agaricomycetes,Boletales,Gomphidiaceae,,ectomycorrhizal,,mycoparasite_partly,,,,,non-aquatic,,Pinaceae,filamentous_mycelium,agaricoid,gills,long-distance,/suillus-rhizopogon,,
Ascomycota,Leotiomycetes,Helotiales,Hyaloscyphaceae,Hyaloscyphaceae_gen_Incertae_sedis,Hyaloscyphaceae_sp;sh__SH0110911.10FU,NA,NA,NA,NA,NA,NA,NA,NA,NA,NA,NA,NA,NA,NA,NA,NA,NA,NA,NA,NA,NA,NA,NA
Ascomycota,Eurotiomycetes,Onygenales,Arthrodermataceae,Arthroderma,Arthroderma_oceanitis;sh__SH0172940.10FU,jrk00615,Ascomycota,Eurotiomycetes,Onygenales,Arthrodermataceae,,animal_parasite,animal_decomposer,,,,animal_material,,non-aquatic,animal_parasite/opportunistic_human_parasite,,filamentous_mycelium,"cleistothecium_(closed,_spherical)",closed,,,,
Ascomycota,Leotiomycetes,Leotiomycetes_ord_Incertae_sedis,Leotiomycetes_fam_Incertae_sedis,Leotiomycetes_gen_Incertae_sedis,Leotiomycetes_sp;sh__SH0158609.10FU,NA,NA,NA,NA,NA,NA,NA,NA,NA,NA,NA,NA,NA,NA,NA,NA,NA,NA,NA,NA,NA,NA,NA
Rozellomycota,Rozellomycota_cls_Incertae_sedis,Rozellomycota_ord_Incertae_sedis,Rozellomycota_fam_Incertae_sedis,Rozellomycota_gen_Incertae_sedis,Rozellomycota_sp,NA,NA,NA,NA,NA,NA,NA,NA,NA,NA,NA,NA,NA,NA,NA,NA,NA,NA,NA,NA,NA,NA,NA
Ascomycota,Ascomycota_cls_Incertae_sedis,Ascomycota_ord_Incertae_sedis,Ascomycota_fam_Incertae_sedis,Ascomycota_gen_Incertae_sedis,Ascomycota_sp;sh__SH0108362.10FU,NA,NA,NA,NA,NA,NA,NA,NA,NA,NA,NA,NA,NA,NA,NA,NA,NA,NA,NA,NA,NA,NA,NA
Ascomycota,Sordariomycetes,Chaetosphaeriales,Chaetosphaeriaceae,Chloridium,Chloridium_sp;sh__SH0081860.10FU,jrk01702,Ascomycota,Sordariomycetes,Chaetosphaeriales,Chaetosphaeriaceae,,litter_saprotroph,wood_saprotroph,,root-associated,root_pathogen,"wood,leaf/fruit/seed,roots,animal_material",,partly_aquatic,opportunistic_human_parasite,,filamentous_mycelium,none,none,,,,
Ascomycota,NA,NA,NA,NA,NA,NA,NA,NA,NA,NA,NA,NA,NA,NA,NA,NA,NA,NA,NA,NA,NA,NA,NA,NA,NA,NA,NA,NA
Basidiomycota,Tremellomycetes,Filobasidiales,Filobasidiaceae,Syzygospora,Syzygospora_effibulata;sh__SH0170154.10FU,jrk08575,Basidiomycota,Tremellomycetes,Tremellales,Syzygosporaceae,,mycoparasite,,lichen_parasite_some_species,,,fungal_material,,non-aquatic,,,dimorphic_yeast,tremelloid,,,,,
NA,NA,NA,NA,NA,NA,NA,NA,NA,NA,NA,NA,NA,NA,NA,NA,NA,NA,NA,NA,NA,NA,NA,NA,NA,NA,NA,NA,NA
Fungi_phy_Incertae_sedis,Fungi_cls_Incertae_sedis,Fungi_ord_Incertae_sedis,Fungi_fam_Incertae_sedis,Fungi_gen_Incertae_sedis,Fungi_sp;sh__SH0193558.10FU,NA,NA,NA,NA,NA,NA,NA,NA,NA,NA,NA,NA,NA,NA,NA,NA,NA,NA,NA,NA,NA,NA,NA
Ascomycota,Sordariomycetes,Glomerellales,Glomerellaceae,Colletotrichum,Colletotrichum_acutatum;sh__SH0160584.10FU,jrk01963,Ascomycota,Sordariomycetes,Glomerellales,Glomerellaceae,,plant_pathogen,litter_saprotroph,,foliar_endophyte,leaf/fruit/seed_pathogen,leaf/fruit/seed,,,,,filamentous_mycelium,"perithecium_(hymenium_hidden,_narrow_opening)",closed,,,,
Ascomycota,Leotiomycetes,Helotiales,Helotiales_fam_Incertae_sedis,Helotiales_gen_Incertae_sedis,Helotiales_sp;sh__SH0008400.10FU,NA,NA,NA,NA,NA,NA,NA,NA,NA,NA,NA,NA,NA,NA,NA,NA,NA,NA,NA,NA,NA,NA,NA
Basidiomycota,Microbotryomycetes,NA,NA,NA,NA,NA,NA,NA,NA,NA,NA,NA,NA,NA,NA,NA,NA,NA,NA,NA,NA,NA,NA,NA,NA,NA,NA,NA
Ascomycota,Leotiomycetes,Helotiales,Pezizellaceae,Chalara,NA,jrk01652,Ascomycota,Leotiomycetes,Helotiales,Pezizellaceae,,litter_saprotroph,plant_pathogen,hypervariable,foliar_endophyte,"wood_pathogen,leaf/fruit/seed_pathogen","wood,leaf/fruit/seed",soft_rot,non-aquatic,,,filamentous_mycelium,None,none,,,,
Basidiomycota,Agaricomycetes,Agaricales,Entolomataceae,Entolomataceae_gen_Incertae_sedis,Entolomataceae_sp;sh__SH0183285.10FU,NA,NA,NA,NA,NA,NA,NA,NA,NA,NA,NA,NA,NA,NA,NA,NA,NA,NA,NA,NA,NA,NA,NA
Basidiomycota,Tremellomycetes,Tremellales,NA,NA,NA,NA,NA,NA,NA,NA,NA,NA,NA,NA,NA,NA,NA,NA,NA,NA,NA,NA,NA,NA,NA,NA,NA,NA
Basidiomycota,Agaricomycetes,Hymenochaetales,Hymenochaetales_fam_Incertae_sedis,Hymenochaetales_gen_Incertae_sedis,Hymenochaetales_sp;sh__SH0175028.10FU,NA,NA,NA,NA,NA,NA,NA,NA,NA,NA,NA,NA,NA,NA,NA,NA,NA,NA,NA,NA,NA,NA,NA
Basidiomycota,Tremellomycetes,Tremellales,NA,NA,NA,NA,NA,NA,NA,NA,NA,NA,NA,NA,NA,NA,NA,NA,NA,NA,NA,NA,NA,NA,NA,NA,NA,NA
Basidiomycota,Atractiellomycetes,Atractiellales,Hoehnelomycetaceae,Atractiella,Atractiella_sp;sh__SH0037377.10FU,jrk00762,Basidiomycota,Atractiellomycetes,Atractiellales,Hoehnelomycetaceae,,unspecified_saprotroph,root-associated,,root-associated,root_pathogen,"roots,soil",,,,,filamentous_mycelium,other,gel,,,,
Ascomycota,Dothideomycetes,Capnodiales,Capnodiales_fam_Incertae_sedis,Capnodiales_gen_Incertae_sedis,Capnodiales_sp;sh__SH0180432.10FU,NA,NA,NA,NA,NA,NA,NA,NA,NA,NA,NA,NA,NA,NA,NA,NA,NA,NA,NA,NA,NA,NA,NA
NA,NA,NA,NA,NA,NA,NA,NA,NA,NA,NA,NA,NA,NA,NA,NA,NA,NA,NA,NA,NA,NA,NA,NA,NA,NA,NA,NA,NA
Mortierellomycota,Mortierellomycetes,Mortierellales,Mortierellaceae,NA,NA,NA,NA,NA,NA,NA,NA,NA,NA,NA,NA,NA,NA,NA,NA,NA,NA,NA,NA,NA,NA,NA,NA,NA
NA,NA,NA,NA,NA,NA,NA,NA,NA,NA,NA,NA,NA,NA,NA,NA,NA,NA,NA,NA,NA,NA,NA,NA,NA,NA,NA,NA,NA
Basidiomycota,Agaricomycetes,Agaricales,Entolomataceae,Entoloma,Entoloma_dysthaloides;sh__SH0103476.10FU,jrk02963,Basidiomycota,Agaricomycetes,Agaricales,Entolomataceae,,soil_saprotroph,unspecified_symbiotroph,"CHEGD_symbiotrophs,ectomycorrhizal_ca_10%_of_species",root-associated,root-associated,"roots,soil",,non-aquatic,,,filamentous_mycelium,agaricoid,gills,medium-distance_smooth,/entoloma,,
Basidiomycota,Agaricomycetes,Agaricales,Agaricales_fam_Incertae_sedis,Agaricales_gen_Incertae_sedis,Agaricales_sp;sh__SH0178445.10FU,NA,NA,NA,NA,NA,NA,NA,NA,NA,NA,NA,NA,NA,NA,NA,NA,NA,NA,NA,NA,NA,NA,NA
Ascomycota,Lecanoromycetes,Lecanoromycetes_ord_Incertae_sedis,Micropeltidaceae,Micropeltidaceae_gen_Incertae_sedis,Micropeltidaceae_sp;sh__SH0117632.10FU,NA,NA,NA,NA,NA,NA,NA,NA,NA,NA,NA,NA,NA,NA,NA,NA,NA,NA,NA,NA,NA,NA,NA
Basidiomycota,Agaricomycetes,Agaricales,Clavariaceae,Clavariaceae_gen_Incertae_sedis,Clavariaceae_sp;sh__SH0150046.10FU,NA,NA,NA,NA,NA,NA,NA,NA,NA,NA,NA,NA,NA,NA,NA,NA,NA,NA,NA,NA,NA,NA,NA
NA,NA,NA,NA,NA,NA,NA,NA,NA,NA,NA,NA,NA,NA,NA,NA,NA,NA,NA,NA,NA,NA,NA,NA,NA,NA,NA,NA,NA
Basidiomycota,Tremellomycetes,Tremellales,NA,NA,NA,NA,NA,NA,NA,NA,NA,NA,NA,NA,NA,NA,NA,NA,NA,NA,NA,NA,NA,NA,NA,NA,NA,NA
NA,NA,NA,NA,NA,NA,NA,NA,NA,NA,NA,NA,NA,NA,NA,NA,NA,NA,NA,NA,NA,NA,NA,NA,NA,NA,NA,NA,NA
Rozellomycota,Rozellomycota_cls_Incertae_sedis,Rozellomycota_ord_Incertae_sedis,Rozellomycota_fam_Incertae_sedis,Rozellomycota_gen_Incertae_sedis,Rozellomycota_sp;sh__SH0151060.10FU,NA,NA,NA,NA,NA,NA,NA,NA,NA,NA,NA,NA,NA,NA,NA,NA,NA,NA,NA,NA,NA,NA,NA
Ascomycota,Sordariomycetes,Atractosporales,Atractosporaceae,Atractosporaceae_gen_Incertae_sedis,Atractosporaceae_sp;sh__SH0037524.10FU,NA,NA,NA,NA,NA,NA,NA,NA,NA,NA,NA,NA,NA,NA,NA,NA,NA,NA,NA,NA,NA,NA,NA
Basidiomycota,Tremellomycetes,Filobasidiales,Piskurozymaceae,Piskurozyma,Piskurozyma_sp;sh__SH0056601.10FU,jrk06644,Basidiomycota,Tremellomycetes,Filobasidiales,Piskurozymaceae,,soil_saprotroph,,,,,soil,,partly_aquatic,,,yeast,none,none,,,,
Basidiomycota,Tremellomycetes,Filobasidiales,Piskurozymaceae,Piskurozyma,NA,jrk06644,Basidiomycota,Tremellomycetes,Filobasidiales,Piskurozymaceae,,soil_saprotroph,,,,,soil,,partly_aquatic,,,yeast,none,none,,,,
NA,NA,NA,NA,NA,NA,NA,NA,NA,NA,NA,NA,NA,NA,NA,NA,NA,NA,NA,NA,NA,NA,NA,NA,NA,NA,NA,NA,NA
Basidiomycota,Agaricomycetes,Agaricales,Clavariaceae,Clavaria,Clavaria_sp;sh__SH0173689.10FU,jrk01836,Basidiomycota,Agaricomycetes,Agaricales,Clavariaceae,,soil_saprotroph,unspecified_symbiotroph,CHEGD_symbiotrophs,root-associated,root-associated,"roots,soil",,non-aquatic,,,filamentous_mycelium,clavarioid,smooth,,,,
NA,NA,NA,NA,NA,NA,NA,NA,NA,NA,NA,NA,NA,NA,NA,NA,NA,NA,NA,NA,NA,NA,NA,NA,NA,NA,NA,NA,NA
NA,NA,NA,NA,NA,NA,NA,NA,NA,NA,NA,NA,NA,NA,NA,NA,NA,NA,NA,NA,NA,NA,NA,NA,NA,NA,NA,NA,NA
Ascomycota,Leotiomycetes,Helotiales,Pezizellaceae,Chalara,Chalara_microspora;sh__SH0146469.10FU,jrk01652,Ascomycota,Leotiomycetes,Helotiales,Pezizellaceae,,litter_saprotroph,plant_pathogen,hypervariable,foliar_endophyte,"wood_pathogen,leaf/fruit/seed_pathogen","wood,leaf/fruit/seed",soft_rot,non-aquatic,,,filamentous_mycelium,None,none,,,,
Basidiomycota,Agaricomycetes,Agaricales,Agaricales_fam_Incertae_sedis,Gerronema,Gerronema_josserandii;sh__SH0091567.10FU,jrk03388,Basidiomycota,Agaricomycetes,Agaricales,Porotheleaceae,,wood_saprotroph,,,,,wood,,non-aquatic,,,filamentous_mycelium,agaricoid,gills,,,,
Ascomycota,Dothideomycetes,Mycosphaerellales,Teratosphaeriaceae,Apenidiella,Apenidiella_foetida;sh__SH0103214.10FU,jrk00469,Ascomycota,Dothideomycetes,Capnodiales,Teratosphaeriaceae,,litter_saprotroph,plant_pathogen,,,leaf/fruit/seed_pathogen,leaf/fruit/seed,,non-aquatic,,,filamentous_mycelium,"perithecium_(hymenium_hidden,_narrow_opening)",closed,,,,
NA,NA,NA,NA,NA,NA,NA,NA,NA,NA,NA,NA,NA,NA,NA,NA,NA,NA,NA,NA,NA,NA,NA,NA,NA,NA,NA,NA,NA
Ascomycota,NA,NA,NA,NA,NA,NA,NA,NA,NA,NA,NA,NA,NA,NA,NA,NA,NA,NA,NA,NA,NA,NA,NA,NA,NA,NA,NA,NA
Ascomycota,Dothideomycetes,Mycosphaerellales,Teratosphaeriaceae,Devriesia,Devriesia_sp;sh__SH0180430.10FU,jrk02515,Ascomycota,Dothideomycetes,Capnodiales,Teratosphaeriaceae,,plant_pathogen,litter_saprotroph,,,leaf/fruit/seed_pathogen,leaf/fruit/seed,,non-aquatic,,,filamentous_mycelium,"perithecium_(hymenium_hidden,_narrow_opening)",closed,,,,
Basidiomycota,Microbotryomycetes,Microbotryomycetes_ord_Incertae_sedis,Chrysozymaceae,Fellozyma,Fellozyma_inositophila;sh__SH0144878.10FU,jrk03151,Basidiomycota,Microbotryomycetes,Microbotryomycetes order incertae sedis,Chrysozymaceae,,soil_saprotroph,,,,,soil,,,,,yeast,none,none,,,,
Ascomycota,Eurotiomycetes,Verrucariales,Verrucariaceae,NA,NA,NA,NA,NA,NA,NA,NA,NA,NA,NA,NA,NA,NA,NA,NA,NA,NA,NA,NA,NA,NA,NA,NA,NA
Basidiomycota,Agaricomycetes,Agaricales,Psathyrellaceae,Psathyrella,NA,jrk06986,Basidiomycota,Agaricomycetes,Agaricales,Psathyrellaceae,,wood_saprotroph,litter_saprotroph,,,,"wood,leaf/fruit/seed",,partly_aquatic,,,filamentous_mycelium,agaricoid,gills,,,,
Ascomycota,Leotiomycetes,Helotiales,Helotiales_fam_Incertae_sedis,Helotiales_gen_Incertae_sedis,Helotiales_sp,NA,NA,NA,NA,NA,NA,NA,NA,NA,NA,NA,NA,NA,NA,NA,NA,NA,NA,NA,NA,NA,NA,NA
Ascomycota,Eurotiomycetes,Eurotiales,Trichocomaceae,Talaromyces,Talaromyces_proteolyticus;sh__SH0162905.10FU,jrk08647,Ascomycota,Eurotiomycetes,Eurotiales,Trichocomaceae,,unspecified_saprotroph,,"hyperviariable,_thermophile,_some_species_animal_parasite_some_species_various_saprotrophs",,,"leaf/fruit/seed,soil,animal_material",mold,partly_aquatic,opportunistic_human_parasite,,filamentous_mycelium,"cleistothecium_(closed,_spherical)",,,,,
Basidiomycota,Microbotryomycetes,Microbotryomycetes_ord_Incertae_sedis,Microbotryomycetes_fam_Incertae_sedis,Microbotryomycetes_gen_Incertae_sedis,Microbotryomycetes_sp;sh__SH0144905.10FU,NA,NA,NA,NA,NA,NA,NA,NA,NA,NA,NA,NA,NA,NA,NA,NA,NA,NA,NA,NA,NA,NA,NA
Basidiomycota,Agaricomycetes,Sebacinales,Serendipitaceae,Serendipita,Serendipita_sp;sh__SH0003338.10FU,jrk08004,Basidiomycota,Agaricomycetes,Sebacinales,Serendipitaceae,,root_endophyte,soil_saprotroph,ectomycorrhizal_1%_species/ericoid_mycorrhizal_many_species/orchid_mycorrhizal,root_endophyte,,soil,,non-aquatic,,,filamentous_mycelium,none,none,,,,
Ascomycota,Eurotiomycetes,Chaetothyriales,Herpotrichiellaceae,Herpotrichiellaceae_gen_Incertae_sedis,Herpotrichiellaceae_sp;sh__SH0062276.10FU,NA,NA,NA,NA,NA,NA,NA,NA,NA,NA,NA,NA,NA,NA,NA,NA,NA,NA,NA,NA,NA,NA,NA
Mucoromycota,Endogonomycetes,GS22,GS22_fam_Incertae_sedis,GS22_gen_Incertae_sedis,GS22_sp,NA,NA,NA,NA,NA,NA,NA,NA,NA,NA,NA,NA,NA,NA,NA,NA,NA,NA,NA,NA,NA,NA,NA
Basidiomycota,NA,NA,NA,NA,NA,NA,NA,NA,NA,NA,NA,NA,NA,NA,NA,NA,NA,NA,NA,NA,NA,NA,NA,NA,NA,NA,NA,NA
Ascomycota,Leotiomycetes,Helotiales,NA,NA,NA,NA,NA,NA,NA,NA,NA,NA,NA,NA,NA,NA,NA,NA,NA,NA,NA,NA,NA,NA,NA,NA,NA,NA
Ascomycota,NA,NA,NA,NA,NA,NA,NA,NA,NA,NA,NA,NA,NA,NA,NA,NA,NA,NA,NA,NA,NA,NA,NA,NA,NA,NA,NA,NA
Ascomycota,NA,NA,NA,NA,NA,NA,NA,NA,NA,NA,NA,NA,NA,NA,NA,NA,NA,NA,NA,NA,NA,NA,NA,NA,NA,NA,NA,NA
Basidiomycota,Tremellomycetes,Tremellales,Tremellales_fam_Incertae_sedis,Tremellales_gen_Incertae_sedis,Tremellales_sp;sh__SH0148402.10FU,NA,NA,NA,NA,NA,NA,NA,NA,NA,NA,NA,NA,NA,NA,NA,NA,NA,NA,NA,NA,NA,NA,NA
Basidiomycota,Agaricomycetes,Agaricales,Hymenogastraceae,Galerina,Galerina_sp;sh__SH0103059.10FU,jrk03314,Basidiomycota,Agaricomycetes,Agaricales,Hymenogastraceae,,wood_saprotroph,litter_saprotroph,,,leaf/fruit/seed_pathogen,"wood,leaf/fruit/seed",,non-aquatic,,,filamentous_mycelium,agaricoid,gills,,,,
Basidiomycota,Tremellomycetes,Tremellales,Tremellales_fam_Incertae_sedis,Tremellales_gen_Incertae_sedis,Tremellales_sp;sh__SH0170149.10FU,NA,NA,NA,NA,NA,NA,NA,NA,NA,NA,NA,NA,NA,NA,NA,NA,NA,NA,NA,NA,NA,NA,NA
Ascomycota,Laboulbeniomycetes,Pyxidiophorales,Pyxidiophoraceae,Pyxidiophoraceae_gen_Incertae_sedis,Pyxidiophoraceae_sp;sh__SH0152984.10FU,NA,NA,NA,NA,NA,NA,NA,NA,NA,NA,NA,NA,NA,NA,NA,NA,NA,NA,NA,NA,NA,NA,NA
Basidiomycota,Tremellomycetes,Filobasidiales,Filobasidiales_fam_Incertae_sedis,Filobasidiales_gen_Incertae_sedis,Filobasidiales_sp;sh__SH0004008.10FU,NA,NA,NA,NA,NA,NA,NA,NA,NA,NA,NA,NA,NA,NA,NA,NA,NA,NA,NA,NA,NA,NA,NA
Ascomycota,Eurotiomycetes,Eurotiales,Trichocomaceae,Talaromyces,NA,jrk08647,Ascomycota,Eurotiomycetes,Eurotiales,Trichocomaceae,,unspecified_saprotroph,,"hyperviariable,_thermophile,_some_species_animal_parasite_some_species_various_saprotrophs",,,"leaf/fruit/seed,soil,animal_material",mold,partly_aquatic,opportunistic_human_parasite,,filamentous_mycelium,"cleistothecium_(closed,_spherical)",,,,,
NA,NA,NA,NA,NA,NA,NA,NA,NA,NA,NA,NA,NA,NA,NA,NA,NA,NA,NA,NA,NA,NA,NA,NA,NA,NA,NA,NA,NA
Ascomycota,Dothideomycetes,Capnodiales,Capnodiales_fam_Incertae_sedis,Capnodiales_gen_Incertae_sedis,Capnodiales_sp;sh__SH0129656.10FU,NA,NA,NA,NA,NA,NA,NA,NA,NA,NA,NA,NA,NA,NA,NA,NA,NA,NA,NA,NA,NA,NA,NA
Ascomycota,Ascomycota_cls_Incertae_sedis,Ascomycota_ord_Incertae_sedis,Ascomycota_fam_Incertae_sedis,Ascomycota_gen_Incertae_sedis,Ascomycota_sp;sh__SH0134762.10FU,NA,NA,NA,NA,NA,NA,NA,NA,NA,NA,NA,NA,NA,NA,NA,NA,NA,NA,NA,NA,NA,NA,NA
Basidiomycota,Agaricomycetes,Agaricales,NA,NA,NA,NA,NA,NA,NA,NA,NA,NA,NA,NA,NA,NA,NA,NA,NA,NA,NA,NA,NA,NA,NA,NA,NA,NA
NA,NA,NA,NA,NA,NA,NA,NA,NA,NA,NA,NA,NA,NA,NA,NA,NA,NA,NA,NA,NA,NA,NA,NA,NA,NA,NA,NA,NA
Chytridiomycota,Chytridiomycota_cls_Incertae_sedis,Chytridiomycota_ord_Incertae_sedis,Chytridiomycota_fam_Incertae_sedis,Chytridiomycota_gen_Incertae_sedis,Chytridiomycota_sp;sh__SH0138010.10FU,NA,NA,NA,NA,NA,NA,NA,NA,NA,NA,NA,NA,NA,NA,NA,NA,NA,NA,NA,NA,NA,NA,NA
Mortierellomycota,Mortierellomycetes,Mortierellales,Mortierellaceae,Mortierella,Mortierella_sp;sh__SH0089551.10FU,jrk05302,Mortierellomycota,Mortierellomycetes,Mortierellales,Mortierellaceae,,soil_saprotroph,root-associated,,root-associated,root-associated,"roots,soil",chitinolytic,partly_aquatic,opportunistic_human_parasite,,filamentous_mycelium,none,none,,,,
Chytridiomycota,Rhizophydiomycetes,Rhizophydiales,Rhizophydiaceae,Rhizophydium,Rhizophydium_sp;sh__SH0167787.10FU,jrk07563,Chytridiomycota,Rhizophydiomycetes,Rhizophydiales,Rhizophydiaceae,,algal_parasite,litter_saprotroph,"hypervariable,_parasite_on_algae,protists,and_plants;_Saprobic_on_plant_and_animal_matter",,algal_parasite,"leaf/fruit/seed,algal_material,fungal_material,protist_material",keratinolytic,partly_freshwater_(partly_non-aquatic),,,zoosporic-rhizomycelial_(chytrid-like),zoosporangium,closed,,,,
Ascomycota,Dothideomycetes,Pleosporales,Pleosporales_fam_Incertae_sedis,Pleosporales_gen_Incertae_sedis,Pleosporales_sp;sh__SH0084652.10FU,NA,NA,NA,NA,NA,NA,NA,NA,NA,NA,NA,NA,NA,NA,NA,NA,NA,NA,NA,NA,NA,NA,NA
Mucoromycota,NA,NA,NA,NA,NA,NA,NA,NA,NA,NA,NA,NA,NA,NA,NA,NA,NA,NA,NA,NA,NA,NA,NA,NA,NA,NA,NA,NA
Chytridiomycota,Rhizophydiomycetes,Rhizophydiales,Rhizophydiales_fam_Incertae_sedis,Rhizophydiales_gen_Incertae_sedis,Rhizophydiales_sp;sh__SH0143847.10FU,NA,NA,NA,NA,NA,NA,NA,NA,NA,NA,NA,NA,NA,NA,NA,NA,NA,NA,NA,NA,NA,NA,NA
Basidiomycota,Agaricomycetes,NA,NA,NA,NA,NA,NA,NA,NA,NA,NA,NA,NA,NA,NA,NA,NA,NA,NA,NA,NA,NA,NA,NA,NA,NA,NA,NA
Ascomycota,Sordariomycetes,NA,NA,NA,NA,NA,NA,NA,NA,NA,NA,NA,NA,NA,NA,NA,NA,NA,NA,NA,NA,NA,NA,NA,NA,NA,NA,NA
Basidiomycota,Agaricomycetes,Agaricales,Psathyrellaceae,Coprinopsis,Coprinopsis_echinospora;sh__SH0137591.10FU,jrk02043,Basidiomycota,Agaricomycetes,Agaricales,Psathyrellaceae,,soil_saprotroph,,,,,soil,,non-aquatic,,,filamentous_mycelium,agaricoid,gills,,,,
Ascomycota,Eurotiomycetes,Eurotiales,Trichocomaceae,Talaromyces,NA,jrk08647,Ascomycota,Eurotiomycetes,Eurotiales,Trichocomaceae,,unspecified_saprotroph,,"hyperviariable,_thermophile,_some_species_animal_parasite_some_species_various_saprotrophs",,,"leaf/fruit/seed,soil,animal_material",mold,partly_aquatic,opportunistic_human_parasite,,filamentous_mycelium,"cleistothecium_(closed,_spherical)",,,,,
Basidiomycota,Tremellomycetes,Filobasidiales,Piskurozymaceae,Piskurozyma,Piskurozyma_sp;sh__SH0149353.10FU,jrk06644,Basidiomycota,Tremellomycetes,Filobasidiales,Piskurozymaceae,,soil_saprotroph,,,,,soil,,partly_aquatic,,,yeast,none,none,,,,
Ascomycota,Leotiomycetes,Helotiales,Helotiales_fam_Incertae_sedis,Helotiales_gen_Incertae_sedis,Helotiales_sp;sh__SH0146482.10FU,NA,NA,NA,NA,NA,NA,NA,NA,NA,NA,NA,NA,NA,NA,NA,NA,NA,NA,NA,NA,NA,NA,NA
Rozellomycota,Rozellomycota_cls_Incertae_sedis,Rozellomycota_ord_Incertae_sedis,Rozellomycota_fam_Incertae_sedis,Rozellomycota_gen_Incertae_sedis,Rozellomycota_sp;sh__SH0151063.10FU,NA,NA,NA,NA,NA,NA,NA,NA,NA,NA,NA,NA,NA,NA,NA,NA,NA,NA,NA,NA,NA,NA,NA
Basidiomycota,Agaricomycetes,Agaricales,Agaricales_fam_Incertae_sedis,Agaricales_gen_Incertae_sedis,Agaricales_sp;sh__SH0102338.10FU,NA,NA,NA,NA,NA,NA,NA,NA,NA,NA,NA,NA,NA,NA,NA,NA,NA,NA,NA,NA,NA,NA,NA
NA,NA,NA,NA,NA,NA,NA,NA,NA,NA,NA,NA,NA,NA,NA,NA,NA,NA,NA,NA,NA,NA,NA,NA,NA,NA,NA,NA,NA
Basidiomycota,Agaricomycetes,Sebacinales,Serendipitaceae,Serendipita,Serendipita_sp;sh__SH0087076.10FU,jrk08004,Basidiomycota,Agaricomycetes,Sebacinales,Serendipitaceae,,root_endophyte,soil_saprotroph,ectomycorrhizal_1%_species/ericoid_mycorrhizal_many_species/orchid_mycorrhizal,root_endophyte,,soil,,non-aquatic,,,filamentous_mycelium,none,none,,,,
Chytridiomycota,Spizellomycetes,Spizellomycetales,Spizellomycetales_fam_Incertae_sedis,Spizellomycetales_gen_Incertae_sedis,Spizellomycetales_sp;sh__SH0011571.10FU,NA,NA,NA,NA,NA,NA,NA,NA,NA,NA,NA,NA,NA,NA,NA,NA,NA,NA,NA,NA,NA,NA,NA
Rozellomycota,Rozellomycota_cls_Incertae_sedis,Rozellomycota_ord_Incertae_sedis,Rozellomycota_fam_Incertae_sedis,Rozellomycota_gen_Incertae_sedis,Rozellomycota_sp,NA,NA,NA,NA,NA,NA,NA,NA,NA,NA,NA,NA,NA,NA,NA,NA,NA,NA,NA,NA,NA,NA,NA
Ascomycota,Taphrinomycetes,Taphrinales,Taphrinaceae,Taphrina,Taphrina_betulina;sh__SH0058153.10FU,jrk08659,Ascomycota,Taphrinomycetes,Taphrinales,Taphrinaceae,,plant_pathogen,,,,leaf/fruit/seed_pathogen,,,non-aquatic,,,dimorphic_yeast,none,,,,,
Ascomycota,Dothideomycetes,Venturiales,Venturiaceae,Venturia,Venturia_sp;sh__SH0172009.10FU,jrk09274,Ascomycota,Dothideomycetes,Venturiales,Venturiaceae,,plant_pathogen,litter_saprotroph,,,leaf/fruit/seed_pathogen,leaf/fruit/seed,,non-aquatic,,,filamentous_mycelium,"perithecium_(hymenium_hidden,_narrow_opening)",closed,,,,
Ascomycota,Leotiomycetes,Helotiales,Helotiales_fam_Incertae_sedis,Helotiales_gen_Incertae_sedis,Helotiales_sp;sh__SH0181111.10FU,NA,NA,NA,NA,NA,NA,NA,NA,NA,NA,NA,NA,NA,NA,NA,NA,NA,NA,NA,NA,NA,NA,NA
Ascomycota,Eurotiomycetes,Chaetothyriales,Chaetothyriales_fam_Incertae_sedis,Chaetothyriales_gen_Incertae_sedis,Chaetothyriales_sp;sh__SH0189933.10FU,NA,NA,NA,NA,NA,NA,NA,NA,NA,NA,NA,NA,NA,NA,NA,NA,NA,NA,NA,NA,NA,NA,NA
Mortierellomycota,Mortierellomycetes,Mortierellales,Mortierellaceae,NA,NA,NA,NA,NA,NA,NA,NA,NA,NA,NA,NA,NA,NA,NA,NA,NA,NA,NA,NA,NA,NA,NA,NA,NA
Glomeromycota,Glomeromycetes,Entrophosporales,Entrophosporaceae,NA,NA,NA,NA,NA,NA,NA,NA,NA,NA,NA,NA,NA,NA,NA,NA,NA,NA,NA,NA,NA,NA,NA,NA,NA
Ascomycota,Eurotiomycetes,Chaetothyriales,Herpotrichiellaceae,NA,NA,NA,NA,NA,NA,NA,NA,NA,NA,NA,NA,NA,NA,NA,NA,NA,NA,NA,NA,NA,NA,NA,NA,NA
Basidiomycota,Microbotryomycetes,Microbotryomycetes_ord_Incertae_sedis,Colacogloeaceae,Colacogloea,Colacogloea_sp;sh__SH0012087.10FU,jrk01937,Basidiomycota,Microbotryomycetes,Microbotryomycetes order incertae sedis,Colacogloeaceae,,mycoparasite,fungal_decomposer,,no_endophytic_capacity,,fungal_material,,non-aquatic,,,dimorphic_yeast,none,none,,,,
NA,NA,NA,NA,NA,NA,NA,NA,NA,NA,NA,NA,NA,NA,NA,NA,NA,NA,NA,NA,NA,NA,NA,NA,NA,NA,NA,NA,NA
Ascomycota,Lecanoromycetes,Lecanorales,Pilocarpaceae,Micarea,NA,jrk05126,Ascomycota,Lecanoromycetes,Lecanorales,Pilocarpaceae,,lichenized,,lichen_parasite_some_species,,,,,non-aquatic,,,thallus_photosynthetic,apothecium_(hymenium_on_surface),smooth,,,chlorococcoid,
Basidiomycota,Agaricomycetes,Agaricales,Cortinariaceae,Thaxterogaster,Thaxterogaster_alboamarescens;sh__SH0191602.10FU,jrk09541,Basidiomycota,Agaricomycetes,Agaricales,Cortinariaceae,,ectomycorrhizal,,,,,,,non-aquatic,,,filamentous_mycelium,gasteroid-hypogeous,closed,medium-distance_fringe,/cortinarius,,
Ascomycota,Eurotiomycetes,Chaetothyriales,Chaetothyriales_fam_Incertae_sedis,Chaetothyriales_gen_Incertae_sedis,Chaetothyriales_sp;sh__SH0061992.10FU,NA,NA,NA,NA,NA,NA,NA,NA,NA,NA,NA,NA,NA,NA,NA,NA,NA,NA,NA,NA,NA,NA,NA
Ascomycota,Leotiomycetes,Helotiales,Pezizellaceae,NA,NA,NA,NA,NA,NA,NA,NA,NA,NA,NA,NA,NA,NA,NA,NA,NA,NA,NA,NA,NA,NA,NA,NA,NA
Basidiomycota,Agaricomycetes,Thelephorales,Thelephoraceae,Tomentella,Tomentella_sp;sh__SH0126233.10FU,jrk08875,Basidiomycota,Agaricomycetes,Thelephorales,Thelephoraceae,,ectomycorrhizal,,,,,,,non-aquatic,,,filamentous_mycelium,corticioid,smooth,medium-distance_smooth,/tomentella-thelephora,,
Basidiomycota,Agaricomycetes,Agaricales,Clavariaceae,Camarophyllopsis,Camarophyllopsis_atrovelutina;sh__SH0012615.10FU,jrk01362,Basidiomycota,Agaricomycetes,Agaricales,Clavariaceae,,soil_saprotroph,unspecified_symbiotroph,CHEGD_symbiotrophs,root-associated,root-associated,"roots,soil",,non-aquatic,,,filamentous_mycelium,agaricoid,gills,,,,
Ascomycota,NA,NA,NA,NA,NA,NA,NA,NA,NA,NA,NA,NA,NA,NA,NA,NA,NA,NA,NA,NA,NA,NA,NA,NA,NA,NA,NA,NA
Basidiomycota,Agaricomycetes,Sebacinales,Serendipitaceae,Serendipita,Serendipita_sp;sh__SH0003246.10FU,jrk08004,Basidiomycota,Agaricomycetes,Sebacinales,Serendipitaceae,,root_endophyte,soil_saprotroph,ectomycorrhizal_1%_species/ericoid_mycorrhizal_many_species/orchid_mycorrhizal,root_endophyte,,soil,,non-aquatic,,,filamentous_mycelium,none,none,,,,
Basidiomycota,Agaricomycetes,Thelephorales,Thelephoraceae,Tomentella,Tomentella_sp;sh__SH0127950.10FU,jrk08875,Basidiomycota,Agaricomycetes,Thelephorales,Thelephoraceae,,ectomycorrhizal,,,,,,,non-aquatic,,,filamentous_mycelium,corticioid,smooth,medium-distance_smooth,/tomentella-thelephora,,
Basidiomycota,Agaricomycetes,Agaricales,Inocybaceae,Inocybe,Inocybe_mortenii;sh__SH0178813.10FU,jrk04145,Basidiomycota,Agaricomycetes,Agaricales,Inocybaceae,,ectomycorrhizal,,,,,,,non-aquatic,,,filamentous_mycelium,agaricoid,gills,short-distance_delicate,/inocybe,,
Ascomycota,Lecanoromycetes,Lecanorales,Parmeliaceae,Parmeliaceae_gen_Incertae_sedis,Parmeliaceae_sp;sh__SH0077598.10FU,NA,NA,NA,NA,NA,NA,NA,NA,NA,NA,NA,NA,NA,NA,NA,NA,NA,NA,NA,NA,NA,NA,NA
Chytridiomycota,Spizellomycetes,Spizellomycetales,Spizellomycetales_fam_Incertae_sedis,Spizellomycetales_gen_Incertae_sedis,Spizellomycetales_sp;sh__SH0156194.10FU,NA,NA,NA,NA,NA,NA,NA,NA,NA,NA,NA,NA,NA,NA,NA,NA,NA,NA,NA,NA,NA,NA,NA
Basidiomycota,Agaricomycetes,Agaricales,Clavariaceae,Ramariopsis,NA,jrk07435,Basidiomycota,Agaricomycetes,Agaricales,Clavariaceae,,soil_saprotroph,unspecified_symbiotroph,CHEGD_symbiotrophs,root-associated,root-associated,"roots,soil",,non-aquatic,,,filamentous_mycelium,clavarioid,smooth,,,,
Basidiomycota,Tremellomycetes,Trichosporonales,Tetragoniomycetaceae,Tetragoniomyces,Tetragoniomyces_uliginosus;sh__SH0184595.10FU,jrk08731,Basidiomycota,Tremellomycetes,Trichosporonales,Tetragoniomycetaceae,,mycoparasite,fungal_decomposer,,,,fungal_material,,non-aquatic,,,dimorphic_yeast,none,,,,,
Ascomycota,Dothideomycetes,Pleosporales,Tetraplosphaeriaceae,Tetraploa,NA,jrk08739,Ascomycota,Dothideomycetes,Pleosporales,Tetraplosphaeriaceae,,litter_saprotroph,wood_saprotroph,,no_endophytic_capacity,,"wood,leaf/fruit/seed",,partly_aquatic,,,filamentous_mycelium,none,,,,,
Ascomycota,NA,NA,NA,NA,NA,NA,NA,NA,NA,NA,NA,NA,NA,NA,NA,NA,NA,NA,NA,NA,NA,NA,NA,NA,NA,NA,NA,NA
Ascomycota,NA,NA,NA,NA,NA,NA,NA,NA,NA,NA,NA,NA,NA,NA,NA,NA,NA,NA,NA,NA,NA,NA,NA,NA,NA,NA,NA,NA
Ascomycota,Leotiomycetes,Helotiales,Helotiales_fam_Incertae_sedis,Helotiales_gen_Incertae_sedis,Helotiales_sp;sh__SH0093359.10FU,NA,NA,NA,NA,NA,NA,NA,NA,NA,NA,NA,NA,NA,NA,NA,NA,NA,NA,NA,NA,NA,NA,NA
Mucoromycota,Mucoromycota_cls_Incertae_sedis,Mucoromycota_ord_Incertae_sedis,Mucoromycota_fam_Incertae_sedis,Mucoromycota_gen_Incertae_sedis,Mucoromycota_sp;sh__SH0132251.10FU,NA,NA,NA,NA,NA,NA,NA,NA,NA,NA,NA,NA,NA,NA,NA,NA,NA,NA,NA,NA,NA,NA,NA
Ascomycota,Leotiomycetes,NA,NA,NA,NA,NA,NA,NA,NA,NA,NA,NA,NA,NA,NA,NA,NA,NA,NA,NA,NA,NA,NA,NA,NA,NA,NA,NA
Ascomycota,Dothideomycetes,Pleosporales,Pleosporales_fam_Incertae_sedis,Pleosporales_gen_Incertae_sedis,Pleosporales_sp;sh__SH0143826.10FU,NA,NA,NA,NA,NA,NA,NA,NA,NA,NA,NA,NA,NA,NA,NA,NA,NA,NA,NA,NA,NA,NA,NA
Mucoromycota,Endogonomycetes,Endogonomycetes_ord_Incertae_sedis,Endogonomycetes_fam_Incertae_sedis,Endogonomycetes_gen_Incertae_sedis,Endogonomycetes_sp,NA,NA,NA,NA,NA,NA,NA,NA,NA,NA,NA,NA,NA,NA,NA,NA,NA,NA,NA,NA,NA,NA,NA
NA,NA,NA,NA,NA,NA,NA,NA,NA,NA,NA,NA,NA,NA,NA,NA,NA,NA,NA,NA,NA,NA,NA,NA,NA,NA,NA,NA,NA
Basidiomycota,NA,NA,NA,NA,NA,NA,NA,NA,NA,NA,NA,NA,NA,NA,NA,NA,NA,NA,NA,NA,NA,NA,NA,NA,NA,NA,NA,NA
Rozellomycota,Rozellomycota_cls_Incertae_sedis,Rozellomycota_ord_Incertae_sedis,Rozellomycota_fam_Incertae_sedis,Rozellomycota_gen_Incertae_sedis,Rozellomycota_sp,NA,NA,NA,NA,NA,NA,NA,NA,NA,NA,NA,NA,NA,NA,NA,NA,NA,NA,NA,NA,NA,NA,NA
Chytridiomycota,Spizellomycetes,Spizellomycetales,Spizellomycetales_fam_Incertae_sedis,Spizellomycetales_gen_Incertae_sedis,Spizellomycetales_sp;sh__SH0074186.10FU,NA,NA,NA,NA,NA,NA,NA,NA,NA,NA,NA,NA,NA,NA,NA,NA,NA,NA,NA,NA,NA,NA,NA
Ascomycota,Lecanoromycetes,Lecanorales,Pilocarpaceae,Micarea,NA,jrk05126,Ascomycota,Lecanoromycetes,Lecanorales,Pilocarpaceae,,lichenized,,lichen_parasite_some_species,,,,,non-aquatic,,,thallus_photosynthetic,apothecium_(hymenium_on_surface),smooth,,,chlorococcoid,
Fungi_phy_Incertae_sedis,Fungi_cls_Incertae_sedis,Fungi_ord_Incertae_sedis,Fungi_fam_Incertae_sedis,Fungi_gen_Incertae_sedis,Fungi_sp;sh__SH0156167.10FU,NA,NA,NA,NA,NA,NA,NA,NA,NA,NA,NA,NA,NA,NA,NA,NA,NA,NA,NA,NA,NA,NA,NA
Basidiomycota,Tremellomycetes,Tremellales,Tremellaceae,Tremella,Tremella_sp;sh__SH0020261.10FU,jrk08933,Basidiomycota,Tremellomycetes,Tremellales,Tremellaceae,,mycoparasite,,lichen_parasite_some_species,,,fungal_material,,non-aquatic,,,dimorphic_yeast,tremelloid,,,,,
NA,NA,NA,NA,NA,NA,NA,NA,NA,NA,NA,NA,NA,NA,NA,NA,NA,NA,NA,NA,NA,NA,NA,NA,NA,NA,NA,NA,NA
Ascomycota,Dothideomycetes,Pleosporales,Leptosphaeriaceae,Leptosphaeriaceae_gen_Incertae_sedis,Leptosphaeriaceae_sp;sh__SH0045396.10FU,NA,NA,NA,NA,NA,NA,NA,NA,NA,NA,NA,NA,NA,NA,NA,NA,NA,NA,NA,NA,NA,NA,NA
Ascomycota,Dothideomycetes,Botryosphaeriales,Botryosphaeriales_fam_Incertae_sedis,Botryosphaeriales_gen_Incertae_sedis,Botryosphaeriales_sp;sh__SH0185825.10FU,NA,NA,NA,NA,NA,NA,NA,NA,NA,NA,NA,NA,NA,NA,NA,NA,NA,NA,NA,NA,NA,NA,NA
Ascomycota,Leotiomycetes,Helotiales,Helotiales_fam_Incertae_sedis,Hysteropezizella,Hysteropezizella_diminuens;sh__SH0089058.10FU,jrk04088,Ascomycota,Leotiomycetes,Helotiales,Helotiales family incertae sedis,,litter_saprotroph,,,,,leaf/fruit/seed,,partly_freshwater_(partly_non-aquatic),,monocots,filamentous_mycelium,apothecium_(hymenium_on_surface),smooth,,,,
NA,NA,NA,NA,NA,NA,NA,NA,NA,NA,NA,NA,NA,NA,NA,NA,NA,NA,NA,NA,NA,NA,NA,NA,NA,NA,NA,NA,NA
Ascomycota,Leotiomycetes,Helotiales,Helotiales_fam_Incertae_sedis,Humicolopsis,Humicolopsis_cephalosporioides;sh__SH0118505.10FU,jrk03935,Ascomycota,Leotiomycetes,Helotiales,Helotiales family incertae sedis,,soil_saprotroph,,,,,soil,,non-aquatic,,,filamentous_mycelium,none,none,,,,
NA,NA,NA,NA,NA,NA,NA,NA,NA,NA,NA,NA,NA,NA,NA,NA,NA,NA,NA,NA,NA,NA,NA,NA,NA,NA,NA,NA,NA
Monoblepharomycota,Monoblepharidomycetes,Monoblepharidales,NA,NA,NA,NA,NA,NA,NA,NA,NA,NA,NA,NA,NA,NA,NA,NA,NA,NA,NA,NA,NA,NA,NA,NA,NA,NA
Mucoromycota,Umbelopsidomycetes,Umbelopsidales,Umbelopsidaceae,Umbelopsis,Umbelopsis_sp;sh__SH0009086.10FU,jrk09156,Mucoromycota,Umbelopsidomycetes,Umbelopsidales,Umbelopsidaceae,,soil_saprotroph,root-associated,,root-associated,root-associated,"roots,soil",mold,non-aquatic,,,filamentous_mycelium,none,none,,,,
Chytridiomycota,Spizellomycetes,Spizellomycetales,Spizellomycetales_fam_Incertae_sedis,Spizellomycetales_gen_Incertae_sedis,Spizellomycetales_sp;sh__SH0165786.10FU,NA,NA,NA,NA,NA,NA,NA,NA,NA,NA,NA,NA,NA,NA,NA,NA,NA,NA,NA,NA,NA,NA,NA
Ascomycota,Dothideomycetes,Phaeotrichales,Phaeotrichales_fam_Incertae_sedis,Phaeotrichales_gen_Incertae_sedis,Phaeotrichales_sp;sh__SH0157428.10FU,NA,NA,NA,NA,NA,NA,NA,NA,NA,NA,NA,NA,NA,NA,NA,NA,NA,NA,NA,NA,NA,NA,NA
Basidiomycota,Agaricomycetes,Sebacinales,NA,NA,NA,NA,NA,NA,NA,NA,NA,NA,NA,NA,NA,NA,NA,NA,NA,NA,NA,NA,NA,NA,NA,NA,NA,NA
Ascomycota,Dothideomycetes,Pleosporales,Massarinaceae,Stagonospora,NA,jrk08317,Ascomycota,Dothideomycetes,Pleosporales,Massarinaceae,,plant_pathogen,,,,leaf/fruit/seed_pathogen,,,non-aquatic,,,filamentous_mycelium,other,,,,,
NA,NA,NA,NA,NA,NA,NA,NA,NA,NA,NA,NA,NA,NA,NA,NA,NA,NA,NA,NA,NA,NA,NA,NA,NA,NA,NA,NA,NA
Ascomycota,Leotiomycetes,Leotiales,Leotiales_fam_Incertae_sedis,Leotiales_gen_Incertae_sedis,Leotiales_sp;sh__SH0006402.10FU,NA,NA,NA,NA,NA,NA,NA,NA,NA,NA,NA,NA,NA,NA,NA,NA,NA,NA,NA,NA,NA,NA,NA
Ascomycota,Pezizomycetes,Pezizales,Pyronemataceae,Scutellinia,Scutellinia_sp;sh__SH0095874.10FU,jrk07935,Ascomycota,Pezizomycetes,Pezizales,Pyronemataceae,,wood_saprotroph,soil_saprotroph,,,,"wood,leaf/fruit/seed,soil",,partly_freshwater_(partly_non-aquatic),,,filamentous_mycelium,apothecium_(hymenium_on_surface),smooth,,,,
NA,NA,NA,NA,NA,NA,NA,NA,NA,NA,NA,NA,NA,NA,NA,NA,NA,NA,NA,NA,NA,NA,NA,NA,NA,NA,NA,NA,NA
Basidiomycota,Agaricomycetes,Hymenochaetales,Schizoporaceae,Xylodon,NA,jrk09485,Basidiomycota,Agaricomycetes,Hymenochaetales,Schizoporaceae,,wood_saprotroph,,,,,wood,white_rot,partly_aquatic,,,filamentous_mycelium,corticioid,hydnoid,,,,
Olpidiomycota,GS18,GS18_ord_Incertae_sedis,GS18_fam_Incertae_sedis,GS18_gen_Incertae_sedis,GS18_sp;sh__SH0195447.10FU,NA,NA,NA,NA,NA,NA,NA,NA,NA,NA,NA,NA,NA,NA,NA,NA,NA,NA,NA,NA,NA,NA,NA
Basidiomycota,Agaricomycetes,Trechisporales,Hydnodontaceae,Trechispora,Trechispora_stellulata;sh__SH0010460.10FU,jrk08926,Basidiomycota,Agaricomycetes,Trechisporales,Hydnodontaceae,,wood_saprotroph,,,,,wood,white_rot,non-aquatic,,,filamentous_mycelium,corticioid,poroid,,,,
Ascomycota,Dothideomycetes,NA,NA,NA,NA,NA,NA,NA,NA,NA,NA,NA,NA,NA,NA,NA,NA,NA,NA,NA,NA,NA,NA,NA,NA,NA,NA,NA
Ascomycota,Leotiomycetes,Helotiales,Helotiaceae,Hymenoscyphus,Hymenoscyphus_sp;sh__SH0146512.10FU,jrk04019,Ascomycota,Leotiomycetes,Helotiales,Helotiaceae,,litter_saprotroph,plant_pathogen,,,leaf/fruit/seed_pathogen,leaf/fruit/seed,,partly_freshwater_(partly_non-aquatic),,,filamentous_mycelium,apothecium_(hymenium_on_surface),smooth,,,,
Ascomycota,Leotiomycetes,Helotiales,NA,NA,NA,NA,NA,NA,NA,NA,NA,NA,NA,NA,NA,NA,NA,NA,NA,NA,NA,NA,NA,NA,NA,NA,NA,NA
Ascomycota,Dothideomycetes,Pleosporales,NA,NA,NA,NA,NA,NA,NA,NA,NA,NA,NA,NA,NA,NA,NA,NA,NA,NA,NA,NA,NA,NA,NA,NA,NA,NA
Ascomycota,Dothideomycetes,NA,NA,NA,NA,NA,NA,NA,NA,NA,NA,NA,NA,NA,NA,NA,NA,NA,NA,NA,NA,NA,NA,NA,NA,NA,NA,NA
Basidiomycota,Tremellomycetes,Tremellales,Tremellaceae,Tremella,Tremella_sp;sh__SH0020261.10FU,jrk08933,Basidiomycota,Tremellomycetes,Tremellales,Tremellaceae,,mycoparasite,,lichen_parasite_some_species,,,fungal_material,,non-aquatic,,,dimorphic_yeast,tremelloid,,,,,
Ascomycota,Leotiomycetes,Helotiales,Helotiales_fam_Incertae_sedis,Helotiales_gen_Incertae_sedis,Helotiales_sp,NA,NA,NA,NA,NA,NA,NA,NA,NA,NA,NA,NA,NA,NA,NA,NA,NA,NA,NA,NA,NA,NA,NA
Mortierellomycota,Mortierellomycetes,Mortierellales,Mortierellaceae,Mortierellaceae_gen_Incertae_sedis,Mortierellaceae_sp;sh__SH0157861.10FU,NA,NA,NA,NA,NA,NA,NA,NA,NA,NA,NA,NA,NA,NA,NA,NA,NA,NA,NA,NA,NA,NA,NA
Basidiomycota,Agaricomycetes,Hymenochaetales,Hymenochaetales_fam_Incertae_sedis,Hymenochaetales_gen_Incertae_sedis,Hymenochaetales_sp;sh__SH0151084.10FU,NA,NA,NA,NA,NA,NA,NA,NA,NA,NA,NA,NA,NA,NA,NA,NA,NA,NA,NA,NA,NA,NA,NA
Basidiomycota,Agaricomycetes,Agaricales,Hydnangiaceae,Laccaria,NA,jrk04416,Basidiomycota,Agaricomycetes,Agaricales,Hydnangiaceae,,ectomycorrhizal,,,,,,,non-aquatic,,,filamentous_mycelium,agaricoid,gills,short-distance_delicate,/laccaria,,
NA,NA,NA,NA,NA,NA,NA,NA,NA,NA,NA,NA,NA,NA,NA,NA,NA,NA,NA,NA,NA,NA,NA,NA,NA,NA,NA,NA,NA
Fungi_phy_Incertae_sedis,Fungi_cls_Incertae_sedis,Fungi_ord_Incertae_sedis,Fungi_fam_Incertae_sedis,Fungi_gen_Incertae_sedis,Fungi_sp;sh__SH0190254.10FU,NA,NA,NA,NA,NA,NA,NA,NA,NA,NA,NA,NA,NA,NA,NA,NA,NA,NA,NA,NA,NA,NA,NA
Chytridiomycota,Spizellomycetes,Spizellomycetales,Powellomycetaceae,Powellomyces,Powellomyces_sp;sh__SH0046497.10FU,jrk06921,Chytridiomycota,Spizellomycetes,Spizellomycetales,Powellomycetaceae,,pollen_saprotroph,algal_parasite,,,algal_parasite,pollen,,partly_freshwater_(partly_non-aquatic),,,zoosporic-rhizomycelial_(chytrid-like),zoosporangium,closed,,,,
Chytridiomycota,Rhizophydiomycetes,Rhizophydiales,Rhizophydiales_fam_Incertae_sedis,Rhizophydiales_gen_Incertae_sedis,Rhizophydiales_sp;sh__SH0021415.10FU,NA,NA,NA,NA,NA,NA,NA,NA,NA,NA,NA,NA,NA,NA,NA,NA,NA,NA,NA,NA,NA,NA,NA
Ascomycota,Dothideomycetes,Pleosporales,Microsphaeropsidaceae,NA,NA,NA,NA,NA,NA,NA,NA,NA,NA,NA,NA,NA,NA,NA,NA,NA,NA,NA,NA,NA,NA,NA,NA,NA
Ascomycota,Eurotiomycetes,Chaetothyriales,Chaetothyriales_fam_Incertae_sedis,Chaetothyriales_gen_Incertae_sedis,Chaetothyriales_sp;sh__SH0062378.10FU,NA,NA,NA,NA,NA,NA,NA,NA,NA,NA,NA,NA,NA,NA,NA,NA,NA,NA,NA,NA,NA,NA,NA
Chytridiomycota,Chytridiomycota_cls_Incertae_sedis,Chytridiomycota_ord_Incertae_sedis,Chytridiomycota_fam_Incertae_sedis,Chytridiomycota_gen_Incertae_sedis,Chytridiomycota_sp;sh__SH0130977.10FU,NA,NA,NA,NA,NA,NA,NA,NA,NA,NA,NA,NA,NA,NA,NA,NA,NA,NA,NA,NA,NA,NA,NA
Ascomycota,Dothideomycetes,Botryosphaeriales,Botryosphaeriales_fam_Incertae_sedis,Botryosphaeriales_gen_Incertae_sedis,Botryosphaeriales_sp;sh__SH0185825.10FU,NA,NA,NA,NA,NA,NA,NA,NA,NA,NA,NA,NA,NA,NA,NA,NA,NA,NA,NA,NA,NA,NA,NA
Basidiomycota,Agaricomycetes,NA,NA,NA,NA,NA,NA,NA,NA,NA,NA,NA,NA,NA,NA,NA,NA,NA,NA,NA,NA,NA,NA,NA,NA,NA,NA,NA
Basidiomycota,Agaricomycetes,Agaricales,Tubariaceae,Flammulaster,Flammulaster_ferrugineus;sh__SH0168093.10FU,jrk03209,Basidiomycota,Agaricomycetes,Agaricales,Tubariaceae,,litter_saprotroph,,wood_saprotroph_some_species,,,leaf/fruit/seed,,non-aquatic,,,filamentous_mycelium,agaricoid,gills,,,,
Basidiomycota,Agaricomycetes,Agaricales,Psathyrellaceae,Psathyrella,Psathyrella_olympiana;sh__SH0158092.10FU,jrk06986,Basidiomycota,Agaricomycetes,Agaricales,Psathyrellaceae,,wood_saprotroph,litter_saprotroph,,,,"wood,leaf/fruit/seed",,partly_aquatic,,,filamentous_mycelium,agaricoid,gills,,,,
Ascomycota,Geoglossomycetes,Geoglossales,Geoglossaceae,Geoglossum,Geoglossum_scabripes;sh__SH0117442.10FU,jrk03376,Ascomycota,Geoglossomycetes,Geoglossales,Geoglossaceae,,soil_saprotroph,unspecified_symbiotroph,CHEGD_symbiotrophs,root-associated,root-associated,"roots,soil",,non-aquatic,,,filamentous_mycelium,clavarioid,smooth,,,,
Ascomycota,Laboulbeniomycetes,Pyxidiophorales,Pyxidiophorales_fam_Incertae_sedis,Pyxidiophorales_gen_Incertae_sedis,Pyxidiophorales_sp;sh__SH0048642.10FU,NA,NA,NA,NA,NA,NA,NA,NA,NA,NA,NA,NA,NA,NA,NA,NA,NA,NA,NA,NA,NA,NA,NA
NA,NA,NA,NA,NA,NA,NA,NA,NA,NA,NA,NA,NA,NA,NA,NA,NA,NA,NA,NA,NA,NA,NA,NA,NA,NA,NA,NA,NA
Glomeromycota,Glomeromycetes,Glomerales,Glomeraceae,Glomeraceae_gen_Incertae_sedis,Glomeraceae_sp;sh__SH0189241.10FU,NA,NA,NA,NA,NA,NA,NA,NA,NA,NA,NA,NA,NA,NA,NA,NA,NA,NA,NA,NA,NA,NA,NA
Glomeromycota,Glomeromycetes,Glomerales,Glomeraceae,Glomus,Glomus_sp;sh__SH0149315.10FU,jrk03475,Glomeromycota,Glomeromycetes,Glomerales,Glomeraceae,,arbuscular_mycorrhizal,root-associated,,root_endophyte,,,,partly_freshwater_(partly_non-aquatic),,,filamentous_mycelium,none,none,,,,
Ascomycota,Sordariomycetes,Xylariales,Microdochiaceae,Microdochiaceae_gen_Incertae_sedis,Microdochiaceae_sp;sh__SH0107590.10FU,NA,NA,NA,NA,NA,NA,NA,NA,NA,NA,NA,NA,NA,NA,NA,NA,NA,NA,NA,NA,NA,NA,NA
Ascomycota,Leotiomycetes,Helotiales,Gelatinodiscaceae,Ascocoryne,Ascocoryne_turficola;sh__SH0091922.10FU,jrk00658,Ascomycota,Leotiomycetes,Helotiales,Gelatinodiscaceae,,wood_saprotroph,,,,,wood,,non-aquatic,,,filamentous_mycelium,apothecium_(hymenium_on_surface),smooth,,,,
Ascomycota,Leotiomycetes,Helotiales,Helotiales_fam_Incertae_sedis,Helotiales_gen_Incertae_sedis,Helotiales_sp;sh__SH0144264.10FU,NA,NA,NA,NA,NA,NA,NA,NA,NA,NA,NA,NA,NA,NA,NA,NA,NA,NA,NA,NA,NA,NA,NA
NA,NA,NA,NA,NA,NA,NA,NA,NA,NA,NA,NA,NA,NA,NA,NA,NA,NA,NA,NA,NA,NA,NA,NA,NA,NA,NA,NA,NA
Ascomycota,Dothideomycetes,Mycosphaerellales,Teratosphaeriaceae,Devriesia,Devriesia_thermodurans;sh__SH0072138.10FU,jrk02515,Ascomycota,Dothideomycetes,Capnodiales,Teratosphaeriaceae,,plant_pathogen,litter_saprotroph,,,leaf/fruit/seed_pathogen,leaf/fruit/seed,,non-aquatic,,,filamentous_mycelium,"perithecium_(hymenium_hidden,_narrow_opening)",closed,,,,
Ascomycota,Dothideomycetes,Pleosporales,Didymosphaeriaceae,NA,NA,NA,NA,NA,NA,NA,NA,NA,NA,NA,NA,NA,NA,NA,NA,NA,NA,NA,NA,NA,NA,NA,NA,NA
Ascomycota,Lecanoromycetes,NA,NA,NA,NA,NA,NA,NA,NA,NA,NA,NA,NA,NA,NA,NA,NA,NA,NA,NA,NA,NA,NA,NA,NA,NA,NA,NA
Basidiomycota,Agaricomycetes,Agaricales,Agaricales_fam_Incertae_sedis,Agaricales_gen_Incertae_sedis,Agaricales_sp;sh__SH0170357.10FU,NA,NA,NA,NA,NA,NA,NA,NA,NA,NA,NA,NA,NA,NA,NA,NA,NA,NA,NA,NA,NA,NA,NA
Basidiomycota,Pucciniomycetes,Platygloeales,Eocronartiaceae,Eocronartium,Eocronartium_sp;sh__SH0089077.10FU,jrk02974,Basidiomycota,Pucciniomycetes,Platygloeales,Eocronartiaceae,,plant_pathogen,,obligate_plant_pathogen,no_endophytic_capacity,leaf/fruit/seed_pathogen,,,non-aquatic,,mosses,filamentous_mycelium,clavarioid,smooth,,,,
Rozellomycota,Rozellomycota_cls_Incertae_sedis,Rozellomycota_ord_Incertae_sedis,Rozellomycota_fam_Incertae_sedis,Rozellomycota_gen_Incertae_sedis,Rozellomycota_sp;sh__SH0151825.10FU,NA,NA,NA,NA,NA,NA,NA,NA,NA,NA,NA,NA,NA,NA,NA,NA,NA,NA,NA,NA,NA,NA,NA
Ascomycota,Sordariomycetes,Glomerellales,Plectosphaerellaceae,NA,NA,NA,NA,NA,NA,NA,NA,NA,NA,NA,NA,NA,NA,NA,NA,NA,NA,NA,NA,NA,NA,NA,NA,NA
Ascomycota,Dothideomycetes,Mycosphaerellales,Extremaceae,Extremus,Extremus_antarcticus;sh__SH0169305.10FU,jrk03116,Ascomycota,Dothideomycetes,Capnodiales,Extremaceae,,unspecified_saprotroph,rock-inhabiting,,,,soil,,non-aquatic,,,filamentous_mycelium,"perithecium_(hymenium_hidden,_narrow_opening)",closed,,,,
NA,NA,NA,NA,NA,NA,NA,NA,NA,NA,NA,NA,NA,NA,NA,NA,NA,NA,NA,NA,NA,NA,NA,NA,NA,NA,NA,NA,NA
Ascomycota,Orbiliomycetes,Orbiliales,Orbiliaceae,Amphosoma,Amphosoma_persooniae;sh__SH0196863.10FU,,Ascomycota,Orbiliomycetes,Orbiliales,Orbiliaceae,,wood_saprotroph,pollen_saprotroph,,,,"wood,pollen",,non-aquatic,,,filamentous_mycelium,apothecium_(hymenium_on_surface),smooth,,,,
NA,NA,NA,NA,NA,NA,NA,NA,NA,NA,NA,NA,NA,NA,NA,NA,NA,NA,NA,NA,NA,NA,NA,NA,NA,NA,NA,NA,NA
Ascomycota,Leotiomycetes,Helotiales,Helotiales_fam_Incertae_sedis,Helotiales_gen_Incertae_sedis,Helotiales_sp,NA,NA,NA,NA,NA,NA,NA,NA,NA,NA,NA,NA,NA,NA,NA,NA,NA,NA,NA,NA,NA,NA,NA
Ascomycota,Dothideomycetes,Pleosporales,Phaeosphaeriaceae,Phaeosphaeria,Phaeosphaeria_sp;sh__SH0007756.10FU,jrk06431,Ascomycota,Dothideomycetes,Pleosporales,Phaeosphaeriaceae,,litter_saprotroph,,,no_endophytic_capacity,,leaf/fruit/seed,,non-aquatic,,,filamentous_mycelium,"perithecium_(hymenium_hidden,_narrow_opening)",closed,,,,
Basidiomycota,Tremellomycetes,Tremellales,Tremellaceae,Tremella,Tremella_sp;sh__SH0020261.10FU,jrk08933,Basidiomycota,Tremellomycetes,Tremellales,Tremellaceae,,mycoparasite,,lichen_parasite_some_species,,,fungal_material,,non-aquatic,,,dimorphic_yeast,tremelloid,,,,,
Glomeromycota,Archaeosporomycetes,Archaeosporales,Archaeosporales_fam_Incertae_sedis,Archaeosporales_gen_Incertae_sedis,Archaeosporales_sp;sh__SH0166062.10FU,NA,NA,NA,NA,NA,NA,NA,NA,NA,NA,NA,NA,NA,NA,NA,NA,NA,NA,NA,NA,NA,NA,NA
Ascomycota,Dothideomycetes,Dothideomycetes_ord_Incertae_sedis,Dothideomycetes_fam_Incertae_sedis,Dothideomycetes_gen_Incertae_sedis,Dothideomycetes_sp,NA,NA,NA,NA,NA,NA,NA,NA,NA,NA,NA,NA,NA,NA,NA,NA,NA,NA,NA,NA,NA,NA,NA
NA,NA,NA,NA,NA,NA,NA,NA,NA,NA,NA,NA,NA,NA,NA,NA,NA,NA,NA,NA,NA,NA,NA,NA,NA,NA,NA,NA,NA
Ascomycota,Lecanoromycetes,Baeomycetales,Trapeliaceae,Trapelia,Trapelia_elacista;sh__SH0079951.10FU,jrk08920,Ascomycota,Lecanoromycetes,Baeomycetales,Trapeliaceae,,lichenized,,,,,,,non-aquatic,,,thallus_photosynthetic,apothecium_(hymenium_on_surface),smooth,,,chlorococcoid,
Basidiomycota,Agaricomycetes,Agaricales,Entolomataceae,Entoloma,Entoloma_zuccherellii;sh__SH0004946.10FU,jrk02963,Basidiomycota,Agaricomycetes,Agaricales,Entolomataceae,,soil_saprotroph,unspecified_symbiotroph,"CHEGD_symbiotrophs,ectomycorrhizal_ca_10%_of_species",root-associated,root-associated,"roots,soil",,non-aquatic,,,filamentous_mycelium,agaricoid,gills,medium-distance_smooth,/entoloma,,
Ascomycota,NA,NA,NA,NA,NA,NA,NA,NA,NA,NA,NA,NA,NA,NA,NA,NA,NA,NA,NA,NA,NA,NA,NA,NA,NA,NA,NA,NA
Mucoromycota,Endogonomycetes,Endogonales,Endogonaceae,Endogonaceae_gen_Incertae_sedis,Endogonaceae_sp;sh__SH0022767.10FU,NA,NA,NA,NA,NA,NA,NA,NA,NA,NA,NA,NA,NA,NA,NA,NA,NA,NA,NA,NA,NA,NA,NA
Basidiomycota,Agaricomycetes,Thelephorales,Thelephoraceae,NA,NA,NA,NA,NA,NA,NA,NA,NA,NA,NA,NA,NA,NA,NA,NA,NA,NA,NA,NA,NA,NA,NA,NA,NA
Olpidiomycota,GS18,GS18_ord_Incertae_sedis,GS18_ord_Incertae_sedis_fam_Incertae_sedis,GS18_ord_Incertae_sedis_gen_Incertae_sedis,GS18_ord_Incertae_sedis_sp;sh__SH0195416.10FU,NA,NA,NA,NA,NA,NA,NA,NA,NA,NA,NA,NA,NA,NA,NA,NA,NA,NA,NA,NA,NA,NA,NA
Ascomycota,Dothideomycetes,Pleosporales,Lentitheciaceae,Pleurophoma,Pleurophoma_ossicola;sh__SH0135384.10FU,jrk06763,Ascomycota,Dothideomycetes,Pleosporales,Lentitheciaceae,,plant_pathogen,wood_saprotroph,,no_endophytic_capacity,wood_pathogen,wood,,non-aquatic,,,filamentous_mycelium,"perithecium_(hymenium_hidden,_narrow_opening)",closed,,,,
Ascomycota,NA,NA,NA,NA,NA,NA,NA,NA,NA,NA,NA,NA,NA,NA,NA,NA,NA,NA,NA,NA,NA,NA,NA,NA,NA,NA,NA,NA
Basidiomycota,Agaricomycetes,Agaricales,Inocybaceae,Inocybe,Inocybe_rivularis;sh__SH0046777.10FU,jrk04145,Basidiomycota,Agaricomycetes,Agaricales,Inocybaceae,,ectomycorrhizal,,,,,,,non-aquatic,,,filamentous_mycelium,agaricoid,gills,short-distance_delicate,/inocybe,,
Basidiomycota,Tremellomycetes,Tremellales,Tremellaceae,Tremella,Tremella_sp;sh__SH0014763.10FU,jrk08933,Basidiomycota,Tremellomycetes,Tremellales,Tremellaceae,,mycoparasite,,lichen_parasite_some_species,,,fungal_material,,non-aquatic,,,dimorphic_yeast,tremelloid,,,,,
Ascomycota,Leotiomycetes,Helotiales,Helotiales_fam_Incertae_sedis,Helotiales_gen_Incertae_sedis,Helotiales_sp;sh__SH0008420.10FU,NA,NA,NA,NA,NA,NA,NA,NA,NA,NA,NA,NA,NA,NA,NA,NA,NA,NA,NA,NA,NA,NA,NA
Basidiomycota,Tremellomycetes,Tremellales,Tremellaceae,Tremella,Tremella_sp;sh__SH0020261.10FU,jrk08933,Basidiomycota,Tremellomycetes,Tremellales,Tremellaceae,,mycoparasite,,lichen_parasite_some_species,,,fungal_material,,non-aquatic,,,dimorphic_yeast,tremelloid,,,,,
Ascomycota,NA,NA,NA,NA,NA,NA,NA,NA,NA,NA,NA,NA,NA,NA,NA,NA,NA,NA,NA,NA,NA,NA,NA,NA,NA,NA,NA,NA
Ascomycota,NA,NA,NA,NA,NA,NA,NA,NA,NA,NA,NA,NA,NA,NA,NA,NA,NA,NA,NA,NA,NA,NA,NA,NA,NA,NA,NA,NA
Basidiomycota,Agaricomycetes,Agaricales,NA,NA,NA,NA,NA,NA,NA,NA,NA,NA,NA,NA,NA,NA,NA,NA,NA,NA,NA,NA,NA,NA,NA,NA,NA,NA
Ascomycota,Pezizomycetes,Pezizales,Sarcosomataceae,Pseudoplectania,NA,jrk07179,Ascomycota,Pezizomycetes,Pezizales,Sarcosomataceae,,litter_saprotroph,,,,,leaf/fruit/seed,,non-aquatic,,,filamentous_mycelium,apothecium_(hymenium_on_surface),smooth,,,,
Ascomycota,Leotiomycetes,Helotiales,Rutstroemiaceae,Rutstroemia,Rutstroemia_bolaris;sh__SH0148041.10FU,jrk07729,Ascomycota,Leotiomycetes,Helotiales,Rutstroemiaceae,,litter_saprotroph,,,,,leaf/fruit/seed,,non-aquatic,,,filamentous_mycelium,apothecium_(hymenium_on_surface),smooth,,,,
Basidiomycota,Agaricomycetes,Russulales,Russulaceae,Russula,Russula_sp,jrk07726,Basidiomycota,Agaricomycetes,Russulales,Russulaceae,,ectomycorrhizal,,,,,,,non-aquatic,,,filamentous_mycelium,agaricoid,gills,contact,/russula-lactarius,,
Ascomycota,Leotiomycetes,Leotiales,Tympanidaceae,Tympanidaceae_gen_Incertae_sedis,Tympanidaceae_sp,NA,NA,NA,NA,NA,NA,NA,NA,NA,NA,NA,NA,NA,NA,NA,NA,NA,NA,NA,NA,NA,NA,NA
Basidiomycota,Agaricomycetes,NA,NA,NA,NA,NA,NA,NA,NA,NA,NA,NA,NA,NA,NA,NA,NA,NA,NA,NA,NA,NA,NA,NA,NA,NA,NA,NA
Ascomycota,Dothideomycetes,Capnodiales,Capnodiales_fam_Incertae_sedis,Capnodiales_gen_Incertae_sedis,Capnodiales_sp;sh__SH0074651.10FU,NA,NA,NA,NA,NA,NA,NA,NA,NA,NA,NA,NA,NA,NA,NA,NA,NA,NA,NA,NA,NA,NA,NA
Basidiomycota,Basidiomycota_cls_Incertae_sedis,Basidiomycota_ord_Incertae_sedis,Basidiomycota_fam_Incertae_sedis,Basidiomycota_gen_Incertae_sedis,Basidiomycota_sp;sh__SH0154487.10FU,NA,NA,NA,NA,NA,NA,NA,NA,NA,NA,NA,NA,NA,NA,NA,NA,NA,NA,NA,NA,NA,NA,NA
Basidiomycota,Agaricomycetes,Tremellodendropsidales,Tremellodendropsidales_fam_Incertae_sedis,Tremellodendropsidales_gen_Incertae_sedis,Tremellodendropsidales_sp;sh__SH0150321.10FU,NA,NA,NA,NA,NA,NA,NA,NA,NA,NA,NA,NA,NA,NA,NA,NA,NA,NA,NA,NA,NA,NA,NA
Basidiomycota,Agaricomycetes,Agaricomycetes_ord_Incertae_sedis,Agaricomycetes_fam_Incertae_sedis,Agaricomycetes_gen_Incertae_sedis,Agaricomycetes_sp;sh__SH0102563.10FU,NA,NA,NA,NA,NA,NA,NA,NA,NA,NA,NA,NA,NA,NA,NA,NA,NA,NA,NA,NA,NA,NA,NA
NA,NA,NA,NA,NA,NA,NA,NA,NA,NA,NA,NA,NA,NA,NA,NA,NA,NA,NA,NA,NA,NA,NA,NA,NA,NA,NA,NA,NA
Ascomycota,Leotiomycetes,Helotiales,Helotiales_fam_Incertae_sedis,Helotiales_gen_Incertae_sedis,Helotiales_sp,NA,NA,NA,NA,NA,NA,NA,NA,NA,NA,NA,NA,NA,NA,NA,NA,NA,NA,NA,NA,NA,NA,NA
Rozellomycota,Rozellomycotina_cls_Incertae_sedis,GS11,GS11_fam_Incertae_sedis,GS11_gen_Incertae_sedis,GS11_sp;sh__SH0048800.10FU,NA,NA,NA,NA,NA,NA,NA,NA,NA,NA,NA,NA,NA,NA,NA,NA,NA,NA,NA,NA,NA,NA,NA
Mucoromycota,Umbelopsidomycetes,Umbelopsidales,Umbelopsidaceae,Umbelopsis,NA,jrk09156,Mucoromycota,Umbelopsidomycetes,Umbelopsidales,Umbelopsidaceae,,soil_saprotroph,root-associated,,root-associated,root-associated,"roots,soil",mold,non-aquatic,,,filamentous_mycelium,none,none,,,,
Ascomycota,Leotiomycetes,Leotiomycetes_ord_Incertae_sedis,Leotiomycetes_fam_Incertae_sedis,Leotiomycetes_gen_Incertae_sedis,Leotiomycetes_sp;sh__SH0158609.10FU,NA,NA,NA,NA,NA,NA,NA,NA,NA,NA,NA,NA,NA,NA,NA,NA,NA,NA,NA,NA,NA,NA,NA
Ascomycota,NA,NA,NA,NA,NA,NA,NA,NA,NA,NA,NA,NA,NA,NA,NA,NA,NA,NA,NA,NA,NA,NA,NA,NA,NA,NA,NA,NA
NA,NA,NA,NA,NA,NA,NA,NA,NA,NA,NA,NA,NA,NA,NA,NA,NA,NA,NA,NA,NA,NA,NA,NA,NA,NA,NA,NA,NA
Ascomycota,Pezizomycotina_cls_Incertae_sedis,Pezizomycotina_ord_Incertae_sedis,Pezizomycotina_fam_Incertae_sedis,Triscelophorus,Triscelophorus_sp;sh__SH0147827.10FU,jrk09059,Ascomycota,Dothideomycetes,Dothideomycetes order incertae sedis,Dothideomycetes family incertae sedis,,foliar_endophyte,litter_saprotroph,,foliar_endophyte,,leaf/fruit/seed,,non-aquatic,,,filamentous_mycelium,none,,,,,
Basidiomycota,Agaricomycetes,Trechisporales,Trechisporales_fam_Incertae_sedis,Trechisporales_gen_Incertae_sedis,Trechisporales_sp,NA,NA,NA,NA,NA,NA,NA,NA,NA,NA,NA,NA,NA,NA,NA,NA,NA,NA,NA,NA,NA,NA,NA
Ascomycota,Leotiomycetes,Helotiales,Helotiales_fam_Incertae_sedis,Helotiales_gen_Incertae_sedis,Helotiales_sp;sh__SH0013148.10FU,NA,NA,NA,NA,NA,NA,NA,NA,NA,NA,NA,NA,NA,NA,NA,NA,NA,NA,NA,NA,NA,NA,NA
Ascomycota,Lecanoromycetes,Lecanoromycetes_ord_Incertae_sedis,Micropeltidaceae,Micropeltidaceae_gen_Incertae_sedis,Micropeltidaceae_sp;sh__SH0121237.10FU,NA,NA,NA,NA,NA,NA,NA,NA,NA,NA,NA,NA,NA,NA,NA,NA,NA,NA,NA,NA,NA,NA,NA
Ascomycota,Eurotiomycetes,Chaetothyriales,Herpotrichiellaceae,Herpotrichiellaceae_gen_Incertae_sedis,Herpotrichiellaceae_sp;sh__SH0069741.10FU,NA,NA,NA,NA,NA,NA,NA,NA,NA,NA,NA,NA,NA,NA,NA,NA,NA,NA,NA,NA,NA,NA,NA
Mucoromycota,Endogonomycetes,GS22,GS22_fam_Incertae_sedis,GS22_gen_Incertae_sedis,GS22_sp,NA,NA,NA,NA,NA,NA,NA,NA,NA,NA,NA,NA,NA,NA,NA,NA,NA,NA,NA,NA,NA,NA,NA
Ascomycota,Orbiliomycetes,Orbiliales,Orbiliaceae,NA,NA,NA,NA,NA,NA,NA,NA,NA,NA,NA,NA,NA,NA,NA,NA,NA,NA,NA,NA,NA,NA,NA,NA,NA
Ascomycota,Leotiomycetes,Helotiales,NA,NA,NA,NA,NA,NA,NA,NA,NA,NA,NA,NA,NA,NA,NA,NA,NA,NA,NA,NA,NA,NA,NA,NA,NA,NA
Chytridiomycota,Spizellomycetes,Spizellomycetales,Spizellomycetales_fam_Incertae_sedis,Spizellomycetales_gen_Incertae_sedis,Spizellomycetales_sp;sh__SH0013598.10FU,NA,NA,NA,NA,NA,NA,NA,NA,NA,NA,NA,NA,NA,NA,NA,NA,NA,NA,NA,NA,NA,NA,NA
Mortierellomycota,Mortierellomycetes,Mortierellales,Mortierellaceae,Podila,Podila_humilis;sh__SH0097986.10FU,NA,NA,NA,NA,NA,NA,NA,NA,NA,NA,NA,NA,NA,NA,NA,NA,NA,NA,NA,NA,NA,NA,NA
Ascomycota,Pezizomycotina_cls_Incertae_sedis,Pezizomycotina_ord_Incertae_sedis,Pezizomycotina_fam_Incertae_sedis,Triscelophorus,Triscelophorus_sp;sh__SH0150251.10FU,jrk09059,Ascomycota,Dothideomycetes,Dothideomycetes order incertae sedis,Dothideomycetes family incertae sedis,,foliar_endophyte,litter_saprotroph,,foliar_endophyte,,leaf/fruit/seed,,non-aquatic,,,filamentous_mycelium,none,,,,,
Ascomycota,Dothideomycetes,Capnodiales,Capnodiales_fam_Incertae_sedis,Capnodiales_gen_Incertae_sedis,Capnodiales_sp;sh__SH0183512.10FU,NA,NA,NA,NA,NA,NA,NA,NA,NA,NA,NA,NA,NA,NA,NA,NA,NA,NA,NA,NA,NA,NA,NA
Basidiomycota,Agaricomycetes,Russulales,Russulaceae,Lactarius,Lactarius_pallidus;sh__SH0155003.10FU,jrk04429,Basidiomycota,Agaricomycetes,Russulales,Russulaceae,,ectomycorrhizal,,,,,,,non-aquatic,,,filamentous_mycelium,agaricoid,gills,medium-distance_smooth,/russula-lactarius,,
Basidiomycota,Agaricomycetes,Thelephorales,Thelephoraceae,Tomentella,Tomentella_sp;sh__SH0126797.10FU,jrk08875,Basidiomycota,Agaricomycetes,Thelephorales,Thelephoraceae,,ectomycorrhizal,,,,,,,non-aquatic,,,filamentous_mycelium,corticioid,smooth,medium-distance_smooth,/tomentella-thelephora,,
Basidiomycota,Agaricomycetes,Hymenochaetales,Schizoporaceae,Hyphodontia,Hyphodontia_sp;sh__SH0091191.10FU,jrk04032,Basidiomycota,Agaricomycetes,Hymenochaetales,Schizoporaceae,,wood_saprotroph,,,,,wood,white_rot,non-aquatic,,,filamentous_mycelium,corticioid,smooth,,,,
Ascomycota,Pezizomycotina_cls_Incertae_sedis,Pezizomycotina_ord_Incertae_sedis,Pezizomycotina_fam_Incertae_sedis,Triscelophorus,Triscelophorus_sp;sh__SH0147827.10FU,jrk09059,Ascomycota,Dothideomycetes,Dothideomycetes order incertae sedis,Dothideomycetes family incertae sedis,,foliar_endophyte,litter_saprotroph,,foliar_endophyte,,leaf/fruit/seed,,non-aquatic,,,filamentous_mycelium,none,,,,,
Ascomycota,NA,NA,NA,NA,NA,NA,NA,NA,NA,NA,NA,NA,NA,NA,NA,NA,NA,NA,NA,NA,NA,NA,NA,NA,NA,NA,NA,NA
Ascomycota,Eurotiomycetes,Chaetothyriales,Herpotrichiellaceae,Herpotrichiellaceae_gen_Incertae_sedis,Herpotrichiellaceae_sp;sh__SH0013516.10FU,NA,NA,NA,NA,NA,NA,NA,NA,NA,NA,NA,NA,NA,NA,NA,NA,NA,NA,NA,NA,NA,NA,NA
Fungi_phy_Incertae_sedis,Fungi_cls_Incertae_sedis,Fungi_ord_Incertae_sedis,Fungi_fam_Incertae_sedis,Fungi_gen_Incertae_sedis,Fungi_sp;sh__SH0137450.10FU,NA,NA,NA,NA,NA,NA,NA,NA,NA,NA,NA,NA,NA,NA,NA,NA,NA,NA,NA,NA,NA,NA,NA
Ascomycota,Pezizomycotina_cls_Incertae_sedis,Pezizomycotina_ord_Incertae_sedis,Pezizomycotina_fam_Incertae_sedis,Triscelophorus,Triscelophorus_sp;sh__SH0150252.10FU,jrk09059,Ascomycota,Dothideomycetes,Dothideomycetes order incertae sedis,Dothideomycetes family incertae sedis,,foliar_endophyte,litter_saprotroph,,foliar_endophyte,,leaf/fruit/seed,,non-aquatic,,,filamentous_mycelium,none,,,,,
Basidiomycota,Agaricomycetes,Agaricomycetes_ord_Incertae_sedis,Agaricomycetes_fam_Incertae_sedis,Agaricomycetes_gen_Incertae_sedis,Agaricomycetes_sp;sh__SH0147594.10FU,NA,NA,NA,NA,NA,NA,NA,NA,NA,NA,NA,NA,NA,NA,NA,NA,NA,NA,NA,NA,NA,NA,NA
Ascomycota,Eurotiomycetes,Eurotiales,Trichocomaceae,NA,NA,NA,NA,NA,NA,NA,NA,NA,NA,NA,NA,NA,NA,NA,NA,NA,NA,NA,NA,NA,NA,NA,NA,NA
Ascomycota,Pezizomycotina_cls_Incertae_sedis,Pezizomycotina_ord_Incertae_sedis,Pezizomycotina_fam_Incertae_sedis,Triscelophorus,Triscelophorus_sp;sh__SH0147815.10FU,jrk09059,Ascomycota,Dothideomycetes,Dothideomycetes order incertae sedis,Dothideomycetes family incertae sedis,,foliar_endophyte,litter_saprotroph,,foliar_endophyte,,leaf/fruit/seed,,non-aquatic,,,filamentous_mycelium,none,,,,,
Basidiomycota,Agaricomycetes,Agaricales,Entolomataceae,Entoloma,NA,jrk02963,Basidiomycota,Agaricomycetes,Agaricales,Entolomataceae,,soil_saprotroph,unspecified_symbiotroph,"CHEGD_symbiotrophs,ectomycorrhizal_ca_10%_of_species",root-associated,root-associated,"roots,soil",,non-aquatic,,,filamentous_mycelium,agaricoid,gills,medium-distance_smooth,/entoloma,,
Basidiomycota,Agaricomycetes,Sebacinales,Serendipitaceae,Serendipita,Serendipita_sp;sh__SH0003272.10FU,jrk08004,Basidiomycota,Agaricomycetes,Sebacinales,Serendipitaceae,,root_endophyte,soil_saprotroph,ectomycorrhizal_1%_species/ericoid_mycorrhizal_many_species/orchid_mycorrhizal,root_endophyte,,soil,,non-aquatic,,,filamentous_mycelium,none,none,,,,
Mucoromycota,Mucoromycetes,Mucorales,Cunninghamellaceae,Absidia,Absidia_cylindrospora;sh__SH0030150.10FU,jrk00010,Mucoromycota,Mucoromycetes,Mucorales,Cunninghamellaceae,,soil_saprotroph,,,,,soil,mold,partly_aquatic,,,filamentous_mycelium,none,none,,,,
Basidiomycota,Microbotryomycetes,Microbotryomycetes_ord_Incertae_sedis,Microbotryomycetes_fam_Incertae_sedis,Oberwinklerozyma,Oberwinklerozyma_yarrowii;sh__SH0156873.10FU,jrk05835,Basidiomycota,Microbotryomycetes,Microbotryomycetes order incertae sedis,Microbotryomycetes family incertae sedis,,unspecified_saprotroph,epiphyte,,,,,,non-aquatic,,,yeast,none,none,,,,
NA,NA,NA,NA,NA,NA,NA,NA,NA,NA,NA,NA,NA,NA,NA,NA,NA,NA,NA,NA,NA,NA,NA,NA,NA,NA,NA,NA,NA
Ascomycota,Leotiomycetes,Helotiales,Helotiales_fam_Incertae_sedis,Helotiales_gen_Incertae_sedis,Helotiales_sp,NA,NA,NA,NA,NA,NA,NA,NA,NA,NA,NA,NA,NA,NA,NA,NA,NA,NA,NA,NA,NA,NA,NA
Ascomycota,Sordariomycetes,Hypocreales,Bionectriaceae,Bryocentria,Bryocentria_sp;sh__SH0099722.10FU,jrk01208,Ascomycota,Sordariomycetes,Hypocreales,Bionectriaceae,,litter_saprotroph,bryophilous,,,,leaf/fruit/seed,,non-aquatic,,,filamentous_mycelium,"perithecium_(hymenium_hidden,_narrow_opening)",closed,,,,
Basidiomycota,Agaricomycetes,Agaricales,Clavariaceae,Clavulinopsis,Clavulinopsis_sp;sh__SH0054118.10FU,jrk01853,Basidiomycota,Agaricomycetes,Agaricales,Clavariaceae,,soil_saprotroph,unspecified_symbiotroph,CHEGD_symbiotrophs,root-associated,root-associated,"roots,soil",,non-aquatic,,,filamentous_mycelium,clavarioid,smooth,,,,
Chytridiomycota,Spizellomycetes,Spizellomycetales,Spizellomycetaceae,Spizellomycetaceae_gen_Incertae_sedis,Spizellomycetaceae_sp;sh__SH0011217.10FU,NA,NA,NA,NA,NA,NA,NA,NA,NA,NA,NA,NA,NA,NA,NA,NA,NA,NA,NA,NA,NA,NA,NA
Basidiomycota,Agaricomycetes,Cantharellales,Ceratobasidiaceae,Ceratobasidium,Ceratobasidium_sp;sh__SH0171830.10FU,jrk01540,Basidiomycota,Agaricomycetes,Cantharellales,Ceratobasidiaceae,,plant_pathogen,litter_saprotroph,ectomycorrhizal_1%_of_species/Orchid_Mycorrhizal_most_species,,leaf/fruit/seed_pathogen,"leaf/fruit/seed,roots,soil",,non-aquatic,,,filamentous_mycelium,corticioid,smooth,,,,
Basidiomycota,Tremellomycetes,Trichosporonales,Tetragoniomycetaceae,Tetragoniomycetaceae_gen_Incertae_sedis,Tetragoniomycetaceae_sp,NA,NA,NA,NA,NA,NA,NA,NA,NA,NA,NA,NA,NA,NA,NA,NA,NA,NA,NA,NA,NA,NA,NA
Ascomycota,Eurotiomycetes,Onygenales,Onygenaceae,Onygenaceae_gen_Incertae_sedis,Onygenaceae_sp;sh__SH0095116.10FU,NA,NA,NA,NA,NA,NA,NA,NA,NA,NA,NA,NA,NA,NA,NA,NA,NA,NA,NA,NA,NA,NA,NA
Glomeromycota,Glomeromycetes,Entrophosporales,Entrophosporaceae,Claroideoglomus,Claroideoglomus_claroideum;sh__SH0185763.10FU,jrk01817,Glomeromycota,Glomeromycetes,Glomerales,Claroideoglomeraceae,,arbuscular_mycorrhizal,root-associated,,root_endophyte,,,,,,,filamentous_mycelium,none,none,,,,
Mucoromycota,Umbelopsidomycetes,Umbelopsidales,Umbelopsidaceae,Umbelopsis,Umbelopsis_sp;sh__SH0009086.10FU,jrk09156,Mucoromycota,Umbelopsidomycetes,Umbelopsidales,Umbelopsidaceae,,soil_saprotroph,root-associated,,root-associated,root-associated,"roots,soil",mold,non-aquatic,,,filamentous_mycelium,none,none,,,,
Kickxellomycota,Ramicandelaberomycetes,Ramicandelaberales,Ramicandelaberales_fam_Incertae_sedis,Ramicandelaberales_gen_Incertae_sedis,Ramicandelaberales_sp;sh__SH0006838.10FU,NA,NA,NA,NA,NA,NA,NA,NA,NA,NA,NA,NA,NA,NA,NA,NA,NA,NA,NA,NA,NA,NA,NA
NA,NA,NA,NA,NA,NA,NA,NA,NA,NA,NA,NA,NA,NA,NA,NA,NA,NA,NA,NA,NA,NA,NA,NA,NA,NA,NA,NA,NA
Ascomycota,Eurotiomycetes,Chaetothyriales,NA,NA,NA,NA,NA,NA,NA,NA,NA,NA,NA,NA,NA,NA,NA,NA,NA,NA,NA,NA,NA,NA,NA,NA,NA,NA
Mortierellomycota,Mortierellomycetes,Mortierellales,Mortierellaceae,Mortierella,Mortierella_sp;sh__SH0154852.10FU,jrk05302,Mortierellomycota,Mortierellomycetes,Mortierellales,Mortierellaceae,,soil_saprotroph,root-associated,,root-associated,root-associated,"roots,soil",chitinolytic,partly_aquatic,opportunistic_human_parasite,,filamentous_mycelium,none,none,,,,
Rozellomycota,Rozellomycota_cls_Incertae_sedis,Rozellomycota_ord_Incertae_sedis,Rozellomycota_fam_Incertae_sedis,Rozellomycota_gen_Incertae_sedis,Rozellomycota_sp;sh__SH0070467.10FU,NA,NA,NA,NA,NA,NA,NA,NA,NA,NA,NA,NA,NA,NA,NA,NA,NA,NA,NA,NA,NA,NA,NA
Ascomycota,Leotiomycetes,Helotiales,Hyaloscyphaceae,Hyalopeziza,Hyalopeziza_nectrioidea;sh__SH0142875.10FU,jrk03955,Ascomycota,Leotiomycetes,Helotiales,Hyaloscyphaceae,,litter_saprotroph,,,,,leaf/fruit/seed,,partly_freshwater_(partly_non-aquatic),,,filamentous_mycelium,apothecium_(hymenium_on_surface),smooth,,,,
Fungi_phy_Incertae_sedis,Fungi_cls_Incertae_sedis,Fungi_ord_Incertae_sedis,Fungi_fam_Incertae_sedis,Fungi_gen_Incertae_sedis,Fungi_sp;sh__SH0180371.10FU,NA,NA,NA,NA,NA,NA,NA,NA,NA,NA,NA,NA,NA,NA,NA,NA,NA,NA,NA,NA,NA,NA,NA
Basidiomycota,Agaricomycetes,Agaricales,Cortinariaceae,Cortinarius,NA,jrk02100,Basidiomycota,Agaricomycetes,Agaricales,Cortinariaceae,,ectomycorrhizal,,,,,,,non-aquatic,,,filamentous_mycelium,agaricoid,gills,medium-distance_fringe,/cortinarius,,
Ascomycota,Lecanoromycetes,Lecanorales,Cladoniaceae,Lepraria,Lepraria_elobata;sh__SH0026250.10FU,jrk04590,Ascomycota,Lecanoromycetes,Lecanorales,Cladoniaceae,,lichenized,,,,,,,non-aquatic,,,thallus_photosynthetic,none,none,,,chlorococcoid,
Rozellomycota,Rozellomycota_cls_Incertae_sedis,Rozellomycota_ord_Incertae_sedis,Rozellomycota_fam_Incertae_sedis,Rozellomycota_gen_Incertae_sedis,Rozellomycota_sp;sh__SH0187278.10FU,NA,NA,NA,NA,NA,NA,NA,NA,NA,NA,NA,NA,NA,NA,NA,NA,NA,NA,NA,NA,NA,NA,NA
NA,NA,NA,NA,NA,NA,NA,NA,NA,NA,NA,NA,NA,NA,NA,NA,NA,NA,NA,NA,NA,NA,NA,NA,NA,NA,NA,NA,NA
Ascomycota,Pezizomycotina_cls_Incertae_sedis,Pezizomycotina_ord_Incertae_sedis,Pezizomycotina_fam_Incertae_sedis,Triscelophorus,Triscelophorus_sp,jrk09059,Ascomycota,Dothideomycetes,Dothideomycetes order incertae sedis,Dothideomycetes family incertae sedis,,foliar_endophyte,litter_saprotroph,,foliar_endophyte,,leaf/fruit/seed,,non-aquatic,,,filamentous_mycelium,none,,,,,
Basidiomycota,Agaricomycetes,Thelephorales,Bankeraceae,Hydnellum,Hydnellum_concrescens;sh__SH0013733.10FU,jrk03977,Basidiomycota,Agaricomycetes,Thelephorales,Bankeraceae,,ectomycorrhizal,,,,,,,non-aquatic,,,filamentous_mycelium,agaricoid,hydnoid,mat,/hydnellum-sarcodon,,
Basidiomycota,Agaricomycetes,Agaricales,Inocybaceae,Inocybe,Inocybe_occulta;sh__SH0193584.10FU,jrk04145,Basidiomycota,Agaricomycetes,Agaricales,Inocybaceae,,ectomycorrhizal,,,,,,,non-aquatic,,,filamentous_mycelium,agaricoid,gills,short-distance_delicate,/inocybe,,
NA,NA,NA,NA,NA,NA,NA,NA,NA,NA,NA,NA,NA,NA,NA,NA,NA,NA,NA,NA,NA,NA,NA,NA,NA,NA,NA,NA,NA
Ascomycota,Leotiomycetes,Helotiales,Helotiales_fam_Incertae_sedis,Helotiales_gen_Incertae_sedis,Helotiales_sp;sh__SH0134779.10FU,NA,NA,NA,NA,NA,NA,NA,NA,NA,NA,NA,NA,NA,NA,NA,NA,NA,NA,NA,NA,NA,NA,NA
Basidiomycota,Basidiomycota_cls_Incertae_sedis,Basidiomycota_ord_Incertae_sedis,Basidiomycota_fam_Incertae_sedis,Basidiomycota_gen_Incertae_sedis,Basidiomycota_sp;sh__SH0073870.10FU,NA,NA,NA,NA,NA,NA,NA,NA,NA,NA,NA,NA,NA,NA,NA,NA,NA,NA,NA,NA,NA,NA,NA
Rozellomycota,Rozellomycota_cls_Incertae_sedis,Rozellomycota_ord_Incertae_sedis,Rozellomycota_fam_Incertae_sedis,Rozellomycota_gen_Incertae_sedis,Rozellomycota_sp;sh__SH0009046.10FU,NA,NA,NA,NA,NA,NA,NA,NA,NA,NA,NA,NA,NA,NA,NA,NA,NA,NA,NA,NA,NA,NA,NA
Ascomycota,NA,NA,NA,NA,NA,NA,NA,NA,NA,NA,NA,NA,NA,NA,NA,NA,NA,NA,NA,NA,NA,NA,NA,NA,NA,NA,NA,NA
Fungi_phy_Incertae_sedis,Fungi_cls_Incertae_sedis,Fungi_ord_Incertae_sedis,Fungi_fam_Incertae_sedis,Fungi_gen_Incertae_sedis,Fungi_sp;sh__SH0013627.10FU,NA,NA,NA,NA,NA,NA,NA,NA,NA,NA,NA,NA,NA,NA,NA,NA,NA,NA,NA,NA,NA,NA,NA
NA,NA,NA,NA,NA,NA,NA,NA,NA,NA,NA,NA,NA,NA,NA,NA,NA,NA,NA,NA,NA,NA,NA,NA,NA,NA,NA,NA,NA
NA,NA,NA,NA,NA,NA,NA,NA,NA,NA,NA,NA,NA,NA,NA,NA,NA,NA,NA,NA,NA,NA,NA,NA,NA,NA,NA,NA,NA
NA,NA,NA,NA,NA,NA,NA,NA,NA,NA,NA,NA,NA,NA,NA,NA,NA,NA,NA,NA,NA,NA,NA,NA,NA,NA,NA,NA,NA
NA,NA,NA,NA,NA,NA,NA,NA,NA,NA,NA,NA,NA,NA,NA,NA,NA,NA,NA,NA,NA,NA,NA,NA,NA,NA,NA,NA,NA
NA,NA,NA,NA,NA,NA,NA,NA,NA,NA,NA,NA,NA,NA,NA,NA,NA,NA,NA,NA,NA,NA,NA,NA,NA,NA,NA,NA,NA
NA,NA,NA,NA,NA,NA,NA,NA,NA,NA,NA,NA,NA,NA,NA,NA,NA,NA,NA,NA,NA,NA,NA,NA,NA,NA,NA,NA,NA
Ascomycota,Eurotiomycetes,Chaetothyriales,Herpotrichiellaceae,Herpotrichiellaceae_gen_Incertae_sedis,Herpotrichiellaceae_sp;sh__SH0062369.10FU,NA,NA,NA,NA,NA,NA,NA,NA,NA,NA,NA,NA,NA,NA,NA,NA,NA,NA,NA,NA,NA,NA,NA
Ascomycota,Eurotiomycetes,Onygenales,Onygenaceae,NA,NA,NA,NA,NA,NA,NA,NA,NA,NA,NA,NA,NA,NA,NA,NA,NA,NA,NA,NA,NA,NA,NA,NA,NA
Rozellomycota,Rozellomycota_cls_Incertae_sedis,Rozellomycota_ord_Incertae_sedis,Rozellomycota_fam_Incertae_sedis,Rozellomycota_gen_Incertae_sedis,Rozellomycota_sp;sh__SH0008560.10FU,NA,NA,NA,NA,NA,NA,NA,NA,NA,NA,NA,NA,NA,NA,NA,NA,NA,NA,NA,NA,NA,NA,NA
Fungi_phy_Incertae_sedis,Fungi_cls_Incertae_sedis,Fungi_ord_Incertae_sedis,Fungi_fam_Incertae_sedis,Fungi_gen_Incertae_sedis,Fungi_sp;sh__SH0156167.10FU,NA,NA,NA,NA,NA,NA,NA,NA,NA,NA,NA,NA,NA,NA,NA,NA,NA,NA,NA,NA,NA,NA,NA
Basidiomycota,Cystobasidiomycetes,Erythrobasidiales,Erythrobasidiales_fam_Incertae_sedis,Erythrobasidiales_gen_Incertae_sedis,Erythrobasidiales_sp;sh__SH0077863.10FU,NA,NA,NA,NA,NA,NA,NA,NA,NA,NA,NA,NA,NA,NA,NA,NA,NA,NA,NA,NA,NA,NA,NA
Basidiomycota,Agaricomycetes,Agaricales,Stephanosporaceae,Stephanosporaceae_gen_Incertae_sedis,Stephanosporaceae_sp;sh__SH0007564.10FU,NA,NA,NA,NA,NA,NA,NA,NA,NA,NA,NA,NA,NA,NA,NA,NA,NA,NA,NA,NA,NA,NA,NA
Ascomycota,Leotiomycetes,NA,NA,NA,NA,NA,NA,NA,NA,NA,NA,NA,NA,NA,NA,NA,NA,NA,NA,NA,NA,NA,NA,NA,NA,NA,NA,NA
NA,NA,NA,NA,NA,NA,NA,NA,NA,NA,NA,NA,NA,NA,NA,NA,NA,NA,NA,NA,NA,NA,NA,NA,NA,NA,NA,NA,NA
Ascomycota,Pezizomycotina_cls_Incertae_sedis,Pezizomycotina_ord_Incertae_sedis,Pezizomycotina_fam_Incertae_sedis,Triscelophorus,Triscelophorus_sp;sh__SH0108289.10FU,jrk09059,Ascomycota,Dothideomycetes,Dothideomycetes order incertae sedis,Dothideomycetes family incertae sedis,,foliar_endophyte,litter_saprotroph,,foliar_endophyte,,leaf/fruit/seed,,non-aquatic,,,filamentous_mycelium,none,,,,,
Basidiobolomycota,Basidiobolomycota_cls_Incertae_sedis,Basidiobolomycota_ord_Incertae_sedis,Basidiobolomycota_fam_Incertae_sedis,Basidiobolomycota_gen_Incertae_sedis,Basidiobolomycota_sp;sh__SH0148538.10FU,NA,NA,NA,NA,NA,NA,NA,NA,NA,NA,NA,NA,NA,NA,NA,NA,NA,NA,NA,NA,NA,NA,NA
Ascomycota,Eurotiomycetes,Chaetothyriales,Chaetothyriales_fam_Incertae_sedis,Chaetothyriales_gen_Incertae_sedis,Chaetothyriales_sp;sh__SH0062378.10FU,NA,NA,NA,NA,NA,NA,NA,NA,NA,NA,NA,NA,NA,NA,NA,NA,NA,NA,NA,NA,NA,NA,NA
NA,NA,NA,NA,NA,NA,NA,NA,NA,NA,NA,NA,NA,NA,NA,NA,NA,NA,NA,NA,NA,NA,NA,NA,NA,NA,NA,NA,NA
Ascomycota,Leotiomycetes,NA,NA,NA,NA,NA,NA,NA,NA,NA,NA,NA,NA,NA,NA,NA,NA,NA,NA,NA,NA,NA,NA,NA,NA,NA,NA,NA
NA,NA,NA,NA,NA,NA,NA,NA,NA,NA,NA,NA,NA,NA,NA,NA,NA,NA,NA,NA,NA,NA,NA,NA,NA,NA,NA,NA,NA
NA,NA,NA,NA,NA,NA,NA,NA,NA,NA,NA,NA,NA,NA,NA,NA,NA,NA,NA,NA,NA,NA,NA,NA,NA,NA,NA,NA,NA
Basidiomycota,Agaricomycetes,Agaricales,Clavariaceae,Clavariaceae_gen_Incertae_sedis,Clavariaceae_sp;sh__SH0087845.10FU,NA,NA,NA,NA,NA,NA,NA,NA,NA,NA,NA,NA,NA,NA,NA,NA,NA,NA,NA,NA,NA,NA,NA
Basidiomycota,Agaricomycetes,Agaricales,Entolomataceae,Entoloma,Entoloma_fernandae;sh__SH0063999.10FU,jrk02963,Basidiomycota,Agaricomycetes,Agaricales,Entolomataceae,,soil_saprotroph,unspecified_symbiotroph,"CHEGD_symbiotrophs,ectomycorrhizal_ca_10%_of_species",root-associated,root-associated,"roots,soil",,non-aquatic,,,filamentous_mycelium,agaricoid,gills,medium-distance_smooth,/entoloma,,
Ascomycota,Eurotiomycetes,Chaetothyriales,Chaetothyriales_fam_Incertae_sedis,Chaetothyriales_gen_Incertae_sedis,Chaetothyriales_sp;sh__SH0062378.10FU,NA,NA,NA,NA,NA,NA,NA,NA,NA,NA,NA,NA,NA,NA,NA,NA,NA,NA,NA,NA,NA,NA,NA
Ascomycota,Leotiomycetes,Helotiales,Helotiales_fam_Incertae_sedis,Helotiales_gen_Incertae_sedis,Helotiales_sp;sh__SH0133288.10FU,NA,NA,NA,NA,NA,NA,NA,NA,NA,NA,NA,NA,NA,NA,NA,NA,NA,NA,NA,NA,NA,NA,NA
Ascomycota,Pezizomycotina_cls_Incertae_sedis,Pezizomycotina_ord_Incertae_sedis,Pezizomycotina_fam_Incertae_sedis,Triscelophorus,Triscelophorus_sp;sh__SH0180497.10FU,jrk09059,Ascomycota,Dothideomycetes,Dothideomycetes order incertae sedis,Dothideomycetes family incertae sedis,,foliar_endophyte,litter_saprotroph,,foliar_endophyte,,leaf/fruit/seed,,non-aquatic,,,filamentous_mycelium,none,,,,,
Basidiomycota,Agaricomycetes,Boletales,Boletaceae,Leccinum,Leccinum_variicolor;sh__SH0175607.10FU,jrk04527,Basidiomycota,Agaricomycetes,Boletales,Boletaceae,,ectomycorrhizal,,,,,,,non-aquatic,,,filamentous_mycelium,agaricoid,poroid,long-distance,/boletus,,
Basidiomycota,Agaricomycetes,Cantharellales,Cantharellales_fam_Incertae_sedis,Cantharellales_gen_Incertae_sedis,Cantharellales_sp;sh__SH0184505.10FU,NA,NA,NA,NA,NA,NA,NA,NA,NA,NA,NA,NA,NA,NA,NA,NA,NA,NA,NA,NA,NA,NA,NA
Basidiomycota,Agaricomycetes,Sebacinales,Serendipitaceae,Serendipita,Serendipita_sp,jrk08004,Basidiomycota,Agaricomycetes,Sebacinales,Serendipitaceae,,root_endophyte,soil_saprotroph,ectomycorrhizal_1%_species/ericoid_mycorrhizal_many_species/orchid_mycorrhizal,root_endophyte,,soil,,non-aquatic,,,filamentous_mycelium,none,none,,,,
Ascomycota,Archaeorhizomycetes,Archaeorhizomycetales,Archaeorhizomycetales_fam_Incertae_sedis,Archaeorhizomycetales_gen_Incertae_sedis,Archaeorhizomycetales_sp;sh__SH0177121.10FU,NA,NA,NA,NA,NA,NA,NA,NA,NA,NA,NA,NA,NA,NA,NA,NA,NA,NA,NA,NA,NA,NA,NA
Glomeromycota,Glomeromycetes,Glomerales,Glomeraceae,NA,NA,NA,NA,NA,NA,NA,NA,NA,NA,NA,NA,NA,NA,NA,NA,NA,NA,NA,NA,NA,NA,NA,NA,NA
NA,NA,NA,NA,NA,NA,NA,NA,NA,NA,NA,NA,NA,NA,NA,NA,NA,NA,NA,NA,NA,NA,NA,NA,NA,NA,NA,NA,NA
Ascomycota,Leotiomycetes,Helotiales,NA,NA,NA,NA,NA,NA,NA,NA,NA,NA,NA,NA,NA,NA,NA,NA,NA,NA,NA,NA,NA,NA,NA,NA,NA,NA
Ascomycota,Dothideomycetes,Pleosporales,Pleosporaceae,NA,NA,NA,NA,NA,NA,NA,NA,NA,NA,NA,NA,NA,NA,NA,NA,NA,NA,NA,NA,NA,NA,NA,NA,NA
Basidiomycota,Agaricomycetes,Agaricales,Agaricaceae,Lepiota,Lepiota_spheniscispora;sh__SH0137055.10FU,jrk04584,Basidiomycota,Agaricomycetes,Agaricales,Agaricaceae,,litter_saprotroph,,,,,leaf/fruit/seed,,non-aquatic,,,filamentous_mycelium,agaricoid,gills,,,,
Basidiomycota,Tremellomycetes,Trichosporonales,Trichosporonaceae,Apiotrichum,Apiotrichum_gracile;sh__SH0081499.10FU,jrk00502,Basidiomycota,Tremellomycetes,Trichosporonales,Trichosporonaceae,,soil_saprotroph,,,,,soil,,partly_aquatic,,,yeast,none,none,,,,
Ascomycota,Dothideomycetes,Mycosphaerellales,Dissoconiaceae,Ramichloridium,Ramichloridium_luteum;sh__SH0133474.10FU,jrk07441,Ascomycota,Dothideomycetes,Capnodiales,Dissoconiaceae,,plant_pathogen,litter_saprotroph,,,leaf/fruit/seed_pathogen,leaf/fruit/seed,,partly_aquatic,animal_parasite/opportunistic_human_parasite,,filamentous_mycelium,"perithecium_(hymenium_hidden,_narrow_opening)",closed,,,,
Ascomycota,Leotiomycetes,NA,NA,NA,NA,NA,NA,NA,NA,NA,NA,NA,NA,NA,NA,NA,NA,NA,NA,NA,NA,NA,NA,NA,NA,NA,NA,NA
Basidiomycota,Agaricomycetes,Agaricales,Agaricales_fam_Incertae_sedis,Agaricales_gen_Incertae_sedis,Agaricales_sp;sh__SH0053808.10FU,NA,NA,NA,NA,NA,NA,NA,NA,NA,NA,NA,NA,NA,NA,NA,NA,NA,NA,NA,NA,NA,NA,NA
Ascomycota,Dothideomycetes,Mycosphaerellales,Teratosphaeriaceae,Penidiella,NA,jrk06288,Ascomycota,Dothideomycetes,Capnodiales,Teratosphaeriaceae,,plant_pathogen,litter_saprotroph,,,leaf/fruit/seed_pathogen,leaf/fruit/seed,,non-aquatic,,,filamentous_mycelium,"perithecium_(hymenium_hidden,_narrow_opening)",closed,,,,
Ascomycota,Dothideomycetes,Microthyriales,Microthyriaceae,Pseudopenidiella,Pseudopenidiella_podocarpi;sh__SH0016554.10FU,jrk07158,Ascomycota,Dothideomycetes,Microthyriales,Microthyriaceae,,litter_saprotroph,,,,,leaf/fruit/seed,,non-aquatic,,,filamentous_mycelium,"perithecium_(hymenium_hidden,_narrow_opening)",closed,,,,
Ascomycota,Leotiomycetes,Leotiomycetes_ord_Incertae_sedis,Leotiomycetes_fam_Incertae_sedis,Leotiomycetes_gen_Incertae_sedis,Leotiomycetes_sp;sh__SH0051108.10FU,NA,NA,NA,NA,NA,NA,NA,NA,NA,NA,NA,NA,NA,NA,NA,NA,NA,NA,NA,NA,NA,NA,NA
Basidiomycota,Agaricomycetes,Agaricomycetes_ord_Incertae_sedis,Agaricomycetes_fam_Incertae_sedis,Agaricomycetes_gen_Incertae_sedis,Agaricomycetes_sp;sh__SH0109431.10FU,NA,NA,NA,NA,NA,NA,NA,NA,NA,NA,NA,NA,NA,NA,NA,NA,NA,NA,NA,NA,NA,NA,NA
NA,NA,NA,NA,NA,NA,NA,NA,NA,NA,NA,NA,NA,NA,NA,NA,NA,NA,NA,NA,NA,NA,NA,NA,NA,NA,NA,NA,NA
Ascomycota,NA,NA,NA,NA,NA,NA,NA,NA,NA,NA,NA,NA,NA,NA,NA,NA,NA,NA,NA,NA,NA,NA,NA,NA,NA,NA,NA,NA
Basidiomycota,Agaricomycetes,Agaricales,Entolomataceae,Entoloma,Entoloma_fuscotomentosum;sh__SH0001682.10FU,jrk02963,Basidiomycota,Agaricomycetes,Agaricales,Entolomataceae,,soil_saprotroph,unspecified_symbiotroph,"CHEGD_symbiotrophs,ectomycorrhizal_ca_10%_of_species",root-associated,root-associated,"roots,soil",,non-aquatic,,,filamentous_mycelium,agaricoid,gills,medium-distance_smooth,/entoloma,,
Ascomycota,Leotiomycetes,Helotiales,Cenangiaceae,Crumenulopsis,Crumenulopsis_sororia;sh__SH0129915.10FU,jrk02174,Ascomycota,Leotiomycetes,Helotiales,Cenangiaceae,,plant_pathogen,,,,leaf/fruit/seed_pathogen,,,non-aquatic,,,filamentous_mycelium,apothecium_(hymenium_on_surface),smooth,,,,
Basidiomycota,Tremellomycetes,Tremellales,Tremellales_fam_Incertae_sedis,Tremellales_gen_Incertae_sedis,Tremellales_sp;sh__SH0185731.10FU,NA,NA,NA,NA,NA,NA,NA,NA,NA,NA,NA,NA,NA,NA,NA,NA,NA,NA,NA,NA,NA,NA,NA
NA,NA,NA,NA,NA,NA,NA,NA,NA,NA,NA,NA,NA,NA,NA,NA,NA,NA,NA,NA,NA,NA,NA,NA,NA,NA,NA,NA,NA
Ascomycota,NA,NA,NA,NA,NA,NA,NA,NA,NA,NA,NA,NA,NA,NA,NA,NA,NA,NA,NA,NA,NA,NA,NA,NA,NA,NA,NA,NA
Ascomycota,Leotiomycetes,Helotiales,Hyaloscyphaceae,NA,NA,NA,NA,NA,NA,NA,NA,NA,NA,NA,NA,NA,NA,NA,NA,NA,NA,NA,NA,NA,NA,NA,NA,NA
Ascomycota,Dothideomycetes,Microthyriales,Microthyriaceae,Pseudopenidiella,Pseudopenidiella_podocarpi;sh__SH0016554.10FU,jrk07158,Ascomycota,Dothideomycetes,Microthyriales,Microthyriaceae,,litter_saprotroph,,,,,leaf/fruit/seed,,non-aquatic,,,filamentous_mycelium,"perithecium_(hymenium_hidden,_narrow_opening)",closed,,,,
Rozellomycota,Rozellomycota_cls_Incertae_sedis,Rozellomycota_ord_Incertae_sedis,Rozellomycota_fam_Incertae_sedis,Rozellomycota_gen_Incertae_sedis,Rozellomycota_sp,NA,NA,NA,NA,NA,NA,NA,NA,NA,NA,NA,NA,NA,NA,NA,NA,NA,NA,NA,NA,NA,NA,NA
Basidiomycota,Agaricomycetes,Agaricales,Entolomataceae,Entoloma,Entoloma_cocles;sh__SH0017243.10FU,jrk02963,Basidiomycota,Agaricomycetes,Agaricales,Entolomataceae,,soil_saprotroph,unspecified_symbiotroph,"CHEGD_symbiotrophs,ectomycorrhizal_ca_10%_of_species",root-associated,root-associated,"roots,soil",,non-aquatic,,,filamentous_mycelium,agaricoid,gills,medium-distance_smooth,/entoloma,,
Ascomycota,Eurotiomycetes,Chaetothyriales,NA,NA,NA,NA,NA,NA,NA,NA,NA,NA,NA,NA,NA,NA,NA,NA,NA,NA,NA,NA,NA,NA,NA,NA,NA,NA
Fungi_phy_Incertae_sedis,Fungi_cls_Incertae_sedis,Fungi_ord_Incertae_sedis,Fungi_fam_Incertae_sedis,Fungi_gen_Incertae_sedis,Fungi_sp;sh__SH0193104.10FU,NA,NA,NA,NA,NA,NA,NA,NA,NA,NA,NA,NA,NA,NA,NA,NA,NA,NA,NA,NA,NA,NA,NA
Ascomycota,Sordariomycetes,Sordariomycetes_ord_Incertae_sedis,Sordariomycetes_fam_Incertae_sedis,Sordariomycetes_gen_Incertae_sedis,Sordariomycetes_sp;sh__SH0185613.10FU,NA,NA,NA,NA,NA,NA,NA,NA,NA,NA,NA,NA,NA,NA,NA,NA,NA,NA,NA,NA,NA,NA,NA
Mucoromycota,Endogonomycetes,GS22,GS22_fam_Incertae_sedis,GS22_gen_Incertae_sedis,GS22_sp;sh__SH0077790.10FU,NA,NA,NA,NA,NA,NA,NA,NA,NA,NA,NA,NA,NA,NA,NA,NA,NA,NA,NA,NA,NA,NA,NA
Basidiomycota,Agaricomycetes,NA,NA,NA,NA,NA,NA,NA,NA,NA,NA,NA,NA,NA,NA,NA,NA,NA,NA,NA,NA,NA,NA,NA,NA,NA,NA,NA
Chytridiomycota,Chytridiomycetes,Chytridiales,Chytridiales_fam_Incertae_sedis,Chytridiales_gen_Incertae_sedis,Chytridiales_sp;sh__SH0147411.10FU,NA,NA,NA,NA,NA,NA,NA,NA,NA,NA,NA,NA,NA,NA,NA,NA,NA,NA,NA,NA,NA,NA,NA
NA,NA,NA,NA,NA,NA,NA,NA,NA,NA,NA,NA,NA,NA,NA,NA,NA,NA,NA,NA,NA,NA,NA,NA,NA,NA,NA,NA,NA
Ascomycota,Leotiomycetes,Helotiales,NA,NA,NA,NA,NA,NA,NA,NA,NA,NA,NA,NA,NA,NA,NA,NA,NA,NA,NA,NA,NA,NA,NA,NA,NA,NA
Ascomycota,Orbiliomycetes,Orbiliales,Orbiliaceae,Amphosoma,Amphosoma_persooniae;sh__SH0196863.10FU,,Ascomycota,Orbiliomycetes,Orbiliales,Orbiliaceae,,wood_saprotroph,pollen_saprotroph,,,,"wood,pollen",,non-aquatic,,,filamentous_mycelium,apothecium_(hymenium_on_surface),smooth,,,,
Ascomycota,Eurotiomycetes,Onygenales,Onygenales_fam_Incertae_sedis,Onygenales_gen_Incertae_sedis,Onygenales_sp,NA,NA,NA,NA,NA,NA,NA,NA,NA,NA,NA,NA,NA,NA,NA,NA,NA,NA,NA,NA,NA,NA,NA
Ascomycota,Sordariomycetes,Hypocreales,Hypocreales_fam_Incertae_sedis,Hypocreales_gen_Incertae_sedis,Hypocreales_sp;sh__SH0004098.10FU,NA,NA,NA,NA,NA,NA,NA,NA,NA,NA,NA,NA,NA,NA,NA,NA,NA,NA,NA,NA,NA,NA,NA
Ascomycota,Sordariomycetes,Xylariales,Xylariales_fam_Incertae_sedis,Polyscytalum,Polyscytalum_neofecundissimum;sh__SH0179446.10FU,jrk06870,Ascomycota,Sordariomycetes,Xylariales,Xylariales family incertae sedis,,plant_pathogen,,,,leaf/fruit/seed_pathogen,,,,,,filamentous_mycelium,"perithecium_(hymenium_hidden,_narrow_opening)",closed,,,,
Basidiomycota,Agaricomycetes,Thelephorales,Thelephoraceae,Thelephora,Thelephora_pilosa;sh__SH0126125.10FU,jrk08781,Basidiomycota,Agaricomycetes,Thelephorales,Thelephoraceae,,ectomycorrhizal,,,,,,,non-aquatic,,,filamentous_mycelium,clavarioid,smooth,medium-distance_smooth,/tomentella-thelephora,,
Basidiomycota,Agaricomycetes,Russulales,Russulaceae,Lactifluus,Lactifluus_vellereus;sh__SH0171894.10FU,jrk04430,Basidiomycota,Agaricomycetes,Russulales,Russulaceae,,ectomycorrhizal,,,,,,,non-aquatic,,,filamentous_mycelium,agaricoid,gills,medium-distance_smooth,/russula-lactarius,,
Ascomycota,Leotiomycetes,Leotiales,Tympanidaceae,Tympanidaceae_gen_Incertae_sedis,Tympanidaceae_sp;sh__SH0144104.10FU,NA,NA,NA,NA,NA,NA,NA,NA,NA,NA,NA,NA,NA,NA,NA,NA,NA,NA,NA,NA,NA,NA,NA
Basidiomycota,NA,NA,NA,NA,NA,NA,NA,NA,NA,NA,NA,NA,NA,NA,NA,NA,NA,NA,NA,NA,NA,NA,NA,NA,NA,NA,NA,NA
Ascomycota,NA,NA,NA,NA,NA,NA,NA,NA,NA,NA,NA,NA,NA,NA,NA,NA,NA,NA,NA,NA,NA,NA,NA,NA,NA,NA,NA,NA
Ascomycota,Dothideomycetes,Pleosporales,Massarinaceae,Stagonospora,NA,jrk08317,Ascomycota,Dothideomycetes,Pleosporales,Massarinaceae,,plant_pathogen,,,,leaf/fruit/seed_pathogen,,,non-aquatic,,,filamentous_mycelium,other,,,,,
Basidiomycota,Agaricomycetes,Cantharellales,Hydnaceae,Sistotrema,Sistotrema_eximum;sh__SH0068094.10FU,jrk08105,Basidiomycota,Agaricomycetes,Cantharellales,Cantharellales family incertae sedis,,litter_saprotroph,,ectomycorrhizal_many_species,,,leaf/fruit/seed,,non-aquatic,,,filamentous_mycelium,corticioid,smooth,medium-distance_fringe,/cantharellus,,
Chytridiomycota,Rhizophydiomycetes,Rhizophydiales,Rhizophydiales_fam_Incertae_sedis,Rhizophydiales_gen_Incertae_sedis,Rhizophydiales_sp;sh__SH0193148.10FU,NA,NA,NA,NA,NA,NA,NA,NA,NA,NA,NA,NA,NA,NA,NA,NA,NA,NA,NA,NA,NA,NA,NA
Ascomycota,Leotiomycetes,Helotiales,Mollisiaceae,Phialocephala,Phialocephala_glacialis;sh__SH0083104.10FU,jrk06481,Ascomycota,Leotiomycetes,Helotiales,Mollisiaceae,,soil_saprotroph,root_endophyte,,root_endophyte_dark_septate,root-associated,"roots,soil",,non-aquatic,,,filamentous_mycelium,apothecium_(hymenium_on_surface),smooth,,,,
Mucoromycota,Endogonomycetes,GS21,GS21_fam_Incertae_sedis,GS21_gen_Incertae_sedis,GS21_sp,NA,NA,NA,NA,NA,NA,NA,NA,NA,NA,NA,NA,NA,NA,NA,NA,NA,NA,NA,NA,NA,NA,NA
Ascomycota,Orbiliomycetes,Orbiliales,Orbiliales_fam_Incertae_sedis,Orbiliales_gen_Incertae_sedis,Orbiliales_sp;sh__SH0148203.10FU,NA,NA,NA,NA,NA,NA,NA,NA,NA,NA,NA,NA,NA,NA,NA,NA,NA,NA,NA,NA,NA,NA,NA
Ascomycota,Leotiomycetes,Helotiales,Helotiales_fam_Incertae_sedis,Helotiales_gen_Incertae_sedis,Helotiales_sp,NA,NA,NA,NA,NA,NA,NA,NA,NA,NA,NA,NA,NA,NA,NA,NA,NA,NA,NA,NA,NA,NA,NA
Ascomycota,Dothideomycetes,Pleosporales,Cucurbitariaceae,Cucurbitariaceae_gen_Incertae_sedis,Cucurbitariaceae_sp;sh__SH0155442.10FU,NA,NA,NA,NA,NA,NA,NA,NA,NA,NA,NA,NA,NA,NA,NA,NA,NA,NA,NA,NA,NA,NA,NA
Ascomycota,Leotiomycetes,Helotiales,Pezizellaceae,NA,NA,NA,NA,NA,NA,NA,NA,NA,NA,NA,NA,NA,NA,NA,NA,NA,NA,NA,NA,NA,NA,NA,NA,NA
Ascomycota,Archaeorhizomycetes,Archaeorhizomycetales,Archaeorhizomycetaceae,Archaeorhizomyces,Archaeorhizomyces_sp;sh__SH0170210.10FU,jrk00567,Ascomycota,Archaeorhizomycetes,Archaeorhizomycetales,Archaeorhizomycetaceae,,soil_saprotroph,root-associated,,root-associated,root-associated,"roots,soil",,non-aquatic,,,filamentous_mycelium,none,none,,,,
Mucoromycota,Umbelopsidomycetes,Umbelopsidales,Umbelopsidaceae,Umbelopsis,Umbelopsis_sp;sh__SH0009100.10FU,jrk09156,Mucoromycota,Umbelopsidomycetes,Umbelopsidales,Umbelopsidaceae,,soil_saprotroph,root-associated,,root-associated,root-associated,"roots,soil",mold,non-aquatic,,,filamentous_mycelium,none,none,,,,
Ascomycota,NA,NA,NA,NA,NA,NA,NA,NA,NA,NA,NA,NA,NA,NA,NA,NA,NA,NA,NA,NA,NA,NA,NA,NA,NA,NA,NA,NA
Basidiomycota,Agaricomycetes,Agaricales,Mycenaceae,Mycena,Mycena_sp;sh__SH0149077.10FU,jrk05357,Basidiomycota,Agaricomycetes,Agaricales,Mycenaceae,,litter_saprotroph,root-associated,wood_saprotroph_many_species,root-associated,leaf/fruit/seed_pathogen,leaf/fruit/seed,,non-aquatic,,,filamentous_mycelium,agaricoid,gills,,,,
Basidiomycota,Agaricomycetes,Agaricales,Cortinariaceae,Cortinarius,NA,jrk02100,Basidiomycota,Agaricomycetes,Agaricales,Cortinariaceae,,ectomycorrhizal,,,,,,,non-aquatic,,,filamentous_mycelium,agaricoid,gills,medium-distance_fringe,/cortinarius,,
Basidiomycota,Agaricostilbomycetes,Agaricostilbales,Agaricostilbales_fam_Incertae_sedis,Agaricostilbales_gen_Incertae_sedis,Agaricostilbales_sp;sh__SH0189793.10FU,NA,NA,NA,NA,NA,NA,NA,NA,NA,NA,NA,NA,NA,NA,NA,NA,NA,NA,NA,NA,NA,NA,NA
Mortierellomycota,Mortierellomycetes,Mortierellales,Mortierellaceae,Linnemannia,Linnemannia_schmuckeri;sh__SH0154888.10FU,NA,NA,NA,NA,NA,NA,NA,NA,NA,NA,NA,NA,NA,NA,NA,NA,NA,NA,NA,NA,NA,NA,NA
Ascomycota,Sordariomycetes,Amphisphaeriales,Amphisphaeriales_fam_Incertae_sedis,Amphisphaeriales_gen_Incertae_sedis,Amphisphaeriales_sp;sh__SH0080266.10FU,NA,NA,NA,NA,NA,NA,NA,NA,NA,NA,NA,NA,NA,NA,NA,NA,NA,NA,NA,NA,NA,NA,NA
Ascomycota,Ascomycota_cls_Incertae_sedis,Ascomycota_ord_Incertae_sedis,Ascomycota_fam_Incertae_sedis,Ascomycota_gen_Incertae_sedis,Ascomycota_sp;sh__SH0051119.10FU,NA,NA,NA,NA,NA,NA,NA,NA,NA,NA,NA,NA,NA,NA,NA,NA,NA,NA,NA,NA,NA,NA,NA
Chytridiomycota,Spizellomycetes,Spizellomycetales,Spizellomycetales_fam_Incertae_sedis,Spizellomycetales_gen_Incertae_sedis,Spizellomycetales_sp;sh__SH0070905.10FU,NA,NA,NA,NA,NA,NA,NA,NA,NA,NA,NA,NA,NA,NA,NA,NA,NA,NA,NA,NA,NA,NA,NA
Ascomycota,Archaeorhizomycetes,Archaeorhizomycetales,Archaeorhizomycetaceae,Archaeorhizomyces,Archaeorhizomyces_sp;sh__SH0024006.10FU,jrk00567,Ascomycota,Archaeorhizomycetes,Archaeorhizomycetales,Archaeorhizomycetaceae,,soil_saprotroph,root-associated,,root-associated,root-associated,"roots,soil",,non-aquatic,,,filamentous_mycelium,none,none,,,,
Chytridiomycota,Rhizophydiomycetes,Rhizophydiales,Alphamycetaceae,Betamyces,Betamyces_sp;sh__SH0168699.10FU,jrk00998,Chytridiomycota,Rhizophydiomycetes,Rhizophydiales,Alphamycetaceae,,pollen_saprotroph,,,,,pollen,,partly_freshwater_(partly_non-aquatic),,,zoosporic-rhizomycelial_(chytrid-like),zoosporangium,closed,,,,
Basidiomycota,Agaricomycetes,Agaricales,Mycenaceae,Mycenaceae_gen_Incertae_sedis,Mycenaceae_sp;sh__SH0004821.10FU,NA,NA,NA,NA,NA,NA,NA,NA,NA,NA,NA,NA,NA,NA,NA,NA,NA,NA,NA,NA,NA,NA,NA
NA,NA,NA,NA,NA,NA,NA,NA,NA,NA,NA,NA,NA,NA,NA,NA,NA,NA,NA,NA,NA,NA,NA,NA,NA,NA,NA,NA,NA
Basidiomycota,Agaricomycetes,NA,NA,NA,NA,NA,NA,NA,NA,NA,NA,NA,NA,NA,NA,NA,NA,NA,NA,NA,NA,NA,NA,NA,NA,NA,NA,NA
Basidiomycota,Agaricomycetes,Agaricomycetes_ord_Incertae_sedis,Agaricomycetes_fam_Incertae_sedis,Agaricomycetes_gen_Incertae_sedis,Agaricomycetes_sp;sh__SH0085790.10FU,NA,NA,NA,NA,NA,NA,NA,NA,NA,NA,NA,NA,NA,NA,NA,NA,NA,NA,NA,NA,NA,NA,NA
Fungi_phy_Incertae_sedis,Fungi_cls_Incertae_sedis,Fungi_ord_Incertae_sedis,Fungi_fam_Incertae_sedis,Fungi_gen_Incertae_sedis,Fungi_sp,NA,NA,NA,NA,NA,NA,NA,NA,NA,NA,NA,NA,NA,NA,NA,NA,NA,NA,NA,NA,NA,NA,NA
Ascomycota,Leotiomycetes,Helotiales,NA,NA,NA,NA,NA,NA,NA,NA,NA,NA,NA,NA,NA,NA,NA,NA,NA,NA,NA,NA,NA,NA,NA,NA,NA,NA
Ascomycota,Leotiomycetes,Leotiomycetes_ord_Incertae_sedis,Leotiomycetes_fam_Incertae_sedis,Leotiomycetes_gen_Incertae_sedis,Leotiomycetes_sp;sh__SH0158609.10FU,NA,NA,NA,NA,NA,NA,NA,NA,NA,NA,NA,NA,NA,NA,NA,NA,NA,NA,NA,NA,NA,NA,NA
Basidiomycota,Agaricomycetes,Agaricales,Entolomataceae,Entolomataceae_gen_Incertae_sedis,Entolomataceae_sp;sh__SH0081340.10FU,NA,NA,NA,NA,NA,NA,NA,NA,NA,NA,NA,NA,NA,NA,NA,NA,NA,NA,NA,NA,NA,NA,NA
Ascomycota,Leotiomycetes,Helotiales,Helotiales_fam_Incertae_sedis,NA,NA,NA,NA,NA,NA,NA,NA,NA,NA,NA,NA,NA,NA,NA,NA,NA,NA,NA,NA,NA,NA,NA,NA,NA
Basidiomycota,Agaricomycetes,Agaricales,NA,NA,NA,NA,NA,NA,NA,NA,NA,NA,NA,NA,NA,NA,NA,NA,NA,NA,NA,NA,NA,NA,NA,NA,NA,NA
Ascomycota,Pezizomycotina_cls_Incertae_sedis,Pezizomycotina_ord_Incertae_sedis,Pezizomycotina_fam_Incertae_sedis,Triscelophorus,Triscelophorus_sp;sh__SH0150252.10FU,jrk09059,Ascomycota,Dothideomycetes,Dothideomycetes order incertae sedis,Dothideomycetes family incertae sedis,,foliar_endophyte,litter_saprotroph,,foliar_endophyte,,leaf/fruit/seed,,non-aquatic,,,filamentous_mycelium,none,,,,,
Ascomycota,Leotiomycetes,Leotiales,Tympanidaceae,Vexillomyces,Vexillomyces_fraxinicola;sh__SH0099672.10FU,,Ascomycota,Leotiomycetes,Leotiales,Tympanidaceae,,,,,,,,,,,,filamentous_mycelium,,,,,,
Basidiomycota,Tremellomycetes,Tremellales,Bulleribasidiaceae,Vishniacozyma,Vishniacozyma_victoriae;sh__SH0138970.10FU,jrk09352,Basidiomycota,Tremellomycetes,Tremellales,Bulleribasidiaceae,,soil_saprotroph,,extremophile,,,soil,,non-aquatic,,,yeast,none,,,,,
Basidiomycota,Agaricomycetes,Auriculariales,Auriculariales_fam_Incertae_sedis,Auriculariales_gen_Incertae_sedis,Auriculariales_sp;sh__SH0110126.10FU,NA,NA,NA,NA,NA,NA,NA,NA,NA,NA,NA,NA,NA,NA,NA,NA,NA,NA,NA,NA,NA,NA,NA
Basidiomycota,Agaricomycetes,Auriculariales,Auriculariales_fam_Incertae_sedis,Auriculariales_gen_Incertae_sedis,Auriculariales_sp,NA,NA,NA,NA,NA,NA,NA,NA,NA,NA,NA,NA,NA,NA,NA,NA,NA,NA,NA,NA,NA,NA,NA
Ascomycota,Eurotiomycetes,Eurotiales,Eurotiales_fam_Incertae_sedis,Eurotiales_gen_Incertae_sedis,Eurotiales_sp,NA,NA,NA,NA,NA,NA,NA,NA,NA,NA,NA,NA,NA,NA,NA,NA,NA,NA,NA,NA,NA,NA,NA
Ascomycota,Leotiomycetes,Leotiomycetes_ord_Incertae_sedis,Leotiomycetes_fam_Incertae_sedis,Leotiomycetes_gen_Incertae_sedis,Leotiomycetes_sp;sh__SH0158615.10FU,NA,NA,NA,NA,NA,NA,NA,NA,NA,NA,NA,NA,NA,NA,NA,NA,NA,NA,NA,NA,NA,NA,NA
Rozellomycota,Rozellomycota_cls_Incertae_sedis,Rozellomycota_ord_Incertae_sedis,Rozellomycota_fam_Incertae_sedis,Rozellomycota_gen_Incertae_sedis,Rozellomycota_sp;sh__SH0156336.10FU,NA,NA,NA,NA,NA,NA,NA,NA,NA,NA,NA,NA,NA,NA,NA,NA,NA,NA,NA,NA,NA,NA,NA
Ascomycota,Dothideomycetes,Capnodiales,Capnodiales_fam_Incertae_sedis,Capnodiales_gen_Incertae_sedis,Capnodiales_sp;sh__SH0100166.10FU,NA,NA,NA,NA,NA,NA,NA,NA,NA,NA,NA,NA,NA,NA,NA,NA,NA,NA,NA,NA,NA,NA,NA
Basidiomycota,Agaricomycetes,Agaricales,Agaricales_fam_Incertae_sedis,Agaricales_gen_Incertae_sedis,Agaricales_sp;sh__SH0137696.10FU,NA,NA,NA,NA,NA,NA,NA,NA,NA,NA,NA,NA,NA,NA,NA,NA,NA,NA,NA,NA,NA,NA,NA
Basidiomycota,Agaricomycetes,Cantharellales,Cantharellales_fam_Incertae_sedis,Cantharellales_gen_Incertae_sedis,Cantharellales_sp;sh__SH0170082.10FU,NA,NA,NA,NA,NA,NA,NA,NA,NA,NA,NA,NA,NA,NA,NA,NA,NA,NA,NA,NA,NA,NA,NA
Chytridiomycota,Rhizophydiomycetes,Rhizophydiales,Rhizophydiales_fam_Incertae_sedis,Rhizophydiales_gen_Incertae_sedis,Rhizophydiales_sp;sh__SH0115012.10FU,NA,NA,NA,NA,NA,NA,NA,NA,NA,NA,NA,NA,NA,NA,NA,NA,NA,NA,NA,NA,NA,NA,NA
Basidiomycota,Agaricomycetes,Sebacinales,Serendipitaceae,Serendipita,Serendipita_sp;sh__SH0041388.10FU,jrk08004,Basidiomycota,Agaricomycetes,Sebacinales,Serendipitaceae,,root_endophyte,soil_saprotroph,ectomycorrhizal_1%_species/ericoid_mycorrhizal_many_species/orchid_mycorrhizal,root_endophyte,,soil,,non-aquatic,,,filamentous_mycelium,none,none,,,,
Basidiomycota,Microbotryomycetes,Microbotryomycetes_ord_Incertae_sedis,Chrysozymaceae,Yurkovia,NA,jrk09525,Basidiomycota,Microbotryomycetes,Microbotryomycetes order incertae sedis,Chrysozymaceae,,soil_saprotroph,,,,,soil,,,,,yeast,none,none,,,,
Basidiomycota,Agaricomycetes,Thelephorales,Thelephoraceae,Thelephoraceae_gen_Incertae_sedis,Thelephoraceae_sp;sh__SH0125726.10FU,NA,NA,NA,NA,NA,NA,NA,NA,NA,NA,NA,NA,NA,NA,NA,NA,NA,NA,NA,NA,NA,NA,NA
Basidiomycota,Agaricomycetes,Auriculariales,Oliveoniaceae,Oliveonia,Oliveonia_pauxilla;sh__SH0161618.10FU,jrk05892,Basidiomycota,Agaricomycetes,Auriculariales,Oliveoniaceae,,wood_saprotroph,,,,,wood,,non-aquatic,,,filamentous_mycelium,corticioid,smooth,,,,
Ascomycota,Sordariomycetes,Hypocreales,Hypocreaceae,Hypocreaceae_gen_Incertae_sedis,Hypocreaceae_sp;sh__SH0196980.10FU,NA,NA,NA,NA,NA,NA,NA,NA,NA,NA,NA,NA,NA,NA,NA,NA,NA,NA,NA,NA,NA,NA,NA
Ascomycota,Dothideomycetes,Tubeufiales,Tubeufiaceae,Tubeufiaceae_gen_Incertae_sedis,Tubeufiaceae_sp;sh__SH0164503.10FU,NA,NA,NA,NA,NA,NA,NA,NA,NA,NA,NA,NA,NA,NA,NA,NA,NA,NA,NA,NA,NA,NA,NA
Basidiomycota,Agaricomycetes,Trechisporales,Hydnodontaceae,Brevicellicium,Brevicellicium_exile;sh__SH0039756.10FU,jrk01173,Basidiomycota,Agaricomycetes,Trechisporales,Hydnodontaceae,,wood_saprotroph,,,,,wood,white_rot,non-aquatic,,,filamentous_mycelium,corticioid,smooth,,,,
Ascomycota,Sordariomycetes,NA,NA,NA,NA,NA,NA,NA,NA,NA,NA,NA,NA,NA,NA,NA,NA,NA,NA,NA,NA,NA,NA,NA,NA,NA,NA,NA
Basidiomycota,Agaricomycetes,Agaricales,Cortinariaceae,Cortinarius,Cortinarius_anomalus;sh__SH0192242.10FU,jrk02100,Basidiomycota,Agaricomycetes,Agaricales,Cortinariaceae,,ectomycorrhizal,,,,,,,non-aquatic,,,filamentous_mycelium,agaricoid,gills,medium-distance_fringe,/cortinarius,,
Basidiomycota,Tremellomycetes,Tremellales,Bulleribasidiaceae,Vishniacozyma,Vishniacozyma_sp;sh__SH0011124.10FU,jrk09352,Basidiomycota,Tremellomycetes,Tremellales,Bulleribasidiaceae,,soil_saprotroph,,extremophile,,,soil,,non-aquatic,,,yeast,none,,,,,
Ascomycota,Dothideomycetes,Cladosporiales,Cladosporiaceae,Rachicladosporium,Rachicladosporium_sp;sh__SH0183169.10FU,jrk07405,Ascomycota,Dothideomycetes,Capnodiales,Cladosporiaceae,,litter_saprotroph,,,,,leaf/fruit/seed,,non-aquatic,,,filamentous_mycelium,"perithecium_(hymenium_hidden,_narrow_opening)",closed,,,,
NA,NA,NA,NA,NA,NA,NA,NA,NA,NA,NA,NA,NA,NA,NA,NA,NA,NA,NA,NA,NA,NA,NA,NA,NA,NA,NA,NA,NA
Ascomycota,Eurotiomycetes,Chaetothyriales,Chaetothyriales_fam_Incertae_sedis,Chaetothyriales_gen_Incertae_sedis,Chaetothyriales_sp;sh__SH0062193.10FU,NA,NA,NA,NA,NA,NA,NA,NA,NA,NA,NA,NA,NA,NA,NA,NA,NA,NA,NA,NA,NA,NA,NA
Fungi_phy_Incertae_sedis,Fungi_cls_Incertae_sedis,Fungi_ord_Incertae_sedis,Fungi_fam_Incertae_sedis,Fungi_gen_Incertae_sedis,Fungi_sp;sh__SH0154002.10FU,NA,NA,NA,NA,NA,NA,NA,NA,NA,NA,NA,NA,NA,NA,NA,NA,NA,NA,NA,NA,NA,NA,NA
Basidiomycota,Agaricomycetes,Agaricomycetes_ord_Incertae_sedis,Agaricomycetes_fam_Incertae_sedis,Agaricomycetes_gen_Incertae_sedis,Agaricomycetes_sp;sh__SH0170745.10FU,NA,NA,NA,NA,NA,NA,NA,NA,NA,NA,NA,NA,NA,NA,NA,NA,NA,NA,NA,NA,NA,NA,NA
Ascomycota,Leotiomycetes,Helotiales,Mollisiaceae,Mollisiaceae_gen_Incertae_sedis,Mollisiaceae_sp;sh__SH0083040.10FU,NA,NA,NA,NA,NA,NA,NA,NA,NA,NA,NA,NA,NA,NA,NA,NA,NA,NA,NA,NA,NA,NA,NA
Ascomycota,Leotiomycetes,Helotiales,Loramycetaceae,Loramycetaceae_gen_Incertae_sedis,Loramycetaceae_sp;sh__SH0133286.10FU,NA,NA,NA,NA,NA,NA,NA,NA,NA,NA,NA,NA,NA,NA,NA,NA,NA,NA,NA,NA,NA,NA,NA
Fungi_phy_Incertae_sedis,Fungi_cls_Incertae_sedis,Fungi_ord_Incertae_sedis,Fungi_fam_Incertae_sedis,Fungi_gen_Incertae_sedis,Fungi_sp;sh__SH0154490.10FU,NA,NA,NA,NA,NA,NA,NA,NA,NA,NA,NA,NA,NA,NA,NA,NA,NA,NA,NA,NA,NA,NA,NA
Basidiomycota,Agaricomycetes,Agaricales,Agaricaceae,Agaricus,NA,jrk00150,Basidiomycota,Agaricomycetes,Agaricales,Agaricaceae,,soil_saprotroph,,,,,soil,,non-aquatic,,,filamentous_mycelium,agaricoid,gills,,,,
Chytridiomycota,Spizellomycetes,Spizellomycetales,Spizellomycetales_fam_Incertae_sedis,Spizellomycetales_gen_Incertae_sedis,Spizellomycetales_sp;sh__SH0198118.10FU,NA,NA,NA,NA,NA,NA,NA,NA,NA,NA,NA,NA,NA,NA,NA,NA,NA,NA,NA,NA,NA,NA,NA
NA,NA,NA,NA,NA,NA,NA,NA,NA,NA,NA,NA,NA,NA,NA,NA,NA,NA,NA,NA,NA,NA,NA,NA,NA,NA,NA,NA,NA
Ascomycota,Dothideomycetes,Dothideomycetes_ord_Incertae_sedis,Dothideomycetes_fam_Incertae_sedis,Dothideomycetes_gen_Incertae_sedis,Dothideomycetes_sp;sh__SH0183864.10FU,NA,NA,NA,NA,NA,NA,NA,NA,NA,NA,NA,NA,NA,NA,NA,NA,NA,NA,NA,NA,NA,NA,NA
Basidiomycota,Agaricomycetes,Agaricales,Mycenaceae,Mycena,NA,jrk05357,Basidiomycota,Agaricomycetes,Agaricales,Mycenaceae,,litter_saprotroph,root-associated,wood_saprotroph_many_species,root-associated,leaf/fruit/seed_pathogen,leaf/fruit/seed,,non-aquatic,,,filamentous_mycelium,agaricoid,gills,,,,
Ascomycota,Leotiomycetes,Helotiales,Helotiales_fam_Incertae_sedis,Helotiales_gen_Incertae_sedis,Helotiales_sp,NA,NA,NA,NA,NA,NA,NA,NA,NA,NA,NA,NA,NA,NA,NA,NA,NA,NA,NA,NA,NA,NA,NA
Ascomycota,Eurotiomycetes,Chaetothyriales,Herpotrichiellaceae,Herpotrichiellaceae_gen_Incertae_sedis,Herpotrichiellaceae_sp;sh__SH0115987.10FU,NA,NA,NA,NA,NA,NA,NA,NA,NA,NA,NA,NA,NA,NA,NA,NA,NA,NA,NA,NA,NA,NA,NA
Basidiomycota,Agaricomycetes,Auriculariales,Auriculariales_fam_Incertae_sedis,Auriculariales_gen_Incertae_sedis,Auriculariales_sp;sh__SH0098573.10FU,NA,NA,NA,NA,NA,NA,NA,NA,NA,NA,NA,NA,NA,NA,NA,NA,NA,NA,NA,NA,NA,NA,NA
Ascomycota,Eurotiomycetes,Onygenales,Onygenales_fam_Incertae_sedis,Onygenales_gen_Incertae_sedis,Onygenales_sp,NA,NA,NA,NA,NA,NA,NA,NA,NA,NA,NA,NA,NA,NA,NA,NA,NA,NA,NA,NA,NA,NA,NA
Ascomycota,Leotiomycetes,Leotiales,Tympanidaceae,Tympanidaceae_gen_Incertae_sedis,Tympanidaceae_sp;sh__SH0087028.10FU,NA,NA,NA,NA,NA,NA,NA,NA,NA,NA,NA,NA,NA,NA,NA,NA,NA,NA,NA,NA,NA,NA,NA
Ascomycota,Leotiomycetes,Helotiales,Helotiales_fam_Incertae_sedis,Helotiales_gen_Incertae_sedis,Helotiales_sp;sh__SH0008386.10FU,NA,NA,NA,NA,NA,NA,NA,NA,NA,NA,NA,NA,NA,NA,NA,NA,NA,NA,NA,NA,NA,NA,NA
Ascomycota,Leotiomycetes,Leotiales,Leotiales_fam_Incertae_sedis,Leotiales_gen_Incertae_sedis,Leotiales_sp;sh__SH0006377.10FU,NA,NA,NA,NA,NA,NA,NA,NA,NA,NA,NA,NA,NA,NA,NA,NA,NA,NA,NA,NA,NA,NA,NA
Basidiomycota,Agaricomycetes,Agaricales,Agaricales_fam_Incertae_sedis,Mycenella,Mycenella_lasiosperma;sh__SH0155081.10FU,jrk05359,Basidiomycota,Agaricomycetes,Agaricales,Agaricales family incertae sedis,,litter_saprotroph,,,,,leaf/fruit/seed,,non-aquatic,,,filamentous_mycelium,agaricoid,gills,,,,
Basidiomycota,Agaricomycetes,Thelephorales,Thelephoraceae,Thelephora,Thelephora_sp;sh__SH0125792.10FU,jrk08781,Basidiomycota,Agaricomycetes,Thelephorales,Thelephoraceae,,ectomycorrhizal,,,,,,,non-aquatic,,,filamentous_mycelium,clavarioid,smooth,medium-distance_smooth,/tomentella-thelephora,,
Basidiomycota,Agaricomycetes,Agaricales,Clavariaceae,Clavulinopsis,Clavulinopsis_sp;sh__SH0142271.10FU,jrk01853,Basidiomycota,Agaricomycetes,Agaricales,Clavariaceae,,soil_saprotroph,unspecified_symbiotroph,CHEGD_symbiotrophs,root-associated,root-associated,"roots,soil",,non-aquatic,,,filamentous_mycelium,clavarioid,smooth,,,,
Ascomycota,Leotiomycetes,Helotiales,Helotiales_fam_Incertae_sedis,Helotiales_gen_Incertae_sedis,Helotiales_sp;sh__SH0114594.10FU,NA,NA,NA,NA,NA,NA,NA,NA,NA,NA,NA,NA,NA,NA,NA,NA,NA,NA,NA,NA,NA,NA,NA
Basidiomycota,Agaricomycetes,Boletales,Boletaceae,Leccinum,NA,jrk04527,Basidiomycota,Agaricomycetes,Boletales,Boletaceae,,ectomycorrhizal,,,,,,,non-aquatic,,,filamentous_mycelium,agaricoid,poroid,long-distance,/boletus,,
Basidiomycota,Agaricomycetes,Thelephorales,Thelephoraceae,Tomentella,Tomentella_sp;sh__SH0126224.10FU,jrk08875,Basidiomycota,Agaricomycetes,Thelephorales,Thelephoraceae,,ectomycorrhizal,,,,,,,non-aquatic,,,filamentous_mycelium,corticioid,smooth,medium-distance_smooth,/tomentella-thelephora,,
NA,NA,NA,NA,NA,NA,NA,NA,NA,NA,NA,NA,NA,NA,NA,NA,NA,NA,NA,NA,NA,NA,NA,NA,NA,NA,NA,NA,NA
Basidiomycota,Agaricomycetes,Agaricales,Clavariaceae,Ramariopsis,Ramariopsis_sp;sh__SH0142108.10FU,jrk07435,Basidiomycota,Agaricomycetes,Agaricales,Clavariaceae,,soil_saprotroph,unspecified_symbiotroph,CHEGD_symbiotrophs,root-associated,root-associated,"roots,soil",,non-aquatic,,,filamentous_mycelium,clavarioid,smooth,,,,
Basidiomycota,Agaricomycetes,Russulales,Russulaceae,Lactarius,Lactarius_rufus;sh__SH0082962.10FU,jrk04429,Basidiomycota,Agaricomycetes,Russulales,Russulaceae,,ectomycorrhizal,,,,,,,non-aquatic,,,filamentous_mycelium,agaricoid,gills,medium-distance_smooth,/russula-lactarius,,
Basidiomycota,Tremellomycetes,Tremellales,Bulleribasidiaceae,Vishniacozyma,NA,jrk09352,Basidiomycota,Tremellomycetes,Tremellales,Bulleribasidiaceae,,soil_saprotroph,,extremophile,,,soil,,non-aquatic,,,yeast,none,,,,,
Basidiomycota,Agaricomycetes,Trechisporales,Hydnodontaceae,Trechispora,Trechispora_subsphaerospora;sh__SH0168123.10FU,jrk08926,Basidiomycota,Agaricomycetes,Trechisporales,Hydnodontaceae,,wood_saprotroph,,,,,wood,white_rot,non-aquatic,,,filamentous_mycelium,corticioid,poroid,,,,
Ascomycota,Ascomycota_cls_Incertae_sedis,Ascomycota_ord_Incertae_sedis,Ascomycota_fam_Incertae_sedis,Ascomycota_gen_Incertae_sedis,Ascomycota_sp;sh__SH0080404.10FU,NA,NA,NA,NA,NA,NA,NA,NA,NA,NA,NA,NA,NA,NA,NA,NA,NA,NA,NA,NA,NA,NA,NA
NA,NA,NA,NA,NA,NA,NA,NA,NA,NA,NA,NA,NA,NA,NA,NA,NA,NA,NA,NA,NA,NA,NA,NA,NA,NA,NA,NA,NA
Mucoromycota,Endogonomycetes,GS21,GS21_fam_Incertae_sedis,GS21_gen_Incertae_sedis,GS21_sp,NA,NA,NA,NA,NA,NA,NA,NA,NA,NA,NA,NA,NA,NA,NA,NA,NA,NA,NA,NA,NA,NA,NA
Ascomycota,Leotiomycetes,Helotiales,Mollisiaceae,Phialocephala,Phialocephala_sp;sh__SH0083100.10FU,jrk06481,Ascomycota,Leotiomycetes,Helotiales,Mollisiaceae,,soil_saprotroph,root_endophyte,,root_endophyte_dark_septate,root-associated,"roots,soil",,non-aquatic,,,filamentous_mycelium,apothecium_(hymenium_on_surface),smooth,,,,
NA,NA,NA,NA,NA,NA,NA,NA,NA,NA,NA,NA,NA,NA,NA,NA,NA,NA,NA,NA,NA,NA,NA,NA,NA,NA,NA,NA,NA
Ascomycota,Sordariomycetes,Sordariales,Sordariales_fam_Incertae_sedis,Sordariales_gen_Incertae_sedis,Sordariales_sp;sh__SH0010764.10FU,NA,NA,NA,NA,NA,NA,NA,NA,NA,NA,NA,NA,NA,NA,NA,NA,NA,NA,NA,NA,NA,NA,NA
Chytridiomycota,Rhizophydiomycetes,Rhizophydiales,Rhizophydiaceae,Rhizophydiaceae_gen_Incertae_sedis,Rhizophydiaceae_sp;sh__SH0063007.10FU,NA,NA,NA,NA,NA,NA,NA,NA,NA,NA,NA,NA,NA,NA,NA,NA,NA,NA,NA,NA,NA,NA,NA
Entorrhizomycota,Entorrhizomycetes,Entorrhizales,Entorrhizaceae,Entorrhizaceae_gen_Incertae_sedis,Entorrhizaceae_sp;sh__SH0159592.10FU,NA,NA,NA,NA,NA,NA,NA,NA,NA,NA,NA,NA,NA,NA,NA,NA,NA,NA,NA,NA,NA,NA,NA
Ascomycota,Ascomycota_cls_Incertae_sedis,Ascomycota_ord_Incertae_sedis,Ascomycota_fam_Incertae_sedis,Ascomycota_gen_Incertae_sedis,Ascomycota_sp;sh__SH0178844.10FU,NA,NA,NA,NA,NA,NA,NA,NA,NA,NA,NA,NA,NA,NA,NA,NA,NA,NA,NA,NA,NA,NA,NA
Ascomycota,Sordariomycetes,Amphisphaeriales,Sporocadaceae,Discosia,Discosia_yakushimensis;sh__SH0120753.10FU,jrk02712,Ascomycota,Sordariomycetes,Amphisphaeriales,Sporocadaceae,,plant_pathogen,,,,leaf/fruit/seed_pathogen,,,non-aquatic,,,filamentous_mycelium,"perithecium_(hymenium_hidden,_narrow_opening)",closed,,,,
Ascomycota,Leotiomycetes,NA,NA,NA,NA,NA,NA,NA,NA,NA,NA,NA,NA,NA,NA,NA,NA,NA,NA,NA,NA,NA,NA,NA,NA,NA,NA,NA
Basidiomycota,Tremellomycetes,Tremellales,Bulleribasidiaceae,Vishniacozyma,Vishniacozyma_kurtzmanii;sh__SH0118068.10FU,jrk09352,Basidiomycota,Tremellomycetes,Tremellales,Bulleribasidiaceae,,soil_saprotroph,,extremophile,,,soil,,non-aquatic,,,yeast,none,,,,,
Ascomycota,Ascomycota_cls_Incertae_sedis,Ascomycota_ord_Incertae_sedis,Ascomycota_fam_Incertae_sedis,Ascomycota_gen_Incertae_sedis,Ascomycota_sp;sh__SH0178418.10FU,NA,NA,NA,NA,NA,NA,NA,NA,NA,NA,NA,NA,NA,NA,NA,NA,NA,NA,NA,NA,NA,NA,NA
Basidiomycota,Agaricomycetes,Agaricales,Clavariaceae,Clavulinopsis,Clavulinopsis_luteonana;sh__SH0142319.10FU,jrk01853,Basidiomycota,Agaricomycetes,Agaricales,Clavariaceae,,soil_saprotroph,unspecified_symbiotroph,CHEGD_symbiotrophs,root-associated,root-associated,"roots,soil",,non-aquatic,,,filamentous_mycelium,clavarioid,smooth,,,,
Ascomycota,Leotiomycetes,Helotiales,Hyaloscyphaceae,Meliniomyces,Meliniomyces_sp;sh__SH0110857.10FU,jrk05054,Ascomycota,Leotiomycetes,Helotiales,Hyaloscyphaceae,,root_endophyte,soil_saprotroph,ectomycorrhizal_M._bicolor/ericoid_mycorrhizal_M._variabilis,root_endophyte,,soil,,non-aquatic,,,filamentous_mycelium,None,none,short-distance_delicate,/meliniomyces,,
Ascomycota,Leotiomycetes,Leotiomycetes_ord_Incertae_sedis,Leotiomycetes_fam_Incertae_sedis,Leotiomycetes_gen_Incertae_sedis,Leotiomycetes_sp;sh__SH0158609.10FU,NA,NA,NA,NA,NA,NA,NA,NA,NA,NA,NA,NA,NA,NA,NA,NA,NA,NA,NA,NA,NA,NA,NA
Basidiomycota,Agaricomycetes,Thelephorales,Thelephoraceae,Tomentella,Tomentella_sp;sh__SH0128204.10FU,jrk08875,Basidiomycota,Agaricomycetes,Thelephorales,Thelephoraceae,,ectomycorrhizal,,,,,,,non-aquatic,,,filamentous_mycelium,corticioid,smooth,medium-distance_smooth,/tomentella-thelephora,,
Ascomycota,Sordariomycetes,Chaetosphaeriales,Chaetosphaeriaceae,Chloridium,Chloridium_humicola;sh__SH0081892.10FU,jrk01702,Ascomycota,Sordariomycetes,Chaetosphaeriales,Chaetosphaeriaceae,,litter_saprotroph,wood_saprotroph,,root-associated,root_pathogen,"wood,leaf/fruit/seed,roots,animal_material",,partly_aquatic,opportunistic_human_parasite,,filamentous_mycelium,none,none,,,,
Mortierellomycota,Mortierellomycetes,Mortierellales,Mortierellaceae,Dissophora,Dissophora_globulifera;sh__SH0192863.10FU,jrk02723,Mortierellomycota,Mortierellomycetes,Mortierellales,Mortierellaceae,,soil_saprotroph,,,,,soil,chitinolytic,non-aquatic,,,filamentous_mycelium,none,none,,,,
Basidiomycota,Agaricomycetes,Agaricales,Mycenaceae,Mycena,Mycena_metata;sh__SH0146279.10FU,jrk05357,Basidiomycota,Agaricomycetes,Agaricales,Mycenaceae,,litter_saprotroph,root-associated,wood_saprotroph_many_species,root-associated,leaf/fruit/seed_pathogen,leaf/fruit/seed,,non-aquatic,,,filamentous_mycelium,agaricoid,gills,,,,
NA,NA,NA,NA,NA,NA,NA,NA,NA,NA,NA,NA,NA,NA,NA,NA,NA,NA,NA,NA,NA,NA,NA,NA,NA,NA,NA,NA,NA
Basidiomycota,Agaricomycetes,Russulales,Russulaceae,Lactarius,NA,jrk04429,Basidiomycota,Agaricomycetes,Russulales,Russulaceae,,ectomycorrhizal,,,,,,,non-aquatic,,,filamentous_mycelium,agaricoid,gills,medium-distance_smooth,/russula-lactarius,,
Basidiomycota,Agaricomycetes,Russulales,Russulaceae,Russula,Russula_badia;sh__SH0152421.10FU,jrk07726,Basidiomycota,Agaricomycetes,Russulales,Russulaceae,,ectomycorrhizal,,,,,,,non-aquatic,,,filamentous_mycelium,agaricoid,gills,contact,/russula-lactarius,,
Chytridiomycota,Rhizophydiomycetes,Rhizophydiales,Rhizophydiales_fam_Incertae_sedis,Rhizophydiales_gen_Incertae_sedis,Rhizophydiales_sp;sh__SH0082505.10FU,NA,NA,NA,NA,NA,NA,NA,NA,NA,NA,NA,NA,NA,NA,NA,NA,NA,NA,NA,NA,NA,NA,NA
Ascomycota,Ascomycota_cls_Incertae_sedis,Ascomycota_ord_Incertae_sedis,Ascomycota_fam_Incertae_sedis,Ascomycota_gen_Incertae_sedis,Ascomycota_sp;sh__SH0190622.10FU,NA,NA,NA,NA,NA,NA,NA,NA,NA,NA,NA,NA,NA,NA,NA,NA,NA,NA,NA,NA,NA,NA,NA
Basidiomycota,Agaricomycetes,Thelephorales,Thelephoraceae,Thelephoraceae_gen_Incertae_sedis,Thelephoraceae_sp;sh__SH0126548.10FU,NA,NA,NA,NA,NA,NA,NA,NA,NA,NA,NA,NA,NA,NA,NA,NA,NA,NA,NA,NA,NA,NA,NA
Ascomycota,Leotiomycetes,Helotiales,Hyaloscyphaceae,Hyaloscyphaceae_gen_Incertae_sedis,Hyaloscyphaceae_sp;sh__SH0110840.10FU,NA,NA,NA,NA,NA,NA,NA,NA,NA,NA,NA,NA,NA,NA,NA,NA,NA,NA,NA,NA,NA,NA,NA
Ascomycota,Dothideomycetes,Mycosphaerellales,Neodevriesiaceae,Neodevriesia,Neodevriesia_stirlingiae;sh__SH0023348.10FU,jrk05613,Ascomycota,Dothideomycetes,Capnodiales,Neodevriesiaceae,,plant_pathogen,litter_saprotroph,,,leaf/fruit/seed_pathogen,leaf/fruit/seed,,partly_aquatic,,,filamentous_mycelium,"perithecium_(hymenium_hidden,_narrow_opening)",closed,,,,
Basidiomycota,Agaricomycetes,Sebacinales,Serendipitaceae,Serendipita,Serendipita_sp;sh__SH0003255.10FU,jrk08004,Basidiomycota,Agaricomycetes,Sebacinales,Serendipitaceae,,root_endophyte,soil_saprotroph,ectomycorrhizal_1%_species/ericoid_mycorrhizal_many_species/orchid_mycorrhizal,root_endophyte,,soil,,non-aquatic,,,filamentous_mycelium,none,none,,,,
NA,NA,NA,NA,NA,NA,NA,NA,NA,NA,NA,NA,NA,NA,NA,NA,NA,NA,NA,NA,NA,NA,NA,NA,NA,NA,NA,NA,NA
Ascomycota,Leotiomycetes,Leotiomycetes_ord_Incertae_sedis,Leotiomycetes_fam_Incertae_sedis,Leotiomycetes_gen_Incertae_sedis,Leotiomycetes_sp;sh__SH0014709.10FU,NA,NA,NA,NA,NA,NA,NA,NA,NA,NA,NA,NA,NA,NA,NA,NA,NA,NA,NA,NA,NA,NA,NA
Basidiomycota,Agaricomycetes,Hymenochaetales,Hymenochaetales_fam_Incertae_sedis,Hymenochaetales_gen_Incertae_sedis,Hymenochaetales_sp;sh__SH0151084.10FU,NA,NA,NA,NA,NA,NA,NA,NA,NA,NA,NA,NA,NA,NA,NA,NA,NA,NA,NA,NA,NA,NA,NA
Basidiomycota,Tremellomycetes,Tremellales,Bulleribasidiaceae,Vishniacozyma,NA,jrk09352,Basidiomycota,Tremellomycetes,Tremellales,Bulleribasidiaceae,,soil_saprotroph,,extremophile,,,soil,,non-aquatic,,,yeast,none,,,,,
Basidiomycota,Agaricomycetes,Sebacinales,Serendipitaceae,Serendipita,Serendipita_sp,jrk08004,Basidiomycota,Agaricomycetes,Sebacinales,Serendipitaceae,,root_endophyte,soil_saprotroph,ectomycorrhizal_1%_species/ericoid_mycorrhizal_many_species/orchid_mycorrhizal,root_endophyte,,soil,,non-aquatic,,,filamentous_mycelium,none,none,,,,
Ascomycota,Eurotiomycetes,Eurotiales,Elaphomycetaceae,Elaphomyces,Elaphomyces_muricatus;sh__SH0167678.10FU,jrk02855,Ascomycota,Eurotiomycetes,Eurotiales,Elaphomycetaceae,,ectomycorrhizal,,,,,,,non-aquatic,,,filamentous_mycelium,gasteroid-hypogeous,closed,short-distance_delicate,/elaphomyces,,
Basidiomycota,Agaricomycetes,Geastrales,Geastraceae,Geastraceae_gen_Incertae_sedis,Geastraceae_sp;sh__SH0151459.10FU,NA,NA,NA,NA,NA,NA,NA,NA,NA,NA,NA,NA,NA,NA,NA,NA,NA,NA,NA,NA,NA,NA,NA
Ascomycota,Leotiomycetes,Leotiomycetes_ord_Incertae_sedis,Leotiomycetes_fam_Incertae_sedis,Leotiomycetes_gen_Incertae_sedis,Leotiomycetes_sp;sh__SH0051114.10FU,NA,NA,NA,NA,NA,NA,NA,NA,NA,NA,NA,NA,NA,NA,NA,NA,NA,NA,NA,NA,NA,NA,NA
Ascomycota,Leotiomycetes,Helotiales,Helotiales_fam_Incertae_sedis,Helotiales_gen_Incertae_sedis,Helotiales_sp;sh__SH0146624.10FU,NA,NA,NA,NA,NA,NA,NA,NA,NA,NA,NA,NA,NA,NA,NA,NA,NA,NA,NA,NA,NA,NA,NA
Ascomycota,Eurotiomycetes,Chaetothyriales,Herpotrichiellaceae,Herpotrichiellaceae_gen_Incertae_sedis,Herpotrichiellaceae_sp;sh__SH0062337.10FU,NA,NA,NA,NA,NA,NA,NA,NA,NA,NA,NA,NA,NA,NA,NA,NA,NA,NA,NA,NA,NA,NA,NA
NA,NA,NA,NA,NA,NA,NA,NA,NA,NA,NA,NA,NA,NA,NA,NA,NA,NA,NA,NA,NA,NA,NA,NA,NA,NA,NA,NA,NA
Ascomycota,Dothideomycetes,Venturiales,Sympoventuriaceae,Fusicladium,Fusicladium_proteae;sh__SH0172002.10FU,jrk03296,Ascomycota,Dothideomycetes,Venturiales,Sympoventuriaceae,,plant_pathogen,,,,leaf/fruit/seed_pathogen,,,non-aquatic,,,filamentous_mycelium,"perithecium_(hymenium_hidden,_narrow_opening)",closed,,,,
Basidiomycota,Agaricomycetes,Agaricales,Inocybaceae,Inocybe,Inocybe_calamistrata,jrk04145,Basidiomycota,Agaricomycetes,Agaricales,Inocybaceae,,ectomycorrhizal,,,,,,,non-aquatic,,,filamentous_mycelium,agaricoid,gills,short-distance_delicate,/inocybe,,
Basidiomycota,Tremellomycetes,Tremellales,Bulleribasidiaceae,Vishniacozyma,Vishniacozyma_ellesmerensis;sh__SH0011123.10FU,jrk09352,Basidiomycota,Tremellomycetes,Tremellales,Bulleribasidiaceae,,soil_saprotroph,,extremophile,,,soil,,non-aquatic,,,yeast,none,,,,,
Ascomycota,Leotiomycetes,Helotiales,Hyaloscyphaceae,Hyaloscyphaceae_gen_Incertae_sedis,Hyaloscyphaceae_sp;sh__SH0110852.10FU,NA,NA,NA,NA,NA,NA,NA,NA,NA,NA,NA,NA,NA,NA,NA,NA,NA,NA,NA,NA,NA,NA,NA
Ascomycota,Dothideomycetes,Mycosphaerellales,Teratosphaeriaceae,Devriesia,Devriesia_shelburniensis;sh__SH0072144.10FU,jrk02515,Ascomycota,Dothideomycetes,Capnodiales,Teratosphaeriaceae,,plant_pathogen,litter_saprotroph,,,leaf/fruit/seed_pathogen,leaf/fruit/seed,,non-aquatic,,,filamentous_mycelium,"perithecium_(hymenium_hidden,_narrow_opening)",closed,,,,
Basidiomycota,Agaricomycetes,Boletales,Boletaceae,Tylopilus,Tylopilus_perplexus;sh__SH0181052.10FU,jrk09128,Basidiomycota,Agaricomycetes,Boletales,Boletaceae,,ectomycorrhizal,,,,,,,non-aquatic,,,filamentous_mycelium,agaricoid,poroid,long-distance,/boletus,,
Ascomycota,Pezizomycetes,Pezizales,Pezizaceae,Pezizaceae_gen_Incertae_sedis,Pezizaceae_sp;sh__SH0059786.10FU,NA,NA,NA,NA,NA,NA,NA,NA,NA,NA,NA,NA,NA,NA,NA,NA,NA,NA,NA,NA,NA,NA,NA
Basidiomycota,Agaricomycetes,Agaricales,Agaricales_fam_Incertae_sedis,Agaricales_gen_Incertae_sedis,Agaricales_sp;sh__SH0176571.10FU,NA,NA,NA,NA,NA,NA,NA,NA,NA,NA,NA,NA,NA,NA,NA,NA,NA,NA,NA,NA,NA,NA,NA
Ascomycota,Leotiomycetes,Helotiales,Cenangiaceae,Encoelia,Encoelia_glaberrima;sh__SH0156778.10FU,jrk02895,Ascomycota,Leotiomycetes,Helotiales,Cenangiaceae,,wood_saprotroph,litter_saprotroph,,,,"wood,leaf/fruit/seed",,non-aquatic,,,filamentous_mycelium,apothecium_(hymenium_on_surface),smooth,,,,
Basidiomycota,Agaricomycetes,Trechisporales,Hydnodontaceae,Sistotremastrum,Sistotremastrum_sp;sh__SH0133223.10FU,jrk08106,Basidiomycota,Agaricomycetes,Trechisporales,Hydnodontaceae,,wood_saprotroph,,,,,wood,white_rot,non-aquatic,,,filamentous_mycelium,corticioid,smooth,,,,
Ascomycota,Sordariomycetes,Microascales,Microascaceae,Scedosporium,Scedosporium_dehoogii;sh__SH0161210.10FU,jrk07830,Ascomycota,Sordariomycetes,Microascales,Microascaceae,,soil_saprotroph,animal_parasite,,,,"soil,animal_material",,non-aquatic,opportunistic_human_parasite,,filamentous_mycelium,"cleistothecium_(closed,_spherical)",closed,,,,
Ascomycota,Ascomycota_cls_Incertae_sedis,Ascomycota_ord_Incertae_sedis,Ascomycota_fam_Incertae_sedis,Ascomycota_gen_Incertae_sedis,Ascomycota_sp;sh__SH0129624.10FU,NA,NA,NA,NA,NA,NA,NA,NA,NA,NA,NA,NA,NA,NA,NA,NA,NA,NA,NA,NA,NA,NA,NA
Basidiomycota,Agaricomycetes,Russulales,Russulaceae,Lactarius,NA,jrk04429,Basidiomycota,Agaricomycetes,Russulales,Russulaceae,,ectomycorrhizal,,,,,,,non-aquatic,,,filamentous_mycelium,agaricoid,gills,medium-distance_smooth,/russula-lactarius,,
Ascomycota,Dothideomycetes,Pleosporales,Phaeosphaeriaceae,Wojnowiciella,NA,jrk09366,Ascomycota,Dothideomycetes,Pleosporales,Phaeosphaeriaceae,,litter_saprotroph,wood_saprotroph,,no_endophytic_capacity,,"wood,leaf/fruit/seed",,non-aquatic,,,filamentous_mycelium,none,,,,,
Basidiomycota,Agaricomycetes,Agaricales,Entolomataceae,Entoloma,Entoloma_velenovskyi;sh__SH0123303.10FU,jrk02963,Basidiomycota,Agaricomycetes,Agaricales,Entolomataceae,,soil_saprotroph,unspecified_symbiotroph,"CHEGD_symbiotrophs,ectomycorrhizal_ca_10%_of_species",root-associated,root-associated,"roots,soil",,non-aquatic,,,filamentous_mycelium,agaricoid,gills,medium-distance_smooth,/entoloma,,
Ascomycota,Leotiomycetes,Helotiales,Mollisiaceae,Mollisiaceae_gen_Incertae_sedis,Mollisiaceae_sp;sh__SH0083040.10FU,NA,NA,NA,NA,NA,NA,NA,NA,NA,NA,NA,NA,NA,NA,NA,NA,NA,NA,NA,NA,NA,NA,NA
Ascomycota,Eurotiomycetes,Sclerococcales,Dactylosporaceae,Sclerococcum,Sclerococcum_ahtii;sh__SH0135176.10FU,jrk07879,Ascomycota,Eurotiomycetes,Sclerococcales,Dactylosporaceae,,lichen_parasite,fungal_decomposer,saprotroph_unspecified_some_species,,,"fungal_material,algal_material",,non-aquatic,,,filamentous_mycelium,apothecium_(hymenium_on_surface),smooth,,,,
Ascomycota,Leotiomycetes,Helotiales,NA,NA,NA,NA,NA,NA,NA,NA,NA,NA,NA,NA,NA,NA,NA,NA,NA,NA,NA,NA,NA,NA,NA,NA,NA,NA
Basidiomycota,Agaricomycetes,Thelephorales,Thelephoraceae,Tomentella,Tomentella_sp;sh__SH0126470.10FU,jrk08875,Basidiomycota,Agaricomycetes,Thelephorales,Thelephoraceae,,ectomycorrhizal,,,,,,,non-aquatic,,,filamentous_mycelium,corticioid,smooth,medium-distance_smooth,/tomentella-thelephora,,
Basidiomycota,Agaricomycetes,Agaricales,Cortinariaceae,Cortinarius,NA,jrk02100,Basidiomycota,Agaricomycetes,Agaricales,Cortinariaceae,,ectomycorrhizal,,,,,,,non-aquatic,,,filamentous_mycelium,agaricoid,gills,medium-distance_fringe,/cortinarius,,
Basidiomycota,Agaricomycetes,Cantharellales,Hydnaceae,Clavulina,NA,jrk01852,Basidiomycota,Agaricomycetes,Cantharellales,Clavulinaceae,,ectomycorrhizal,,,,,,,non-aquatic,,,filamentous_mycelium,clavarioid,smooth,contact,/clavulina,,
Ascomycota,Leotiomycetes,Leotiomycetes_ord_Incertae_sedis,Leotiomycetes_fam_Incertae_sedis,Leotiomycetes_gen_Incertae_sedis,Leotiomycetes_sp;sh__SH0008372.10FU,NA,NA,NA,NA,NA,NA,NA,NA,NA,NA,NA,NA,NA,NA,NA,NA,NA,NA,NA,NA,NA,NA,NA
Ascomycota,Sordariomycetes,Hypocreales,Clavicipitaceae,NA,NA,NA,NA,NA,NA,NA,NA,NA,NA,NA,NA,NA,NA,NA,NA,NA,NA,NA,NA,NA,NA,NA,NA,NA
Ascomycota,Dothideomycetes,Venturiales,Venturiaceae,Venturiaceae_gen_Incertae_sedis,Venturiaceae_sp,NA,NA,NA,NA,NA,NA,NA,NA,NA,NA,NA,NA,NA,NA,NA,NA,NA,NA,NA,NA,NA,NA,NA
Ascomycota,Ascomycota_cls_Incertae_sedis,Ascomycota_ord_Incertae_sedis,Ascomycota_fam_Incertae_sedis,Ascomycota_gen_Incertae_sedis,Ascomycota_sp;sh__SH0080513.10FU,NA,NA,NA,NA,NA,NA,NA,NA,NA,NA,NA,NA,NA,NA,NA,NA,NA,NA,NA,NA,NA,NA,NA
Ascomycota,Sordariomycetes,Xylariales,Xylariales_fam_Incertae_sedis,Polyscytalum,Polyscytalum_neofecundissimum;sh__SH0179446.10FU,jrk06870,Ascomycota,Sordariomycetes,Xylariales,Xylariales family incertae sedis,,plant_pathogen,,,,leaf/fruit/seed_pathogen,,,,,,filamentous_mycelium,"perithecium_(hymenium_hidden,_narrow_opening)",closed,,,,
Basidiomycota,Agaricomycetes,Agaricales,Cortinariaceae,Cortinarius,NA,jrk02100,Basidiomycota,Agaricomycetes,Agaricales,Cortinariaceae,,ectomycorrhizal,,,,,,,non-aquatic,,,filamentous_mycelium,agaricoid,gills,medium-distance_fringe,/cortinarius,,
Basidiomycota,Agaricomycetes,Trechisporales,Hydnodontaceae,Hydnodontaceae_gen_Incertae_sedis,Hydnodontaceae_sp;sh__SH0184020.10FU,NA,NA,NA,NA,NA,NA,NA,NA,NA,NA,NA,NA,NA,NA,NA,NA,NA,NA,NA,NA,NA,NA,NA
Ascomycota,Leotiomycetes,Helotiales,Pezizellaceae,NA,NA,NA,NA,NA,NA,NA,NA,NA,NA,NA,NA,NA,NA,NA,NA,NA,NA,NA,NA,NA,NA,NA,NA,NA
Ascomycota,Eurotiomycetes,Chaetothyriales,Chaetothyriales_fam_Incertae_sedis,Chaetothyriales_gen_Incertae_sedis,Chaetothyriales_sp;sh__SH0062193.10FU,NA,NA,NA,NA,NA,NA,NA,NA,NA,NA,NA,NA,NA,NA,NA,NA,NA,NA,NA,NA,NA,NA,NA
Ascomycota,Leotiomycetes,NA,NA,NA,NA,NA,NA,NA,NA,NA,NA,NA,NA,NA,NA,NA,NA,NA,NA,NA,NA,NA,NA,NA,NA,NA,NA,NA
Ascomycota,Eurotiomycetes,Chaetothyriales,Chaetothyriales_fam_Incertae_sedis,Chaetothyriales_gen_Incertae_sedis,Chaetothyriales_sp;sh__SH0062404.10FU,NA,NA,NA,NA,NA,NA,NA,NA,NA,NA,NA,NA,NA,NA,NA,NA,NA,NA,NA,NA,NA,NA,NA
Ascomycota,Dothideomycetes,Pleosporales,Pleosporales_fam_Incertae_sedis,Pleosporales_gen_Incertae_sedis,Pleosporales_sp;sh__SH0186774.10FU,NA,NA,NA,NA,NA,NA,NA,NA,NA,NA,NA,NA,NA,NA,NA,NA,NA,NA,NA,NA,NA,NA,NA
Ascomycota,Ascomycota_cls_Incertae_sedis,Ascomycota_ord_Incertae_sedis,Ascomycota_fam_Incertae_sedis,Ascomycota_gen_Incertae_sedis,Ascomycota_sp;sh__SH0144403.10FU,NA,NA,NA,NA,NA,NA,NA,NA,NA,NA,NA,NA,NA,NA,NA,NA,NA,NA,NA,NA,NA,NA,NA
Ascomycota,Leotiomycetes,Helotiales,Helotiales_fam_Incertae_sedis,Helotiales_gen_Incertae_sedis,Helotiales_sp;sh__SH0118462.10FU,NA,NA,NA,NA,NA,NA,NA,NA,NA,NA,NA,NA,NA,NA,NA,NA,NA,NA,NA,NA,NA,NA,NA
Ascomycota,Leotiomycetes,Helotiales,Helotiales_fam_Incertae_sedis,Helotiales_gen_Incertae_sedis,Helotiales_sp;sh__SH0013194.10FU,NA,NA,NA,NA,NA,NA,NA,NA,NA,NA,NA,NA,NA,NA,NA,NA,NA,NA,NA,NA,NA,NA,NA
Basidiomycota,Agaricomycetes,Agaricomycetes_ord_Incertae_sedis,Agaricomycetes_fam_Incertae_sedis,Agaricomycetes_gen_Incertae_sedis,Agaricomycetes_sp;sh__SH0089998.10FU,NA,NA,NA,NA,NA,NA,NA,NA,NA,NA,NA,NA,NA,NA,NA,NA,NA,NA,NA,NA,NA,NA,NA
Ascomycota,Leotiomycetes,Helotiales,Helotiales_fam_Incertae_sedis,Helotiales_gen_Incertae_sedis,Helotiales_sp;sh__SH0008400.10FU,NA,NA,NA,NA,NA,NA,NA,NA,NA,NA,NA,NA,NA,NA,NA,NA,NA,NA,NA,NA,NA,NA,NA
Ascomycota,Leotiomycetes,Helotiales,Dermateaceae,Xenochalara,Xenochalara_sp;sh__SH0188243.10FU,jrk09412,Ascomycota,Leotiomycetes,Helotiales,Hamatocanthoscyphaceae,,litter_saprotroph,,,,,leaf/fruit/seed,,non-aquatic,,,filamentous_mycelium,none,,,,,
Basidiomycota,Agaricomycetes,Sebacinales,Serendipitaceae,NA,NA,NA,NA,NA,NA,NA,NA,NA,NA,NA,NA,NA,NA,NA,NA,NA,NA,NA,NA,NA,NA,NA,NA,NA
Basidiomycota,Agaricomycetes,Auriculariales,Hyaloriaceae,Hyaloriaceae_gen_Incertae_sedis,Hyaloriaceae_sp;sh__SH0196216.10FU,NA,NA,NA,NA,NA,NA,NA,NA,NA,NA,NA,NA,NA,NA,NA,NA,NA,NA,NA,NA,NA,NA,NA
Basidiomycota,Agaricomycetes,Agaricales,Clavariaceae,Ramariopsis,Ramariopsis_sp;sh__SH0151555.10FU,jrk07435,Basidiomycota,Agaricomycetes,Agaricales,Clavariaceae,,soil_saprotroph,unspecified_symbiotroph,CHEGD_symbiotrophs,root-associated,root-associated,"roots,soil",,non-aquatic,,,filamentous_mycelium,clavarioid,smooth,,,,
Basidiomycota,Basidiomycota_cls_Incertae_sedis,Basidiomycota_ord_Incertae_sedis,Basidiomycota_fam_Incertae_sedis,Basidiomycota_gen_Incertae_sedis,Basidiomycota_sp;sh__SH0080812.10FU,NA,NA,NA,NA,NA,NA,NA,NA,NA,NA,NA,NA,NA,NA,NA,NA,NA,NA,NA,NA,NA,NA,NA
Basidiomycota,Agaricomycetes,Agaricales,Hydnangiaceae,Hydnangium,Hydnangium_kanuka;sh__SH0164638.10FU,jrk03976,Basidiomycota,Agaricomycetes,Agaricales,Hydnangiaceae,,ectomycorrhizal,,,,,,,non-aquatic,,,filamentous_mycelium,gasteroid-hypogeous,closed,short-distance_delicate,/laccaria,,
Basidiomycota,Tremellomycetes,Tremellales,Tremellales_fam_Incertae_sedis,Tremellales_gen_Incertae_sedis,Tremellales_sp;sh__SH0109101.10FU,NA,NA,NA,NA,NA,NA,NA,NA,NA,NA,NA,NA,NA,NA,NA,NA,NA,NA,NA,NA,NA,NA,NA
Ascomycota,Leotiomycetes,Helotiales,Dermateaceae,Xenochalara,Xenochalara_sp;sh__SH0188162.10FU,jrk09412,Ascomycota,Leotiomycetes,Helotiales,Hamatocanthoscyphaceae,,litter_saprotroph,,,,,leaf/fruit/seed,,non-aquatic,,,filamentous_mycelium,none,,,,,
Ascomycota,NA,NA,NA,NA,NA,NA,NA,NA,NA,NA,NA,NA,NA,NA,NA,NA,NA,NA,NA,NA,NA,NA,NA,NA,NA,NA,NA,NA
Ascomycota,Sordariomycetes,Hypocreales,Bionectriaceae,Nectriopsis,Nectriopsis_fuliginicola;sh__SH0141079.10FU,jrk05547,Ascomycota,Sordariomycetes,Hypocreales,Bionectriaceae,,lichen_parasite,protistan_parasite,,,,"fungal_material,algal_material",,non-aquatic,,,filamentous_mycelium,"perithecium_(hymenium_hidden,_narrow_opening)",closed,,,,
NA,NA,NA,NA,NA,NA,NA,NA,NA,NA,NA,NA,NA,NA,NA,NA,NA,NA,NA,NA,NA,NA,NA,NA,NA,NA,NA,NA,NA
Ascomycota,Leotiomycetes,Helotiales,Pezizellaceae,Xenopolyscytalum,Xenopolyscytalum_sp;sh__SH0188255.10FU,jrk09441,Ascomycota,Leotiomycetes,Helotiales,Hamatocanthoscyphaceae,,litter_saprotroph,foliar_endophyte,,foliar_endophyte,,leaf/fruit/seed,,non-aquatic,,,filamentous_mycelium,none,,,,,
Ascomycota,Eurotiomycetes,Chaetothyriales,Chaetothyriales_fam_Incertae_sedis,Chaetothyriales_gen_Incertae_sedis,Chaetothyriales_sp;sh__SH0062378.10FU,NA,NA,NA,NA,NA,NA,NA,NA,NA,NA,NA,NA,NA,NA,NA,NA,NA,NA,NA,NA,NA,NA,NA
Ascomycota,Leotiomycetes,Helotiales,Pezizellaceae,Xenopolyscytalum,Xenopolyscytalum_sp;sh__SH0188255.10FU,jrk09441,Ascomycota,Leotiomycetes,Helotiales,Hamatocanthoscyphaceae,,litter_saprotroph,foliar_endophyte,,foliar_endophyte,,leaf/fruit/seed,,non-aquatic,,,filamentous_mycelium,none,,,,,
Ascomycota,Dothideomycetes,Venturiales,Venturiaceae,Venturiaceae_gen_Incertae_sedis,Venturiaceae_sp;sh__SH0134237.10FU,NA,NA,NA,NA,NA,NA,NA,NA,NA,NA,NA,NA,NA,NA,NA,NA,NA,NA,NA,NA,NA,NA,NA
Ascomycota,Ascomycota_cls_Incertae_sedis,Ascomycota_ord_Incertae_sedis,Ascomycota_fam_Incertae_sedis,Ascomycota_gen_Incertae_sedis,Ascomycota_sp;sh__SH0089291.10FU,NA,NA,NA,NA,NA,NA,NA,NA,NA,NA,NA,NA,NA,NA,NA,NA,NA,NA,NA,NA,NA,NA,NA
Mortierellomycota,Mortierellomycetes,Mortierellales,Mortierellaceae,Mortierella,Mortierella_pulchella;sh__SH0089570.10FU,jrk05302,Mortierellomycota,Mortierellomycetes,Mortierellales,Mortierellaceae,,soil_saprotroph,root-associated,,root-associated,root-associated,"roots,soil",chitinolytic,partly_aquatic,opportunistic_human_parasite,,filamentous_mycelium,none,none,,,,
Ascomycota,Eurotiomycetes,Chaetothyriales,Chaetothyriales_fam_Incertae_sedis,Chaetothyriales_gen_Incertae_sedis,Chaetothyriales_sp;sh__SH0062378.10FU,NA,NA,NA,NA,NA,NA,NA,NA,NA,NA,NA,NA,NA,NA,NA,NA,NA,NA,NA,NA,NA,NA,NA
Basidiomycota,Agaricomycetes,Boletales,Boletaceae,Boletus,Boletus_edulis;sh__SH0177773.10FU,jrk01095,Basidiomycota,Agaricomycetes,Boletales,Boletaceae,,ectomycorrhizal,,,,,,,non-aquatic,,,filamentous_mycelium,agaricoid,poroid,long-distance,/boletus,,
Mortierellomycota,Mortierellomycetes,Mortierellales,Mortierellaceae,Mortierella,Mortierella_pulchella;sh__SH0089570.10FU,jrk05302,Mortierellomycota,Mortierellomycetes,Mortierellales,Mortierellaceae,,soil_saprotroph,root-associated,,root-associated,root-associated,"roots,soil",chitinolytic,partly_aquatic,opportunistic_human_parasite,,filamentous_mycelium,none,none,,,,
Ascomycota,Pezizomycotina_cls_Incertae_sedis,Pezizomycotina_ord_Incertae_sedis,Pezizomycotina_fam_Incertae_sedis,Pezizomycotina_gen_Incertae_sedis,Pezizomycotina_sp;sh__SH0131282.10FU,NA,NA,NA,NA,NA,NA,NA,NA,NA,NA,NA,NA,NA,NA,NA,NA,NA,NA,NA,NA,NA,NA,NA
Ascomycota,Leotiomycetes,Helotiales,Pezizellaceae,Zymochalara,Zymochalara_lygodii;sh__SH0146569.10FU,jrk09868,Ascomycota,Leotiomycetes,Helotiales,Pezizellaceae,,litter_saprotroph,,,,,leaf/fruit/seed,,non-aquatic,,ferns,filamentous_mycelium,none,,,,,
Basidiomycota,Agaricomycetes,Sebacinales,Serendipitaceae,Serendipita,Serendipita_sp;sh__SH0003279.10FU,jrk08004,Basidiomycota,Agaricomycetes,Sebacinales,Serendipitaceae,,root_endophyte,soil_saprotroph,ectomycorrhizal_1%_species/ericoid_mycorrhizal_many_species/orchid_mycorrhizal,root_endophyte,,soil,,non-aquatic,,,filamentous_mycelium,none,none,,,,
Ascomycota,Eurotiomycetes,Chaetothyriales,Chaetothyriales_fam_Incertae_sedis,Chaetothyriales_gen_Incertae_sedis,Chaetothyriales_sp;sh__SH0062142.10FU,NA,NA,NA,NA,NA,NA,NA,NA,NA,NA,NA,NA,NA,NA,NA,NA,NA,NA,NA,NA,NA,NA,NA
Basidiomycota,Agaricomycetes,Agaricomycetes_ord_Incertae_sedis,Agaricomycetes_fam_Incertae_sedis,Agaricomycetes_gen_Incertae_sedis,Agaricomycetes_sp;sh__SH0142780.10FU,NA,NA,NA,NA,NA,NA,NA,NA,NA,NA,NA,NA,NA,NA,NA,NA,NA,NA,NA,NA,NA,NA,NA
Chytridiomycota,Rhizophydiomycetes,Rhizophydiales,Rhizophydiales_fam_Incertae_sedis,Rhizophydiales_gen_Incertae_sedis,Rhizophydiales_sp,NA,NA,NA,NA,NA,NA,NA,NA,NA,NA,NA,NA,NA,NA,NA,NA,NA,NA,NA,NA,NA,NA,NA